0.85301,-0.90612,1.1071,1.394,-2.2208,-0.1862,-0.4271,0.42799,-0.82022,0.59893,-1.9227,-0.27902,-0.33749,-0.47553,0.23998,0.0033962
2.8271,-1.484,3.0785,-1.9169,0.43227,-0.34842,-0.31164,0.31344,0.62114,0.069946,-0.34497,-0.43452,0.060757,0.14363,-0.10573,-0.16377
-1.0094,0.3961,-2.919,-2.9737,-2.7765,0.65574,-1.743,2.3793,-3.1277,2.2493,1.0707,-0.066865,1.065,-1.0062,-0.37415,-0.39533
3.2126,1.6717,-4.9463,-0.47402,0.19599,-0.098524,-0.1437,-0.69791,0.84715,-1.9301,-0.77316,-1.0187,0.48454,0.50041,0.46065,-0.13991
3.1619,0.14357,-0.15033,2.7606,-0.00098407,-1.2745,-0.74359,-0.48906,-0.22366,0.32222,-0.25345,0.10773,-0.042638,-0.1863,0.43475,-0.12714
-0.37534,-1.9403,1.0782,1.145,-2.2933,-0.06206,0.10103,0.74395,-0.2889,0.93347,-2.0236,-0.27278,-0.27044,-0.056451,-0.22853,-0.13302
-2.2184,0.89726,-1.4791,-3.0027,-2.5463,-2.0499,-0.71782,1.4925,-2.4431,-0.4482,0.0055865,0.57332,-1.6022,1.9787,0.18874,-0.97016
3.4267,0.29658,-0.46664,3.2407,0.22645,-1.5453,-0.74397,-0.60921,-0.13279,0.35953,0.087269,-0.1941,-0.22269,-0.51877,-0.0016738,-0.56194
1.4793,-0.813,0.97911,0.8643,-1.9326,-0.74129,-0.34347,0.33363,0.83716,1.2048,-1.0701,-0.54795,-0.023476,-0.02355,0.36365,0.079551
-2.6339,5.5075,1.792,0.92701,1.1653,0.20539,1.6061,-0.21783,-1.9809,-0.92793,-1.1405,1.3797,0.15151,-0.061566,0.43469,-0.39154
3.7975,-0.2987,0.98643,0.41395,2.0561,1.6998,-0.95225,1.6825,-1.9141,1.2167,0.51911,0.8271,-1.0556,-1.0753,-1.2458,-0.49072
0.67781,2.0563,3.6006,-2.0156,2.1443,2.7304,0.83017,1.1878,0.87386,2.7788,1.0231,-0.11436,0.52471,-1.6185,-0.35749,1.4073
-0.21671,0.82772,-3.1781,-1.2295,-3.569,-2.624,1.1466,1.2749,-1.1271,0.50984,-0.60377,0.3846,-0.19837,-0.27621,0.10797,0.15026
-5.2218,4.2461,1.669,-0.28543,0.018566,-0.25452,-1.1155,0.85855,-0.31331,-0.27345,0.57024,-1.7473,0.13838,-1.1343,0.16684,0.39849
-1.678,0.86969,-3.7583,-0.94166,-3.1354,-3.3679,-1.1624,2.0596,-1.1673,0.26172,0.92042,-0.54977,-0.82686,0.50828,0.96182,0.67473
2.7003,-0.096036,0.11424,2.5084,-0.41221,-0.97274,-0.69397,-0.38436,-0.49691,0.30437,-0.64455,0.011803,-0.16651,-0.34895,0.48064,-0.055131
1.1465,-0.84384,1.0564,1.4089,-1.9019,-0.15076,-0.48042,0.22446,-0.89955,0.4697,-1.8331,-0.1515,-0.28244,-0.40319,0.58958,0.23808
3.6292,0.4956,0.84922,0.9263,2.1587,1.301,-0.82114,1.8812,-1.5126,1.3357,0.88031,0.72421,-1.1343,-1.7055,-1.1787,-0.65012
0.94794,-0.29589,1.0028,2.2254,-1.7011,0.22153,-0.48059,-0.24183,-2.1154,0.16561,-2.1722,0.11052,-0.32823,-0.50568,0.66839,0.03577
2.7152,-1.3211,3.0676,-1.7394,0.40734,-0.35144,-0.31232,0.314,0.49978,0.024469,-0.34217,-0.42664,-0.094536,0.15676,-0.29907,-0.38045
0.93898,1.2092,3.7552,-1.9627,1.8139,1.4155,0.82915,0.4575,1.1839,1.5926,0.63832,-0.3623,0.70375,-1.047,-0.17218,1.153
-1.3957,0.062242,-0.69732,0.922,-1.7423,-0.12498,-2.1694,0.12478,-2.9527,-0.54812,-1.0169,-0.57981,1.952,-0.78945,0.71951,-1.1308
-1.0003,-0.50563,-0.23017,-0.016063,-2.7745,-0.030932,0.66213,0.15593,-1.018,0.60811,-2.1591,-0.71685,0.17648,-0.64944,-0.19493,-0.88976
-5.1004,4.343,0.95865,0.68628,-0.96071,0.023826,-0.32631,0.23443,-0.17194,0.62617,-0.07391,-1.026,2.7497,-1.0176,0.10225,0.27744
-1.0003,-0.22888,-0.2864,-0.20914,-1.8905,-0.46832,-1.0782,0.5205,-1.0619,0.096221,-0.88882,-0.8592,1.4491,-0.52053,0.2617,-0.90144
0.81197,-1.4424,1.7299,1.4693,-4.4886,1.6901,0.43327,-0.25782,-0.040683,-0.79656,0.77801,0.17655,-0.13647,-0.19081,0.090101,-0.098171
2.7305,-1.4544,3.0997,-1.9044,0.33143,-0.36248,-0.28284,0.36829,0.67593,0.10987,-0.32677,-0.48216,0.013592,0.1584,-0.23901,-0.28019
1.2935,-0.82173,0.97584,0.79094,-2.0433,-0.44391,-0.40701,0.48468,0.69057,1.3922,-1.1618,-0.40427,-0.17943,-0.12213,0.25537,0.045766
3.3825,1.7025,-4.9357,-0.38929,0.41016,-0.091005,-0.1771,-0.85837,0.59684,-2.0337,-0.73137,-0.87557,0.49756,0.30154,0.94981,-0.2961
0.71524,-1.032,1.2476,0.90524,-2.5531,-0.33937,-0.27866,0.6657,0.021781,1.0328,-1.7465,-0.57699,-0.19449,-0.21151,0.068291,-0.008541
2.4848,1.0795,-4.2367,-2.3318,-0.96463,-0.405,-0.069241,-0.60055,3.1873,-0.63367,-0.6035,-1.1058,0.64778,0.27931,1.2101,-0.63381
0.10395,6.025,1.5771,0.11925,4.0541,-0.80912,1.8794,-0.76076,0.52715,-1.1251,1.4051,-0.043978,-0.57226,0.23323,0.50497,0.19736
2.9516,-1.0855,2.5516,-0.49342,0.8578,-0.36434,-0.50693,0.15311,-0.80826,-0.60456,-0.48206,-0.20457,-0.34613,-0.44302,-0.78492,-0.70479
3.474,0.29897,-0.47682,3.1599,0.26388,-1.4776,-0.7398,-0.60277,-0.060987,0.3269,0.070749,-0.21377,-0.17313,-0.26915,-0.094229,-0.22061
3.1211,-0.82488,2.1498,0.43631,1.1972,-0.43918,-0.63581,0.075521,-1.6422,-1.0344,-0.52956,-0.033531,-0.57323,-0.82549,-1.0948,-0.94818
2.9067,-1.4423,3.0317,-1.8104,0.55821,-0.32641,-0.36538,0.21612,0.45766,-0.036127,-0.35826,-0.33259,0.029439,0.079526,-0.021639,-0.13904
-2.3485,0.93406,-2.5729,-1.9832,-3.2967,-2.1358,-1.87,0.94944,-2.2894,0.10813,0.79507,-1.2167,-0.5694,0.94135,0.63838,-0.66648
0.8982,-1.2523,1.475,2.1109,-4.1635,1.6893,0.31851,-0.26031,-0.88484,-1.1815,0.5135,0.42297,-0.29113,-0.48412,0.30151,-0.053835
0.68634,0.40347,-2.1533,-1.9455,-1.7578,-1.7287,0.92192,0.42945,-3.1915,-0.93305,-0.64669,0.37096,-0.64846,-1.0646,0.0050314,-0.029476
2.7558,-1.0636,2.9153,-2.1916,0.59565,0.70368,-0.36837,0.93229,0.6414,1.2041,0.098545,-0.19014,-0.16628,-0.054614,-0.29652,-0.17071
2.8748,-0.0085252,-0.37419,1.7507,-0.039611,1.6616,-0.92482,1.1623,-1.1628,2.658,-0.027213,0.87815,-0.50383,-0.7001,0.82289,0.13107
-1.0223,1.3958,-1.2486,-2.85,-2.9336,-1.9207,1.0958,1.4486,-2.2362,-0.24396,-1.0125,1.5243,-1.2376,1.8984,-0.20833,-1.422
2.7857,-1.4165,2.9677,-1.6231,0.44788,-0.3769,-0.35378,0.31532,0.37203,-0.02896,-0.38974,-0.41208,-0.0474,-0.016883,-0.36297,-0.3418
3.0049,-1.276,2.7939,-1.2632,0.7892,-0.3144,-0.47851,0.1109,-0.092987,-0.34152,-0.42956,-0.18959,-0.12799,-0.095046,-0.28508,-0.18524
2.7339,-1.1612,2.8571,-2.1434,0.53828,0.67415,-0.37673,1.0278,0.59333,1.1951,0.020228,-0.18529,-0.12138,-0.17456,-0.32109,-0.108
1.2604,-0.64822,0.8653,2.2151,-1.55,0.0085895,-0.57836,0.10772,-2.1676,-0.083007,-2.0673,0.13,-0.40677,-0.70255,0.67881,0.028129
-3.5101,3.9002,1.9982,-0.28545,-0.38217,0.30243,2.2564,0.50644,-0.10345,0.12978,-1.2273,-0.8444,0.60736,-2.0711,-0.56465,0.74814
3.5146,0.29667,-0.46202,3.1333,0.30558,-1.468,-0.7419,-0.63456,-0.071706,0.31687,0.08263,-0.18864,-0.15476,-0.27076,0.024288,-0.20346
-1.4782,-0.3812,-0.36031,0.31542,0.31136,0.12961,-0.65651,-0.67101,-2.0155,-0.53079,-0.38304,-0.34774,1.6459,-0.51087,1.552,-0.088855
1.1355,-0.91411,1.0949,0.85315,-2.2143,-0.57606,-0.33432,0.45784,0.54048,1.1455,-1.3627,-0.54252,-0.11634,-0.12603,0.21758,0.048227
1.641,-0.73171,0.88875,1.1182,-1.6835,-0.66094,-0.40339,0.19016,0.41735,0.96918,-1.1103,-0.42715,-0.06208,-0.090109,0.50253,0.16123
0.16301,-1.6643,1.6097,1.6529,-4.7711,1.6091,0.60796,0.22194,-0.031138,-0.71652,0.44077,0.18814,-0.29574,-0.32604,-0.094289,-0.080369
0.33259,-0.85524,1.0555,0.81997,-2.1741,-0.76223,-1.9842,0.96188,0.1973,0.89082,-0.58911,-0.83672,1.1627,-0.0076504,0.30468,-0.20438
3.5685,0.49618,-0.97684,3.5713,0.2896,-1.0899,-0.84703,-0.76723,-0.2062,0.081982,-0.19599,-0.33539,-0.06363,0.90658,-1.2876,1.3933
1.1738,-0.54768,0.892,2.2796,-1.5647,-0.010831,-0.65707,0.24697,-2.3824,-0.18881,-2.2199,0.59015,-0.24298,-0.47189,0.75435,0.030682
-1.8518,2.9437,1.3151,-0.17767,0.29805,0.83446,1.8618,-1.6517,-0.62193,0.40283,-0.87846,-0.82352,1.4937,-1.5966,0.59221,0.94791
2.9054,-0.82121,2.4581,-2.3171,0.92247,2.0566,-0.51484,1.8299,0.29884,2.5412,0.55414,0.21145,-0.34628,-0.50693,-0.44773,-0.051175
1.1338,-1.2413,1.6305,0.28084,-2.1282,0.035267,-0.3737,-0.058564,-0.11074,1.0444,-1.62,-0.61168,0.11328,0.099443,0.10229,-0.00056413
2.6895,-1.0462,2.6423,-2.1049,0.58089,1.2423,-0.42243,1.5116,0.3683,1.722,0.1479,-0.0040307,-0.28899,-0.36375,-0.40906,-0.10871
3.3771,0.31744,-0.64483,3.4534,-0.018057,-1.4495,-0.76154,-0.87489,-0.13326,0.52597,0.071002,-0.23324,-0.11742,-0.43493,0.091783,-0.54056
0.28039,-0.16354,-0.47923,-0.2836,-1.5958,-0.79612,0.64687,-0.003285,0.36938,0.73885,-0.97647,-0.67342,0.40697,-0.33874,0.19442,-0.7823
0.53009,-1.4917,1.7385,1.442,-4.7648,1.6353,0.47818,0.018525,0.057238,-0.69953,0.60866,0.11126,-0.19507,-0.25394,-0.013099,-0.073126
2.1665,-0.23733,3.6586,-2.0495,0.51318,-0.12766,-0.031546,0.13358,0.95541,0.26328,-0.17599,-0.78963,0.15921,-0.13162,-0.274,0.15214
-2.8237,2.4271,1.8718,0.12764,0.073152,2.6265,-3.4404,1.3552,-0.83745,2.9244,1.4253,-0.121,1.4248,-0.2795,0.84535,0.92369
1.8966,-1.1731,1.6094,0.21989,-1.3262,0.095802,-0.50316,-0.77023,-0.23713,0.92222,-1.2335,-0.47304,0.3598,0.26738,0.45656,-0.0082746
-1.2329,-1.1845,-1.1072,4.5907,1.4976,-1.0438,1.5584,0.50746,0.12928,0.15884,-0.32069,1.5444,0.63239,-0.4662,1.5564,0.99413
1.2562,0.51231,-2.8631,-2.1957,-0.5243,-0.26506,-1.4397,-0.93717,-3.869,0.60755,1.4728,-0.29621,0.68412,-0.47555,-0.47087,-0.75893
1.935,-0.069721,-0.69225,3.1294,0.65394,-1.7419,-2.9587,-0.35916,-0.56611,0.092204,1.4768,-1.8258,-1.0836,-0.13848,0.70235,-0.078247
0.035226,0.98166,-3.6058,-0.81673,-3.418,-2.9833,1.2214,1.4137,-0.67004,0.55682,-0.22114,-0.036211,-0.48225,-0.62194,0.23941,0.24679
1.0795,-1.1159,1.3363,2.4138,-3.7874,1.6565,0.19873,-0.39021,-1.3822,-1.3541,0.35764,0.58914,-0.31221,-0.56692,0.45784,-0.047552
0.0061391,4.7552,4.0463,0.92994,2.9636,0.31798,0.88242,-1.0456,-0.82848,-0.70811,0.34918,-0.16973,-1.0694,-0.26176,-0.78432,-0.50386
-1.3086,-1.2129,0.87091,1.408,-2.2666,-0.36702,-3.4781,1.1513,-1.5383,0.24353,-0.52466,-1.4556,0.69879,-0.22429,0.67995,0.01458
3.0522,-0.18438,0.11234,2.6948,-0.19946,-0.64642,-0.84929,-1.4336,-1.0074,0.47205,-0.50509,-0.32483,0.05015,-0.32234,-0.28691,-0.79769
0.44154,0.10059,-1.8421,-3.0806,-2.4118,-2.0182,1.2004,0.77491,-1.4943,-0.070174,-0.32123,-0.20375,-0.46682,-0.63038,-0.39691,-0.059354
0.78445,-0.78471,0.94532,2.0511,-2.1821,0.20853,-0.52363,0.07065,-2.0392,0.24495,-2.339,-0.034055,-0.3802,-0.54246,0.65926,0.035079
0.33896,-0.70094,0.97699,0.70488,-1.9296,-0.99226,-2.859,1.0117,0.38461,0.85702,0.10302,-1.108,1.8327,0.07367,0.49791,-0.26816
2.5069,-0.86304,0.31905,2.3666,-0.14653,-0.092581,-0.71945,-1.8904,-1.4093,0.51693,-0.79222,-0.26788,0.22781,-0.10476,-0.34825,-0.77591
3.4916,0.28563,-0.44591,3.1205,0.27594,-1.4885,-0.73563,-0.6255,-0.049908,0.3472,0.090987,-0.19508,-0.15953,-0.32383,0.05332,-0.28982
-2.3873,0.14425,-0.35531,0.36358,-1.9155,-0.13749,-2.1952,0.30432,-2.2216,-0.167,-0.6573,-1.5853,0.97601,-0.66668,0.59119,-0.67934
3.5468,0.28762,-0.44078,3.0789,0.33192,-1.4555,-0.7395,-0.6558,-0.046027,0.32005,0.094019,-0.17463,-0.12942,-0.24291,0.12361,-0.15599
-5.5625,4.3022,2.9362,-1.6713,0.83244,0.12113,-0.95257,0.49948,-0.28601,-0.89428,0.21935,-0.94043,-2.4482,-0.72412,-0.29623,-0.064669
-1.8024,0.9015,-2.5213,-2.1182,-2.4692,-2.9899,-1.3717,2.3664,-1.7247,-0.49221,1.0161,-0.62727,-1.0789,0.47272,0.44289,-0.17569
1.0241,-1.2375,1.5333,1.8659,-3.9743,1.6019,0.27413,-0.41303,-0.65844,-0.96163,0.53241,0.31202,-0.19185,-0.34039,0.24538,-0.094723
3.5218,0.26809,-0.44369,3.0932,0.33286,-1.4678,-0.73047,-0.65481,-0.048851,0.33066,0.10052,-0.16969,-0.13563,-0.27978,0.13764,-0.22162
-0.99019,-1.017,-0.30866,-0.20905,-2.103,0.0088075,0.8417,-0.2227,-0.68366,0.69863,-1.8218,-0.61719,0.39671,-0.32956,-0.16721,-0.93768
-1.737,-2.4207,-2.1453,1.99,3.0152,0.20832,1.1346,-2.3771,-1.2761,-0.31509,0.34114,0.40752,1.9977,0.60165,-1.0547,-0.56659
0.52096,-1.3161,1.5184,2.0976,-4.5971,1.7076,0.42641,0.072269,-0.73385,-1.1534,0.43666,0.39711,-0.39942,-0.51114,0.20717,-0.042541
-2.4112,-0.22422,-0.9645,0.40505,-2.2049,-1.1077,-2.3967,1.343,-0.79833,0.16008,-0.045593,-1.8289,0.69523,-0.54542,0.49103,-0.70473
1.0685,-0.92883,1.0846,0.90639,-2.2276,-0.58636,-0.28417,0.5686,0.48582,1.1358,-1.3867,-0.50618,-0.063289,-0.039141,0.23375,0.033727
-1.4868,5.2767,1.5383,0.68756,1.5828,0.96398,1.518,-3.4044,-1.334,0.28428,-0.091408,-0.69213,0.12686,0.205,-0.27999,-1.2597
2.2906,0.95445,-1.9405,2.0592,0.61631,-1.6265,0.22799,-1.0002,-0.50722,-0.089599,0.23345,-0.30393,0.20897,-0.83656,-0.12355,-1.3949
-0.55423,0.30714,1.9699,0.89279,-2.901,-0.093849,-0.30969,0.88236,-0.67851,0.8924,-2.256,0.61794,-1.49,2.2195,0.25166,-1.6002
2.6862,1.4339,-4.068,-0.014826,-0.58663,-2.7937,0.63206,-1.2805,-1.9194,-0.11752,1.1023,-0.01524,-0.10382,-0.65015,-0.15946,-0.52379
-2.6038,5.3751,1.1425,0.74106,3.014,-0.26289,-1.0155,-2.0535,-1.0081,-0.73156,1.9057,-1.5502,-1.4016,-0.14261,0.11316,-0.75165
3.6287,0.95647,1.0439,1.7448,2.009,-1.6789,-0.4688,0.90646,0.016542,-1.0624,0.4557,-0.013738,-0.73744,-0.68175,-0.7874,0.43085
0.33809,0.10616,-1.0413,0.095505,-1.0897,1.2227,0.32901,0.87179,-1.4383,1.6821,-0.94172,0.16612,-0.16818,-0.89582,0.12036,-0.7615
0.79315,-0.99193,1.1987,1.0368,-2.4372,-0.31617,-0.3054,0.59643,-0.16522,0.93192,-1.752,-0.53281,-0.22097,-0.26879,0.12444,-0.0073859
2.8601,-1.0446,2.6998,-2.2551,0.75495,1.2728,-0.42301,1.2961,0.51067,1.767,0.31844,-0.024126,-0.21859,-0.22328,-0.35186,-0.13197
3.5124,0.26707,-0.41015,3.0442,0.28641,-1.488,-0.73228,-0.64833,0.00044152,0.37169,0.10879,-0.17727,-0.13573,-0.32992,0.18925,-0.28945
-2.6595,4.3654,0.89986,1.5699,0.14467,0.95122,1.7927,-1.6334,-1.9986,-0.048844,-1.4496,-0.3469,1.0956,-2.0242,0.60591,0.92452
2.4481,-0.90462,3.3718,-2.074,0.37201,-0.31195,-0.24922,0.24971,0.84792,0.21264,-0.28724,-0.41569,-0.3471,0.71684,-0.12529,-0.55944
-0.43339,-0.41319,-0.11622,1.2563,-3.6971,1.5246,1.2402,-0.49679,-1.7584,-1.7315,0.26054,0.51522,0.031868,-0.83759,0.26903,-1.0143
0.69876,-1.4858,1.7493,1.2701,-4.4984,1.5394,0.40678,-0.13508,0.14288,-0.52956,0.5572,0.044244,-0.098724,-0.15883,0.029079,-0.071937
1.7804,-0.19373,0.29564,1.5254,0.13289,1.1886,-3.651,0.30664,-2.4791,1.3682,0.72728,0.10286,1.6871,-0.40868,-0.30349,-1.0662
3.3994,0.30129,-0.59886,3.4881,-0.068342,-1.4149,-0.74504,-0.88231,-0.13222,0.47939,0.13984,-0.22698,-0.12456,-0.45,-0.024952,-0.69024
-6.9878,4.7439,1.5591,-0.57417,-0.91754,0.074841,-3.7901,-0.98071,0.077318,0.10459,-0.09753,1.6371,0.43888,0.084656,-0.13588,-0.15949
2.4058,0.86111,-1.7828,1.5744,0.68041,-1.5632,0.20696,-1.1359,-0.12317,0.0056503,0.2848,-0.1853,0.33701,-0.64677,0.38993,-1.0261
1.0325,-0.599,1.7177,0.51989,-1.8648,0.023629,-0.48545,-0.014441,-0.59012,0.75757,-1.7482,0.2965,-0.12029,1.0383,0.74308,-0.29692
3.4193,0.28024,-0.44329,3.1822,0.20392,-1.5457,-0.73031,-0.59518,-0.071251,0.39083,0.095714,-0.21175,-0.20353,-0.48972,0.023348,-0.54423
3.0696,-0.91212,2.2726,0.18038,1.1052,-0.39193,-0.60681,0.075835,-1.4667,-0.93122,-0.5373,-0.078799,-0.50774,-0.73184,-1.0285,-0.88997
0.4326,0.66655,-3.6191,-0.97533,-2.1518,1.3325,0.022403,0.14778,-1.7341,-2.2357,-3.17,-0.76091,-0.0091415,-0.66383,0.88905,-0.9052
2.8023,-0.30963,2.5136,0.14217,1.1812,-0.3242,-0.56855,-0.052149,-1.4349,-0.90121,-0.48467,-0.0044886,-0.90161,-0.18722,-0.95478,-1.2254
-5.1466,-2.376,0.43162,-0.68835,1.8064,-0.3459,0.42622,2.1901,-0.65778,-1.1498,0.21603,0.036525,2.089,-0.825,-0.83855,-0.95121
-0.63626,4.3615,2.6715,-1.1815,3.1505,0.51955,1.5977,-1.5691,-1.0512,-1.1534,0.22507,-0.15636,-0.36335,-0.00025296,-0.62839,-0.65304
-0.84048,-0.97279,1.1356,1.1942,-2.9692,-0.16342,-2.9104,1.0134,-1.3249,0.5812,-1.1291,-1.0362,1.5791,-0.31336,0.24506,-0.34835
2.9859,-1.0901,2.4717,-0.5866,0.90415,-0.17187,-0.55942,0.25415,-0.78048,-0.36446,-0.43978,-0.095809,-0.38941,-0.54151,-0.79665,-0.67011
1.0262,-0.84734,0.95867,1.1943,-2.07,0.039637,-0.45767,0.64503,-0.49253,1.0381,-1.6469,-0.14694,-0.3041,-0.33015,0.26309,0.17545
-0.51959,-0.039286,-2.1897,-2.3206,-3.7546,-1.3194,1.1119,0.16331,-2.2971,0.42833,-1.1796,-0.39417,-0.22388,-0.51745,-0.28169,-0.015875
2.7111,1.4226,-4.1656,-0.052545,-0.72557,-2.6789,0.61901,-1.521,-1.7648,0.063729,1.0731,-0.049294,0.066326,-0.37416,0.056398,-0.21824
3.4208,0.28563,-0.45155,3.2005,0.21134,-1.5458,-0.73763,-0.60269,-0.08949,0.3801,0.091953,-0.20195,-0.21213,-0.50221,0.014086,-0.54925
3.1748,-0.74703,1.998,0.51013,1.2836,-0.38383,-0.69895,0.13303,-1.6285,-0.91575,-0.49513,0.10795,-0.67301,-0.97603,-1.1241,-0.94202
1.2421,0.68439,1.0658,1.9463,-0.10781,-0.12505,-3.2773,-1.4763,-1.9197,0.13556,0.42483,-1.0428,1.8868,-0.10756,-0.32667,-1.1703
1.4791,-0.092135,-0.83826,0.87426,0.026213,0.016218,0.1265,-2.3758,-2.0173,0.035174,-0.81105,-0.45979,0.6757,-0.46205,-0.50928,-1.6165
4.3075,0.49025,-0.1913,1.6519,2.4005,0.49729,-0.86645,2.5567,-0.69592,1.2482,1.277,0.90765,-1.3325,-1.0892,-1.151,-0.056426
3.7299,1.8146,-5.145,-0.5836,0.77982,0.3612,-0.23127,-0.89104,0.72576,-2.432,-0.89617,-0.90653,0.70949,1.8015,0.14808,1.884
3.1632,-0.73566,0.66636,0.087212,0.1991,2.545,-1.0057,-0.15226,-1.1565,3.0155,0.03699,0.44902,0.058845,-0.15075,0.37732,-0.13058
-0.94976,1.3867,-0.16864,0.88948,-1.6776,0.018925,0.24599,-0.1403,-2.4865,-0.28874,-2.325,1.5611,-0.51648,2.2192,0.55523,-1.6968
2.8011,-1.3267,2.9229,-1.4572,0.49817,-0.37365,-0.34949,0.30943,0.22774,-0.10967,-0.36635,-0.39639,-0.10334,-0.02191,-0.40295,-0.41381
0.034769,1.0646,-1.6719,-3.2488,-2.3029,-2.3115,0.73792,0.60594,-1.0678,-0.068693,-0.38572,1.4861,-0.98744,0.82873,-0.21908,-0.74479
0.9491,-1.5169,1.845,1.1195,-4.4396,1.6786,0.44729,-0.40247,0.34619,-0.60806,0.94828,0.082923,0.0093857,-0.0076223,0.10286,-0.085881
3.4207,0.28296,-0.44707,3.1922,0.20771,-1.5455,-0.73196,-0.59686,-0.082128,0.38567,0.094566,-0.20982,-0.20615,-0.49384,0.019364,-0.54742
1.0363,-0.91318,1.1227,1.1013,-2.1799,-0.32895,-0.3466,0.4637,-0.20383,0.83898,-1.6534,-0.43572,-0.16893,-0.18367,0.30663,0.1459
3.5453,0.29092,-0.45323,3.0667,0.32983,-1.4377,-0.74367,-0.64768,-0.020283,0.3096,0.081324,-0.18197,-0.12651,-0.16867,0.042206,-0.051083
0.39591,0.29547,-1.9884,-1.9444,-1.9685,-1.473,0.97258,0.5596,-3.7144,-1.0771,-0.98324,0.38519,-0.67257,-1.1012,0.095128,0.011663
0.59694,-0.21683,-1.8196,-3.9959,-2.4426,-1.3357,0.15466,-1.8379,-0.72009,0.56323,-0.47072,0.71525,-0.28989,-0.74023,-0.28566,0.24554
0.034554,-1.0314,1.4879,0.89723,-2.9608,-0.21847,-0.38438,1.1644,-0.5822,0.84483,-2.365,0.34813,0.08612,0.24882,-0.13032,-0.12348
3.5863,0.46131,-0.78773,3.4079,0.44914,-1.1986,-0.81137,-0.53569,-0.21835,-0.048692,-0.12643,-0.28804,-0.1738,0.67513,-1.261,1.1471
0.61644,-1.4078,1.6185,1.6301,-4.4259,1.5428,0.37212,-0.043739,-0.28998,-0.73859,0.39035,0.22895,-0.19105,-0.28193,0.07992,-0.073062
0.55957,0.69576,-3.697,-1.1161,-2.1267,1.1205,0.018552,0.11293,-1.1869,-2.0386,-2.9349,-0.83132,-0.014853,-0.62719,0.72432,-0.95217
1.4999,0.88121,-3.1195,-0.84759,-1.4128,-2.0019,0.75236,-0.59846,-2.9883,-0.51521,-0.062567,0.28123,-0.24752,-0.74835,0.18142,-0.18778
-1.599,-1.5863,-1.4332,1.7509,2.6999,0.42025,2.1701,-2.875,-1.152,0.13534,-0.010426,0.43667,1.7852,-0.32697,-0.25631,-0.84505
0.87675,2.267,3.4235,0.54683,2.4426,0.20838,0.63992,-0.68171,-0.91757,-0.73212,0.038274,-0.15654,-0.2131,-1.0062,-0.83583,-0.050252
-1.8729,-0.43599,-0.75417,0.63822,-1.5856,-0.35818,-1.7913,0.42025,-2.2386,-0.34679,-0.71906,-1.3903,0.25775,-0.65265,0.78315,-0.61501
1.0839,-1.2974,2.782,-1.7821,2.077,1.152,0.89066,0.73688,1.1394,1.4672,0.62979,0.28128,0.76156,-0.40278,0.010441,0.68443
-0.86856,-0.035359,-0.71279,-0.22308,-2.3882,1.4645,0.37972,1.2584,-1.3851,2.1607,-1.6309,0.34397,-0.11202,-0.42389,-0.27505,-1.1149
3.1435,0.17633,-0.21384,2.8693,-0.0073998,-1.2528,-0.73992,-0.43897,-0.29339,0.27071,-0.28671,0.058737,-0.061263,-0.086949,0.17208,-0.020556
-0.91876,-0.47889,-0.25696,-0.023379,-2.7283,-0.044554,0.63654,0.058729,-0.96111,0.65364,-2.1073,-0.66434,0.26143,-0.55464,-0.1502,-0.88823
-1.2469,0.93677,-3.6017,-1.0469,-3.2711,-3.1766,-1.0872,1.8675,-1.1691,0.24561,0.81208,-0.52418,0.2878,-0.13366,0.56861,0.24254
3.8184,0.58402,-1.1988,3.087,0.78187,0.25072,-0.99796,0.38312,-0.50463,1.6892,0.56265,0.30642,-0.49291,-0.1163,-0.82348,0.46781
-2.8421,3.5277,0.89391,1.1656,-0.41758,0.96528,1.867,-1.2728,-1.7009,0.14588,-1.6134,-0.70377,1.134,-2.2764,0.45896,1.02
2.7047,0.37682,-0.46939,3.0993,0.25484,-1.7211,-2.4458,-0.21077,-0.3758,0.13605,0.88899,-0.53604,1.0166,-0.47091,0.10338,-0.77797
0.52331,0.30607,-2.0287,-2.0541,-1.9081,-1.5847,0.97574,0.47219,-3.5157,-1.0061,-0.86633,0.36289,-0.71957,-1.1082,-0.073181,-0.069511
-0.21074,0.81217,-3.1395,-0.94033,-2.1847,-1.7777,-1.8181,-0.28737,-3.8309,-0.60729,0.53829,-0.28249,1.7119,-0.59822,0.61064,-0.34979
-1.4191,-0.20078,-0.39948,0.14103,-1.9385,-0.20661,-2.0491,0.14277,-2.0058,-0.089739,-0.74608,-1.0152,2.1034,-0.61532,0.27626,-1.2498
2.9306,-1.1492,2.5978,-0.66508,0.8072,-0.38203,-0.50525,0.16904,-0.62478,-0.51123,-0.49048,-0.22026,-0.30239,-0.41263,-0.72918,-0.63589
3.1838,-0.8872,2.255,0.15531,1.2474,-0.37007,-0.63763,0.0029259,-1.4961,-0.98447,-0.54157,-0.0082801,-0.47799,-0.66267,-0.85271,-0.71037
-1.3229,-1.1598,0.59119,2.882,0.96804,0.65897,1.1501,-1.4283,-1.2506,0.41205,-1.0641,0.70893,0.82777,-0.089707,0.75254,0.46069
-5.8189,-3.7197,-1.6229,0.68808,0.49971,0.13291,0.075664,-0.63173,-0.15897,0.46822,-0.22033,-0.2894,0.089348,0.10215,0.29724,-0.041438
0.34626,-0.41743,-1.2237,-4.6904,-1.1286,-1.6626,-1.3817,-0.50385,-1.4488,-0.010403,1.6819,-1.5128,0.92457,0.44797,0.33674,-0.010994
1.1886,-0.030323,3.7444,-1.8195,1.3038,0.037298,0.78009,-0.051501,1.3143,0.35678,0.054422,-0.51372,0.81289,-0.451,0.0044214,0.7897
0.75431,-0.899,1.1235,0.81926,-2.261,-0.60048,-1.042,0.67939,0.30617,1.0205,-1.0913,-0.71117,0.41507,-0.11446,0.23983,-0.062444
-0.081945,5.2567,2.3513,-2.0291,4.2191,3.0577,1.4868,-0.44739,-1.2951,1.2899,1.4045,0.67833,-0.60339,-0.20772,0.56414,-0.36229
-0.02263,-0.11772,1.9336,0.64471,-2.5963,0.066347,-0.2338,0.32621,-0.44054,1.0023,-1.9212,-0.23821,-1.4353,1.5419,0.25698,-1.3213
3.925,-0.74337,2.171,-0.26073,1.8297,-0.64301,-0.53946,-0.0076064,-0.63034,-0.9049,-0.03602,0.24444,-0.14852,-0.26027,0.94625,0.13844
-0.74143,2.7553,3.0918,-2.9831,2.0111,0.30869,1.9987,-0.8606,1.011,0.0017254,0.37851,-1.0226,1.0982,-0.95612,-0.26583,0.23111
3.4031,1.3649,-4.1577,-2.0172,0.20949,-0.35795,0.50868,0.29332,-1.201,2.5192,2.2758,0.83405,-0.14335,-0.51382,1.0444,0.27768
0.3012,-1.0939,1.1613,1.3468,-2.9704,0.10364,-0.36123,0.37089,-0.91514,0.93113,-2.3029,-0.49573,-0.22476,-0.34251,0.13363,-0.010392
0.16471,-1.1932,1.4245,0.95421,-2.9832,-0.037247,-0.26182,0.84903,-0.58779,0.88472,-2.2469,-0.5858,-0.37102,-0.42225,-0.15841,-0.066027
2.4673,0.84767,-1.3145,2.7675,0.67708,0.54508,-3.6538,1.9223,-1.1579,2.1901,1.8417,0.6939,1.3276,-0.42934,0.12931,-0.40512
3.0098,-1.3371,2.5774,-2.261,0.69899,1.2023,-0.48376,1.3625,0.47522,1.7601,0.26291,0.027807,-0.23408,-0.14886,-0.31379,-0.23052
2.6066,-1.4579,3.1378,-1.9824,0.21969,-0.38105,-0.26261,0.47768,0.76809,0.17019,-0.39524,-0.48156,-0.005291,0.195,-0.20506,-0.24726
-0.6467,0.93229,-1.3931,-2.9456,-2.7683,-1.847,1.0264,1.1282,-2.3353,-0.34087,-1.0091,1.2722,-1.026,0.99311,-0.3473,-0.98707
0.44279,0.27569,-1.9835,-2.0471,-1.9657,-1.5104,0.99235,0.50905,-3.6731,-1.0497,-0.96151,0.36022,-0.72809,-1.1216,-0.048985,-0.060107
-0.71683,-0.55283,0.25907,2.3063,-1.7881,-0.91595,-3.6501,1.3728,-1.5657,-0.054853,-0.1728,-1.1336,0.57706,-0.37635,1.1901,0.13337
3.4208,0.28563,-0.45155,3.2005,0.21134,-1.5458,-0.73763,-0.60269,-0.08949,0.3801,0.091953,-0.20195,-0.21213,-0.50221,0.014086,-0.54925
-4.4555,2.7986,0.66575,0.56426,-0.91093,0.40921,-1.6871,-0.2068,-1.7546,0.00037844,-0.050605,-1.857,2.536,-1.7032,0.47037,0.56437
2.8485,-1.1821,2.8009,-2.2106,0.6318,0.84017,-0.40058,1.0737,0.5888,1.3763,0.1324,-0.15631,-0.12547,-0.15991,-0.31352,-0.12924
1.0823,-0.58001,-1.3058,1.3188,0.56039,-0.15477,0.41504,-2.2996,-1.7788,0.020285,-0.59726,-0.24722,0.65846,-0.35888,-0.55616,-1.6617
-4.0838,2.7564,1.7504,-0.68498,-0.64556,0.12584,-0.58505,1.103,-0.91932,-0.3292,-0.30128,-1.4437,2.4518,-2.132,-0.56068,0.26098
2.5733,-0.042236,2.8709,-1.6565,1.0713,1.2491,-0.35522,0.93767,0.028669,1.3632,0.28335,-0.13153,-0.31931,-0.5956,-0.60262,-0.10419
1.1727,-1.0516,3.3402,-1.7241,1.4843,-0.065393,0.85642,0.050895,1.3297,0.31638,0.0677,-0.25451,0.90073,-0.2452,0.083738,0.65726
-0.68481,0.98648,-1.366,-2.8812,-2.831,-1.6948,1.236,0.93518,-2.1168,-0.18831,-0.77249,0.22935,-1.6869,0.76661,-0.26191,-1.1734
3.2257,0.38581,-0.45374,3.189,0.067419,-1.5348,-0.76219,-0.23638,-0.14094,0.25719,-0.15734,0.23696,-0.054033,-0.039795,0.1131,-0.072792
-3.1398,-2.9023,-1.6309,1.6517,1.3494,0.52527,2.2831,-1.2429,-1.3918,-0.098365,-1.2334,0.91625,1.0559,-0.07424,0.20917,-0.31273
-3.0467,-1.2383,-1.4503,2.2369,2.5311,-0.78246,2.6032,0.92205,-1.0796,-1.0763,-0.70402,2.3611,1.1425,-0.4688,0.83838,-0.060413
1.0689,-1.2785,1.418,2.2008,-3.8657,1.7332,0.30956,-0.50311,-0.98977,-1.2722,0.662,0.49799,-0.25231,-0.42431,0.32398,-0.11821
-0.16837,5.3644,-0.024784,1.7883,2.23,-0.70022,1.5853,-2.2327,0.28205,0.25836,0.99616,-0.23444,-0.13452,0.35075,0.99674,-0.87977
3.7937,0.15556,-0.16624,2.4809,0.52279,-1.4008,-0.68923,-0.81282,0.28265,0.42935,0.23845,-0.051703,0.098767,-0.13066,1.1837,0.051935
-0.78472,1.7411,-0.66327,1.3453,-1.3838,0.44152,0.1093,-0.07925,-2.8238,-0.87339,-2.6628,1.6624,-0.49218,3.7796,-0.88016,0.34649
0.1275,-1.835,1.358,0.655,-2.0261,0.04611,-0.012727,0.26799,-0.12129,1.0295,-1.7826,-0.36021,-0.067818,0.18746,-0.1251,-0.1661
3.0792,-0.89082,2.2432,0.24643,1.145,-0.40246,-0.62379,0.066478,-1.5458,-0.95377,-0.56505,-0.070368,-0.52553,-0.76048,-1.0556,-0.91168
-1.7924,0.31571,-2.7701,-1.9433,-3.4974,-2.1845,-1.6462,1.2201,-2.2703,0.081834,0.48416,-1.0452,0.80794,-0.25825,0.2535,-0.0058665
1.7791,-0.59773,0.93488,2.0385,-1.0414,-0.0054395,-0.72903,-0.44649,-2.0919,-0.027155,-1.7207,0.24147,-0.10656,-0.38873,0.27495,-0.2853
2.9371,-1.3872,2.716,-2.2122,0.59298,0.79925,-0.4341,1.1089,0.57211,1.3619,0.10613,-0.099199,-0.16066,-0.079008,-0.28383,-0.22269
-5.8095,4.4863,1.5508,-0.28017,-0.80975,0.68575,-1.138,-1.7113,-0.099588,0.69583,-0.21516,-1.1851,-1.544,-0.04386,0.43759,0.12317
3.1331,-0.80724,2.1261,0.47061,1.2228,-0.4661,-0.63529,0.094035,-1.6568,-1.0288,-0.53778,-0.045384,-0.57448,-0.8272,-1.0941,-0.9539
2.9413,-0.98483,2.5269,-0.36627,0.91576,-0.3558,-0.52739,0.11408,-0.9448,-0.66969,-0.49319,-0.16539,-0.42622,-0.44317,-0.83028,-0.78145
3.0461,-0.98633,2.2695,-0.053342,1.1129,-0.25889,-0.59027,0.1116,-1.2739,-0.73423,-0.54083,-0.01702,-0.49389,-0.6915,-1.0181,-0.74245
0.68588,-1.5079,1.7784,1.3322,-4.6637,1.6647,0.47369,-0.13709,0.16604,-0.68354,0.75731,0.10526,-0.1167,-0.17317,0.022045,-0.075646
0.49943,-1.5655,1.7228,1.4525,-4.7277,1.664,0.51744,-0.012916,0.088603,-0.71983,0.67097,0.13765,-0.181,-0.22839,-0.024669,-0.079031
2.8796,-0.43756,0.48338,2.301,-0.31316,-0.23064,-0.88152,-1.7134,-1.4182,0.44193,-0.77222,-0.36243,0.13894,-0.25829,-0.41606,-0.86155
3.4222,0.2857,-0.45084,3.2023,0.21149,-1.5454,-0.73355,-0.59849,-0.092953,0.38052,0.093394,-0.20786,-0.20879,-0.49798,0.015424,-0.55059
1.9325,0.19982,0.080352,3.0165,-1.118,-0.89298,-0.94476,0.025192,-1.4366,0.22992,-1.4782,1.4776,0.47967,0.46374,0.56838,-0.27416
-3.7372,6.1741,0.5919,1.6076,-0.71552,-0.98652,2.23,0.65676,1.3882,0.98911,-0.5337,0.36642,-0.16968,0.41926,0.61385,-0.23051
3.1866,-0.76601,2.0547,0.48565,1.2947,-0.44573,-0.6854,0.060069,-1.6074,-1.097,-0.55269,0.023012,-0.5934,-0.70132,-1.1879,-0.67164
-0.14202,-0.39645,0.048335,2.608,-1.301,0.33481,-3.4147,0.4994,-2.9443,-0.86615,-1.2649,-0.63093,0.43775,1.7605,-0.53102,2.7321
3.1089,1.9013,-5.3893,0.40157,0.19167,-0.065634,-0.24891,-0.69113,0.16247,-2.2394,-0.98206,-1.0456,0.23299,0.48047,-0.66026,-0.12068
3.5122,0.82807,1.8544,-0.028453,2.3393,1.1281,-0.71402,0.85905,-1.1944,0.51858,0.49599,0.66886,-1.0775,0.041836,-0.24093,0.035333
0.92469,-0.92564,1.1045,0.96776,-2.3664,-0.54714,-0.28118,0.67839,0.33507,1.0925,-1.5187,-0.49248,-0.11583,-0.097131,0.17668,0.021896
3.0923,1.8005,-5.1505,0.1731,0.18736,-0.2101,-0.20877,-0.674,0.2928,-2.0892,-0.84093,-0.9914,0.24674,0.0012922,0.027197,-0.77969
-0.17582,-0.68019,0.86644,1.8901,-2.0802,-0.050154,-3.1235,0.47725,-2.393,-0.030551,-1.0658,-0.5724,1.5905,-0.45721,0.74927,-0.30206
2.2502,0.9595,-2.8738,-2.0425,-0.92324,-2.2786,0.90052,-0.95767,-1.1793,0.10739,0.80456,0.14918,0.075322,0.24036,1.4468,0.26004
0.72457,-1.3966,1.6608,1.6843,-4.5191,1.7019,0.4262,-0.1614,-0.28993,-0.92119,0.66394,0.24422,-0.22716,-0.305,0.11809,-0.087548
-0.27672,-2.2901,0.97383,1.0225,-2.0637,0.13313,0.1435,0.085989,-0.11176,1.2017,-1.8488,-0.36383,0.055603,0.20113,-0.075939,-0.13315
3.0899,-1.0927,2.5362,-0.59205,1.0328,-0.31064,-0.60026,-0.0090778,-0.80204,-0.68458,-0.51552,-0.03916,-0.32214,-0.39267,-0.57431,-0.40096
-1.9939,2.1845,-0.054259,0.90369,-0.41379,-1.4344,1.6842,1.9188,0.24514,-0.15824,-0.95224,1.3045,-0.1777,0.34901,0.5317,-0.87682
0.27448,0.47184,-3.5119,-2.1334,-2.6938,0.7762,0.0071628,0.22462,0.72447,-1.2278,-2.6195,-1.0283,0.045549,-0.41818,0.33991,-0.87094
1.8874,-0.74194,0.85673,1.8548,-1.1916,0.19882,-0.72972,-1.2568,-1.6625,0.51543,-1.5166,-0.21504,0.11647,-0.1373,0.16604,-0.3912
3.0623,-1.0263,2.3333,-0.32921,1.0794,-0.10166,-0.59074,0.20502,-1.0777,-0.52322,-0.47522,-0.022152,-0.43817,-0.53569,-0.93523,-0.56926
0.52454,-0.75309,1.6925,0.56226,-2.4445,-0.034143,-0.37876,0.40574,-0.38692,0.92978,-1.9355,-0.041391,-0.29181,0.76592,0.13494,-0.38124
-4.4211,4.5752,2.5304,-0.87819,-0.013496,0.53045,0.89629,-0.11959,-0.42934,0.078485,-0.39259,-1.336,-0.80945,-0.01445,0.017963,-0.47285
0.84044,0.99095,-4.0337,-0.42855,-1.793,1.0801,-0.094043,-0.040959,-1.7551,-2.2951,-2.9272,-0.4598,0.11754,-0.54717,1.0948,-0.91278
2.674,-0.35125,0.79762,2.0345,-0.35802,0.028443,-0.87883,-1.914,-1.6037,0.45299,-0.89656,-0.3631,0.04378,0.0069341,-0.44705,-1.0201
3.6173,0.22625,-0.31925,2.8371,0.36779,-1.4599,-0.7236,-0.72995,0.10431,0.40346,0.15808,-0.11869,-0.050024,-0.28675,0.59856,-0.19474
1.2645,-0.47525,0.6421,2.508,-1.7155,0.032311,-0.69748,-0.23345,-2.249,0.13156,-2.1725,0.55802,-0.037238,-0.2873,0.78488,-0.014816
2.949,1.7712,-5.1401,0.30132,-0.0069226,-0.34536,-0.21316,-0.75006,0.25548,-1.8985,-0.80809,-0.97914,0.19168,-0.49797,0.30421,-1.5135
0.85932,0.42282,-2.2122,-2.1196,-1.6738,-1.899,0.90011,0.30159,-2.8034,-0.80564,-0.45974,0.37038,-0.69256,-1.062,-0.16842,-0.095116
3.5308,0.25496,-0.40569,3.0354,0.32404,-1.4826,-0.72917,-0.67187,-0.011358,0.36389,0.11895,-0.15543,-0.12442,-0.33566,0.27188,-0.29064
2.8144,-1.3727,2.8711,-1.425,0.55091,-0.38207,-0.38748,0.2748,0.19668,-0.13464,-0.40349,-0.34603,-0.10281,-0.08192,-0.43003,-0.35898
3.5232,-1.0528,2.1067,-1.8649,1.4317,2.0771,-0.70532,1.559,-0.43851,2.0983,0.54398,0.56144,-0.43306,-0.42966,-0.030263,-0.11996
2.3818,0.83574,-3.0797,-1.6888,-0.90885,-2.39,0.78915,-1.1936,-1.2807,0.19823,0.96431,-0.21962,0.17504,-0.22683,0.010452,-0.29276
0.87567,-0.96274,1.1866,1.1593,-2.2476,-0.15448,-0.38803,0.43858,-0.60382,0.67941,-1.8921,-0.33013,-0.25875,-0.31699,0.37162,0.19029
2.7466,1.371,-3.848,-0.41338,-0.41201,-2.8163,0.67448,-1.0304,-1.6986,-0.24409,1.1577,0.010448,-0.13598,-0.51733,-0.22703,-0.26547
3.5141,0.28959,-0.4503,3.1091,0.30192,-1.4718,-0.7428,-0.64128,-0.050694,0.32889,0.087543,-0.1815,-0.15179,-0.28365,0.06173,-0.21662
3.5497,0.47561,-0.93644,3.6077,0.23539,-1.1321,-0.85017,-0.79831,-0.22477,0.14415,-0.18119,-0.34562,-0.07125,0.75584,-1.2736,1.053
0.057787,-1.1357,1.2313,1.1814,-3.2658,0.069832,-0.29422,0.53102,-0.61034,1.1227,-2.3335,-0.63286,-0.28644,-0.25311,-0.026022,-0.077524
0.56557,0.3579,-2.0855,-1.935,-1.8441,-1.6172,0.94683,0.48473,-3.4276,-0.99854,-0.78945,0.36694,-0.66123,-1.0847,0.041326,-0.015369
-1.4826,4.5929,1.5385,-0.37697,2.6427,2.7238,1.5329,1.5469,-2.5454,0.77364,0.084313,0.82164,-0.41075,-2.6803,-0.53792,0.19237
0.70876,-1.9551,2.7371,-0.97524,2.8143,0.08485,1.2566,-0.30183,0.81027,-0.12822,0.31534,0.36932,1.0886,-0.02902,0.51698,0.75961
-2.0445,4.1601,2.3662,-0.084633,1.9645,0.38249,1.888,0.21236,-2.0301,-1.5625,-0.88783,0.066647,0.13622,-2.2251,-0.34866,0.30785
0.83453,0.57486,3.9671,-1.7519,1.3595,0.14289,0.91513,-0.073656,1.3171,0.38033,0.049915,-0.64602,0.8742,-0.6953,-0.054569,1.0185
-3.7226,1.6642,0.2952,-0.023993,-1.9616,-0.17317,-3.1391,0.32943,-1.7799,-0.047508,-0.25191,-1.0643,1.2269,0.16212,0.49148,-1.0512
2.842,-0.57099,0.81946,1.8897,-0.13799,-0.12078,-0.85045,-1.5469,-1.5701,0.22913,-0.82764,-0.32136,0.071522,-0.30986,-0.46041,-0.79114
0.41992,0.16429,1.1014,0.31522,-1.9713,2.4141,-0.56727,1.7704,-0.94925,3.3417,-1.0298,0.63038,-1.8352,1.0644,0.064046,-1.3262
0.95153,-0.79708,0.93818,1.5346,-2.1166,-0.35447,-0.38433,0.59969,-0.60415,0.60765,-1.7913,-0.21735,-0.25716,-0.23734,0.22044,0.17525
0.36997,-0.7907,1.1133,1.3626,-2.5848,0.12554,-0.49688,1.0177,-1.1046,0.3037,-2.5505,0.22978,-0.035547,0.85694,-0.86245,1.2172
2.9739,1.773,-5.0956,0.28042,0.069777,-0.36469,-0.19594,-0.66437,0.21023,-1.9715,-0.79102,-0.97721,0.16222,-0.52357,0.26777,-1.5348
-0.89155,1.7342,3.2414,0.94427,-2.5455,2.309,1.8129,-1.5908,1.359,-0.014653,1.6136,-0.44137,1.2663,-1.0809,0.33429,1.6418
-0.79873,-0.44997,-0.12211,-0.18758,-2.4346,-0.21681,0.68731,0.38951,-0.82974,0.45094,-1.9536,-0.647,0.092437,-0.66693,-0.22563,-0.91211
3.6263,1.8756,-5.4874,-0.59489,0.71539,1.4421,-0.37825,0.015902,0.24943,-0.34313,-0.12383,-0.31342,0.1893,-0.21922,1.0702,-0.62064
-0.19012,-0.11458,-0.41571,0.41282,-1.6685,-0.25508,0.54632,-0.020087,-1.4413,0.036392,-1.7451,-0.35303,0.023881,-0.70992,0.18635,-0.93485
2.8287,0.50815,-0.72084,3.2529,0.43408,-1.4618,-2.5041,-0.1651,-0.47085,-0.18532,0.72512,-0.59488,1.0431,0.40468,-0.8462,0.49007
1.3556,-0.68959,0.97384,1.9103,-1.495,0.053985,-0.56402,0.078495,-1.9543,-0.032687,-2.0336,0.21667,-0.25429,-0.45896,1.0276,0.3098
1.8975,0.3795,-0.53991,3.7541,-1.1815,-1.4936,-0.52094,1.0285,-0.75373,0.061894,-1.1548,0.63261,-0.50211,-0.66041,1.2582,0.25721
3.5511,0.27875,-0.42521,3.0447,0.33173,-1.4574,-0.7397,-0.66549,-0.019312,0.33337,0.10091,-0.16562,-0.12217,-0.25093,0.17697,-0.16134
-0.097901,-0.017916,-1.726,-2.8514,-2.7022,-1.6744,1.1366,0.8775,-2.4083,-0.39207,-0.91134,0.036905,-0.66803,-0.89246,-0.55344,-0.10434
-0.48131,0.58698,-3.0976,-2.0201,-3.1853,1.0738,0.22497,0.94559,-0.28264,-1.4593,-3.2132,-0.83192,0.005614,0.20505,0.18283,-1.2812
2.688,-1.5103,3.1393,-2.0517,0.30487,-0.37614,-0.27431,0.37472,0.84135,0.19394,-0.33313,-0.48596,0.039428,0.20494,-0.19126,-0.2315
3.237,1.8345,-5.2089,0.076364,0.33772,-0.047302,-0.22701,-0.70384,0.34376,-2.2274,-0.88894,-0.98836,0.33526,0.52511,-0.16951,-0.0092755
0.73614,-0.97589,1.1133,1.2011,-2.3549,-0.25964,-0.35304,0.59493,-0.39096,0.76476,-1.8709,-0.34469,-0.27458,-0.25326,0.12492,0.16276
3.396,0.31393,-0.6193,3.4648,0.018741,-1.4932,-0.78902,-0.87451,-0.15571,0.57199,0.0092762,-0.2684,-0.1216,-0.45477,-0.030327,-0.70508
3.1306,1.9349,-5.4136,0.43577,0.28853,-0.018495,-0.26585,-0.5934,0.13896,-2.375,-1.005,-1.0672,0.21042,0.67025,-0.98895,0.17873
-1.8743,0.22968,1.6345,1.03,-2.9762,-0.11862,-3.1019,1.0904,-1.0154,0.77968,-0.86929,-1.1322,1.6226,0.071144,0.2286,-0.16135
2.5453,1.0822,-4.2077,-2.259,-0.95854,-0.38667,0.098319,-0.42854,3.0453,-0.6164,-0.54441,-1.3479,0.78463,0.45271,1.265,-0.68895
0.66415,-0.74194,0.98935,0.83706,-1.9515,-0.8164,-2.027,0.78905,0.29487,0.87669,-0.40254,-0.90459,1.1873,0.014473,0.39769,-0.11952
-4.5275,-1.6518,-2.6201,2.6594,0.76971,-1.5032,3.0534,1.2773,1.6702,0.86441,-0.49399,2.1194,1.7424,0.56528,0.50867,0.010299
0.75743,0.91342,1.2115,2.3583,-1.3181,-0.31786,-0.78805,0.35509,-2.2682,-0.17009,-2.0678,1.9948,-0.96323,2.0161,1.0431,-1.3233
-1.4646,0.86146,-3.3053,-1.3311,-3.1986,-2.7861,-0.91842,1.3376,-1.4032,0.28614,0.70661,-0.90114,-0.73691,0.21864,0.65373,0.088588
2.7817,-1.1479,2.6399,-1.3762,0.67244,0.31334,-0.44776,0.78594,-0.080811,0.50075,-0.21344,-0.11658,-0.27627,-0.35022,-0.53052,-0.36268
-0.70258,1.2798,-1.7244,-2.4676,-2.8729,-2.2899,1.1403,1.6974,-1.8155,-0.21701,-0.76246,1.2047,-1.1292,1.144,-0.19305,-0.99851
1.3577,-0.7825,0.97289,1.3107,-1.8376,-0.40786,-0.40106,0.29069,-0.29146,0.72603,-1.4835,-0.3462,-0.14747,-0.19813,0.46178,0.15897
-3.0715,4.0762,1.058,1.2895,-0.35908,0.98659,2.1471,-1.2172,-1.574,0.20745,-1.6916,-0.64034,1.1071,-2.4574,0.56912,1.2383
-2.8502,1.6726,2.2147,1.3283,-1.4281,0.51419,-1.5613,-0.049037,-0.5663,0.94282,-0.43334,-1.706,1.6188,-1.0942,0.53394,1.3645
3.4586,0.057693,-0.28171,3.9733,-1.6774,-0.027638,-0.033399,-1.0852,0.25576,-1.1718,2.5023,0.46537,-0.22756,-0.54464,0.051501,-0.57328
1.2022,0.8522,-4.2877,-2.2094,-1.2401,4.0426,-0.2353,1.5129,-1.5311,0.0058417,-2.2921,0.042831,-0.19603,0.046479,0.79385,0.906
3.4193,0.28289,-0.44777,3.1904,0.20756,-1.546,-0.73605,-0.60105,-0.078665,0.38525,0.093124,-0.20391,-0.20949,-0.49807,0.018026,-0.54608
0.84803,-0.94068,1.1138,1.0519,-2.3786,-0.43935,-0.30209,0.67378,0.065679,0.97828,-1.6673,-0.44288,-0.15911,-0.11822,0.14372,0.087836
0.39021,-0.19962,-1.3724,-3.5834,-2.3991,-1.493,1.1452,0.31509,-1.8626,-0.051806,-0.49136,-0.32165,-0.20935,-0.4342,-0.42511,-0.10053
3.5236,0.28328,-0.43311,3.0987,0.30866,-1.4817,-0.73716,-0.65119,-0.058295,0.34036,0.10116,-0.17473,-0.14494,-0.32865,0.1519,-0.2812
-0.13758,-0.040179,-1.722,-3.1333,-2.8078,-1.7787,0.98585,0.71922,-1.8502,-0.22726,-0.85368,0.14181,-0.79639,-1.0337,-0.6744,-0.03875
-0.20768,0.32188,-3.2985,-1.995,-3.1196,1.0939,0.22343,0.63029,-0.059318,-1.3563,-3.0536,-1.3009,0.05006,-0.3966,0.18054,-0.99729
-1.0199,-0.50495,-0.21717,-0.013184,-2.7704,-0.041626,0.66808,0.21045,-1.0377,0.57824,-2.1701,-0.71045,0.14935,-0.67509,-0.22349,-0.89858
-5.9139,5.8868,0.14878,1.2747,-0.47775,-1.1954,-2.0027,-0.097356,1.5469,0.65321,0.97713,-0.048543,-0.73195,-0.073858,0.87973,0.30887
0.11544,0.62713,-2.9608,-2.212,-1.7985,-3.2904,-0.23415,1.4819,-0.27713,-0.071439,1.2888,-0.71779,-0.94065,-0.56637,0.41614,0.44527
3.5787,1.6241,-4.7693,-0.80826,0.55272,-0.016641,-0.14982,-0.98588,0.83435,-1.9738,-0.64674,-0.79628,0.67756,0.49025,1.6362,0.0058006
-0.031605,0.57841,-3.9474,-2.961,-2.4771,0.3455,-1.8586,-1.745,2.6939,-1.3209,-2.9449,1.7374,-1.2889,-2.1079,-0.10972,-0.2343
-3.0841,4.3921,0.77735,1.6131,-0.089088,0.68845,1.9145,-1.141,-1.4891,0.10553,-1.4092,-0.25878,0.9438,-1.7702,0.62373,0.89128
-0.64587,0.93153,-1.3167,-3.1122,-2.7221,-1.674,1.0034,0.7179,-2.0925,-0.20466,-0.65284,0.17911,-1.5555,0.58188,-0.35582,-1.1295
-0.59062,1.0713,-2.5066,-1.7682,-3.5314,-1.9662,1.143,0.50452,-1.6282,0.51284,-0.72913,0.11789,-1.0261,0.59485,0.12601,-0.67457
2.8202,-1.3084,2.8538,-1.3326,0.56048,-0.38888,-0.40755,0.26382,0.096846,-0.1719,-0.41422,-0.33545,-0.14885,-0.12845,-0.46942,-0.43605
2.6707,-1.4668,3.1567,-2.0511,0.311,-0.3708,-0.26742,0.36984,0.83837,0.1958,-0.32799,-0.4867,0.014494,0.24778,-0.18513,-0.25735
4.0446,1.8943,-5.555,-1.251,1.1944,2.3628,-0.46155,0.41028,0.40108,0.38621,0.25829,0.046957,0.25279,0.043989,1.6145,0.06319
3.5361,0.25684,-0.40683,3.0422,0.32971,-1.481,-0.72643,-0.67086,-0.022884,0.35978,0.12021,-0.15847,-0.12155,-0.33309,0.27718,-0.29128
-3.7619,4.4763,1.0769,0.77439,-1.219,0.26017,2.1147,-0.33937,0.22661,0.98892,-1.2847,-0.66912,0.85086,-1.1838,0.014755,0.62461
1.2495,-0.83337,0.98542,0.9513,-2.1062,-0.73416,-0.28627,0.57245,0.71073,1.181,-1.2141,-0.49859,-0.025198,0.011695,0.31735,0.061145
3.1027,0.18296,-0.25126,2.9682,-0.056617,-1.3918,-0.7609,-0.4714,-0.21905,0.36124,-0.20405,0.02884,-0.16468,-0.41433,0.13219,-0.44159
0.22451,0.92407,-2.9793,-1.4804,-2.6573,-3.2451,1.3148,2.3257,-0.68632,-0.12407,-0.034258,0.20412,-0.80768,-0.86577,-0.099133,0.14904
3.4207,0.28296,-0.44707,3.1922,0.20771,-1.5455,-0.73196,-0.59686,-0.082128,0.38567,0.094566,-0.20982,-0.20615,-0.49384,0.019364,-0.54742
1.9426,0.38604,-1.9984,-2.2417,-0.54552,-1.5023,0.67629,-1.0875,-3.3834,-0.88302,0.10839,0.14307,-0.13646,-0.6512,-0.72853,-0.67291
-0.12255,1.1481,-3.5155,-0.84649,-3.5145,-3.0926,1.1764,1.7047,-0.71266,0.54201,-0.4203,0.71089,-0.16659,-0.15628,0.27026,0.21508
3.6225,0.55585,-1.0956,3.6957,0.33356,-0.95783,-0.88333,-0.7619,-0.26411,-0.062604,-0.27831,-0.38964,-0.051672,1.3398,-1.9091,1.8886
2.8637,-1.2885,2.7944,-1.1671,0.61536,-0.38583,-0.4,0.27744,-0.093477,-0.2464,-0.42211,-0.35583,-0.14764,-0.17605,-0.52021,-0.48215
-0.95862,0.81503,-3.1028,-1.6325,-2.4207,-3.4595,-0.91969,2.6352,-1.0215,-0.39997,1.1445,-0.69131,-0.41652,-0.66455,0.29101,0.24638
2.0107,-0.38615,0.60043,2.1435,-0.95446,-0.43558,-0.64319,-0.11853,-1.2784,0.10991,-1.3957,0.27567,-0.12393,-0.29878,0.91724,0.17986
-0.16528,0.34646,-3.4033,-1.89,-3.1799,1.1027,0.23653,0.50612,-0.01773,-1.2412,-3.0152,-1.3834,0.13235,-0.3183,0.25116,-0.99141
-2.0909,-1.3286,-1.1811,1.7418,0.40076,0.35238,1.6842,-0.83023,-2.1869,-0.37616,-1.5508,0.73622,0.85995,-0.68168,0.87945,-0.38786
0.70684,0.91508,-4.0425,-1.873,-2.0606,0.038843,-1.0534,0.49594,1.4536,-1.0473,-1.0648,-1.6762,1.3853,0.127,0.93325,-0.98177
2.7127,-1.5535,3.1254,-2.0434,0.29948,-0.37924,-0.26076,0.40058,0.82702,0.19419,-0.33106,-0.51476,0.081053,0.18325,-0.19071,-0.21237
1.1903,1.1103,-3.8038,-2.3015,-1.7601,0.16964,-0.19363,-0.4483,2.1083,-0.93598,-1.6156,-0.66676,-0.14243,0.30905,0.82038,-1.0737
-1.6568,0.077838,-2.1988,-2.4674,-3.732,-1.5511,-1.4505,0.77212,-2.7928,0.046805,-0.032399,-0.90523,1.5886,-0.48598,-0.16492,-0.35981
2.3294,0.051933,0.57577,2.0951,-0.58107,-0.85074,-0.86165,0.1799,-1.0686,0.03727,-1.2766,1.6616,0.62801,0.71384,1.4703,0.2662
3.1405,-1.1339,2.9318,-1.4105,1.0058,-0.23971,-0.45191,-0.043288,-0.13427,-0.37706,-0.35194,-0.08874,-0.12446,0.12572,0.29178,-0.15913
3.4358,0.37183,-0.77004,3.4878,0.060922,-1.3417,-0.8001,-0.89964,-0.14047,0.45728,-0.039247,-0.27462,-0.066914,-0.007419,-0.2465,0.054937
3.4297,0.29939,-0.46971,3.2525,0.23038,-1.5448,-0.74146,-0.60665,-0.14708,0.35481,0.087539,-0.19804,-0.222,-0.51868,-0.0042751,-0.56646
3.6134,0.56175,-1.1066,3.6577,0.36127,-0.9661,-0.87505,-0.7322,-0.24906,-0.072307,-0.28136,-0.37436,-0.057963,1.338,-1.8022,2.0102
-0.88749,-0.64141,-2.619,2.4619,3.0463,0.23317,2.0341,-1.805,-0.20425,1.0772,0.82719,0.92945,1.2793,-0.9952,-0.054028,-0.62197
2.9026,-1.1786,2.6806,-0.83341,0.72947,-0.36822,-0.44902,0.21279,-0.44366,-0.42927,-0.4408,-0.27723,-0.25298,-0.29798,-0.64962,-0.59826
2.7324,-1.4263,3.1436,-1.9954,0.35646,-0.35448,-0.27345,0.35806,0.73989,0.14612,-0.33002,-0.48816,0.02208,0.26048,-0.1562,-0.22842
0.98785,-0.90145,1.0806,1.2918,-2.1048,-0.25967,-0.36939,0.46142,-0.55391,0.6721,-1.7729,-0.28717,-0.20384,-0.24072,0.3876,0.15792
3.6263,0.2198,-0.30708,2.8536,0.35824,-1.4679,-0.7391,-0.75659,0.097703,0.43903,0.13405,-0.14308,-0.037818,-0.27771,0.5041,-0.30856
3.2527,-0.59446,1.845,0.35416,1.4774,0.44946,-0.74366,0.60883,-1.8474,-0.13949,-0.19584,0.25195,-0.74364,-1.0731,-1.1846,-0.92053
1.06,3.973,1.0526,3.2683,1.7293,-0.6792,0.69108,-1.5482,0.64974,0.65091,0.7155,-0.47805,0.39363,-0.83259,0.33361,1.0065
3.5284,0.25584,-0.40761,3.0403,0.32231,-1.4835,-0.72956,-0.67042,-0.014249,0.36324,0.11794,-0.15637,-0.12654,-0.33807,0.26391,-0.29456
3.015,-1.1911,2.6669,-0.87137,0.86868,-0.33188,-0.48006,0.13264,-0.48947,-0.48471,-0.45672,-0.20899,-0.20523,-0.24389,-0.48175,-0.41023
0.34857,0.61285,-3.514,-1.1437,-2.2155,1.308,0.059168,0.29517,-1.6013,-2.2107,-3.1738,-0.80171,-0.033699,-0.65946,0.78895,-0.92052
3.1425,1.8707,-5.2858,0.2747,0.26831,-0.085161,-0.2395,-0.64364,0.2312,-2.2531,-0.92771,-1.0255,0.24924,0.4268,-0.48732,-0.16516
0.14516,0.040286,-1.7508,-2.8447,-2.5577,-1.7368,1.1789,0.84339,-2.1411,-0.28005,-0.65286,-0.18509,-0.51139,-0.75898,-0.38384,-0.06031
0.26401,-0.86923,1.1396,0.7887,-2.2997,-0.65194,-1.9977,0.95105,0.018937,0.85438,-0.71035,-0.92706,1.0961,-0.11159,0.25698,-0.21046
-0.90217,1.4862,-0.24828,1.2007,-1.5988,-0.077683,0.18877,-0.23308,-2.8217,-0.34487,-2.3265,1.8276,-0.50826,1.891,1.0535,-2.1383
-1.8185,1.0005,-1.3064,-2.9666,-2.7652,-1.9088,0.068199,1.5812,-2.5183,-0.40815,-0.56439,1.239,-0.85808,1.9545,-0.14003,-1.3101
-2.8237,3.9363,1.6272,0.67744,0.84084,0.65008,2.0576,-0.25754,-1.804,-0.78688,-1.3001,-0.30897,0.63586,-2.5296,0.1232,0.95602
-0.85987,-0.93371,-0.46867,-0.072195,-1.7502,-0.37347,0.93446,0.20372,-0.32077,0.55916,-1.5405,-0.52954,0.25029,-0.44007,-0.19018,-0.88735
3.4159,0.76256,-0.83297,3.5759,0.30245,-1.0872,-0.81538,-0.81599,-0.19251,0.12885,-0.16408,-0.38668,-0.066091,0.68318,-1.2304,1.2586
-0.029071,-0.81299,1.0458,0.77157,-2.1495,-0.84942,-2.8362,1.1621,0.048544,0.76934,-0.18451,-1.0215,1.7662,0.015935,0.35588,-0.31521
2.6233,-1.4281,3.1471,-2.1205,0.29515,-0.3858,-0.42176,0.21597,0.95992,0.18105,-0.38058,-0.27688,-0.12132,0.1097,-0.2284,-0.21958
2.616,1.1155,-4.1906,-2.1338,-0.83731,-0.39565,0.17986,-0.27689,2.8117,-0.73756,-0.51139,-1.4425,0.79287,0.46614,1.212,-0.772
3.6288,0.22641,-0.31583,2.8359,0.37707,-1.456,-0.71607,-0.72771,0.094998,0.40108,0.1627,-0.12575,-0.039538,-0.27506,0.62113,-0.18891
2.478,1.0562,-3.019,-1.4944,-0.33744,-2.8673,0.86744,-0.15399,-1.4315,-0.48972,1.0961,0.078655,-0.30186,-0.66978,-0.16515,-0.33181
-0.065783,-1.9324,1.096,0.99525,-2.3234,0.077904,0.12032,0.21039,-0.11357,1.2314,-1.9619,-0.40006,-0.018912,0.076187,0.018479,-0.085352
3.4756,0.33088,-0.53993,3.23,0.28254,-1.4393,-0.75744,-0.58662,-0.10119,0.26184,0.031381,-0.22566,-0.19042,-0.13748,-0.33402,-0.024488
1.2931,-0.7853,0.88873,0.77184,-2.008,-0.010547,-0.38954,0.80747,0.45764,1.7505,-1.0745,-0.35916,-0.2395,-0.14024,0.22109,-0.0018186
2.9739,1.773,-5.0956,0.28042,0.069777,-0.36469,-0.19594,-0.66437,0.21023,-1.9715,-0.79102,-0.97721,0.16222,-0.52357,0.26777,-1.5348
-2.786,0.52791,-1.6193,-3.1293,-2.1667,-2.0588,-1.0758,1.1411,-2.261,-0.51103,0.18876,0.97722,-1.9866,2.0442,0.15267,-0.90104
1.1486,1.4664,-4.0707,-0.37296,-1.3183,0.50271,-0.32902,0.41568,-1.5061,-2.4484,-2.6927,0.80863,0.68141,0.29248,0.85996,-1.1573
0.11719,-1.6972,1.1852,0.93436,-2.5303,0.086137,-0.11331,0.19855,-0.26031,1.1864,-1.9902,-0.52109,-0.023604,0.011186,-0.018211,-0.10484
3.5032,0.2856,-0.43137,3.0661,0.26068,-1.4612,-0.69313,-0.60241,0.038682,0.34881,0.098716,-0.18806,-0.14343,-0.22995,0.054705,-0.14594
1.3273,-1.0123,1.3454,1.0603,-1.7099,0.071435,-0.49479,-0.23055,-1.0411,0.57125,-1.7088,-0.34967,-0.08121,-0.22108,0.17706,-0.16294
1.3118,-0.86586,1.0477,0.87724,-2.0766,-0.64505,-0.30271,0.43444,0.6357,1.171,-1.2161,-0.59432,-0.042846,-0.041356,0.30702,0.053996
1.7807,0.90932,2.1113,1.9345,-1.9176,1.8174,0.076244,-2.5129,-0.85337,-1.017,1.687,0.50034,-1.1014,1.7108,-0.079611,-1.8445
0.18219,-1.1993,1.463,0.90502,-2.9516,-0.031755,-0.26327,0.8554,-0.59411,0.87094,-2.241,-0.55931,-0.34705,-0.38967,-0.16104,-0.072098
3.5035,0.27777,-0.43458,3.0705,0.2797,-1.4738,-0.73143,-0.62592,-0.0056588,0.35375,0.092902,-0.19908,-0.13954,-0.26363,0.066878,-0.2099
-1.4372,0.069333,-3.6096,-2.018,-2.8262,0.9135,-1.8017,0.64556,-0.29027,-1.4603,-1.8145,-2.6105,-0.46895,-0.043445,0.82407,-0.5928
2.6263,-0.70741,0.92591,1.5213,-0.065785,-0.1301,-0.75749,-1.1876,-1.3216,0.19401,-0.98071,0.44052,0.45345,0.31157,0.67313,-0.18257
-3.2355,3.0551,1.2306,0.12143,-1.0861,0.47128,2.0875,-0.27392,-0.15718,0.70807,-1.3989,-0.93711,0.97265,-1.7364,-0.17255,0.64205
0.80726,0.56672,-2.7015,-1.232,-2.0213,-1.5594,0.82558,-0.35035,-3.4478,-0.56822,-0.68336,0.29689,-0.30914,-0.79717,0.31013,-0.02661
0.25035,-1.2081,1.4764,0.85538,-2.8957,-0.025871,-0.2678,0.78468,-0.55057,0.88988,-2.1914,-0.58239,-0.32059,-0.36591,-0.14801,-0.073031
1.3568,-0.85782,1.0379,0.84729,-2.0517,-0.67969,-0.29905,0.42466,0.73476,1.2052,-1.1614,-0.60687,-0.02233,-0.013009,0.32137,0.060744
3.6282,-1.0263,2.2502,-1.4316,1.5741,1.3468,-0.68126,0.89799,-0.74226,1.0489,0.24652,0.47876,-0.31603,-0.38048,0.284,-0.060988
-5.5883,-0.25602,-0.88969,0.98482,0.0078926,-0.28643,-0.41026,0.039157,0.079315,0.51509,0.36654,-1.095,0.95533,-0.6215,0.69279,0.53293
0.44634,0.70775,-3.5727,-1.0071,-2.0715,1.2921,0.027344,0.23719,-1.7369,-2.302,-3.1462,-0.69993,-0.059955,-0.63163,0.88244,-0.94014
2.9991,-0.89714,2.2635,0.2215,1.1658,-0.38065,-0.58561,0.048039,-1.4849,-0.944,-0.52905,-0.043128,-0.55687,-0.67517,-1.042,-0.93974
1.7906,0.78689,-1.6363,1.7418,0.20419,-1.36,0.19908,-0.80987,-0.78747,-0.14623,-0.24359,0.0088472,0.24886,-0.75074,0.043646,-1.239
0.90929,-0.93231,1.1739,0.85627,-2.3681,-0.46539,-0.3466,0.49969,0.33353,1.0911,-1.5503,-0.49287,-0.233,-0.14878,0.14856,-0.0080297
2.8513,-1.4433,2.8702,-2.16,0.47495,0.34826,-0.38985,0.81809,0.68629,0.91589,-0.070004,-0.22911,-0.085929,-0.0058789,-0.25374,-0.21126
0.73745,-0.17829,1.6358,1.04,-1.851,0.019834,-0.53425,0.1496,-1.1655,0.48246,-1.9633,0.70083,-0.48537,1.3153,0.71092,-0.60533
0.88988,-1.1341,1.4498,2.3156,-4.0888,1.7681,0.32606,-0.31961,-1.1203,-1.3737,0.57079,0.59676,-0.42051,-0.3827,0.40405,-0.15188
2.9367,1.7045,-5.0012,0.029123,-0.024696,-0.36787,-0.15637,-0.62357,0.48086,-1.8429,-0.76174,-1.0263,0.22826,-0.42003,0.36626,-1.4555
-1.4954,0.81606,-3.7789,-0.99075,-3.1071,-3.2503,-1.587,1.7897,-1.1025,0.21212,1.276,-1.2378,-0.15152,-0.35993,0.74483,0.40881
1.3925,-0.70036,0.88416,1.7689,-1.5994,-0.2082,-0.49116,0.16144,-1.1911,0.30513,-1.7244,-0.095895,-0.2489,-0.3772,0.59958,0.18104
2.0138,-0.26586,0.57279,2.4092,-0.97499,-0.30029,-0.90248,-0.63985,-1.8285,0.19478,-1.5262,0.77193,0.32329,0.14688,0.2205,-0.42458
3.4237,0.28843,-0.45462,3.2123,0.21527,-1.5453,-0.73513,-0.60012,-0.10378,0.37538,0.092223,-0.20589,-0.21143,-0.50212,0.011485,-0.55377
3.5532,0.28454,-0.43675,3.0546,0.33642,-1.4481,-0.74212,-0.66178,-0.024421,0.32064,0.093495,-0.16929,-0.12301,-0.2179,0.13104,-0.11432
3.2905,1.9829,-5.5029,0.33867,0.45704,0.18516,-0.28935,-0.61114,0.20239,-2.5513,-1.0764,-1.0791,0.30946,1.3443,-1.3297,1.1592
2.8684,-1.4555,2.9859,-1.9728,0.48523,-0.094014,-0.34265,0.46014,0.59519,0.33493,-0.26003,-0.33348,0.0030877,0.064482,-0.13513,-0.16432
2.8566,-1.2635,2.7976,-1.145,0.61232,-0.37216,-0.39996,0.26338,-0.10808,-0.26983,-0.4045,-0.3381,-0.17109,-0.1696,-0.52748,-0.49991
2.8313,-1.3074,2.8572,-1.3076,0.55171,-0.37464,-0.37872,0.2853,0.068583,-0.18796,-0.3872,-0.36361,-0.13216,-0.10757,-0.46578,-0.4478
1.6294,-0.98052,1.6208,-0.13104,-0.4971,-0.088832,-3.1996,-0.94326,-0.67151,0.50474,0.3921,-0.95297,2.4549,0.52046,0.89109,-0.33704
3.4163,0.27741,-0.44023,3.1703,0.2,-1.5462,-0.73289,-0.59779,-0.057014,0.39553,0.095467,-0.20784,-0.2042,-0.48978,0.025906,-0.53973
-2.8136,0.20104,-0.075665,-0.18034,-2.5684,-0.36685,-2.444,0.93763,-1.5564,0.15693,-0.66677,-1.1894,1.839,-0.096628,0.13139,-1.1834
0.084237,-1.1773,1.2583,1.1445,-3.2315,0.054111,-0.28838,0.60273,-0.61006,1.0697,-2.3188,-0.61731,-0.25941,-0.32695,-0.059396,-0.039171
2.9848,-0.83502,2.4819,-2.3373,0.96538,2.0604,-0.53429,1.7301,0.32653,2.5856,0.58767,0.16854,-0.30948,-0.47816,-0.53393,-0.1729
2.9342,-1.1155,2.5098,-0.49869,0.88421,-0.39888,-0.55324,0.11899,-0.74962,-0.59497,-0.50742,-0.13487,-0.37318,-0.50983,-0.79996,-0.6747
3.5189,0.25791,-0.39417,3.0326,0.28977,-1.4827,-0.68418,-0.64031,0.0341,0.37463,0.13096,-0.15238,-0.13004,-0.33643,0.27906,-0.2875
2.9766,-1.0777,2.5032,-0.39485,0.90619,-0.37649,-0.52597,0.14759,-0.92355,-0.64284,-0.51373,-0.19874,-0.35438,-0.49916,-0.82493,-0.7251
2.0624,-1.1809,2.0631,0.64421,0.75066,-0.38272,-0.38415,0.89328,-1.8709,-1.1768,-1.1359,0.4021,-0.73177,-0.86379,-0.61173,-0.57026
0.39916,-1.1236,1.4052,0.44195,-1.3447,-0.1239,-2.9643,0.00054597,-1.0756,0.38549,-0.24809,-1.2461,1.1014,0.21952,0.85118,0.019822
-0.60539,-0.064153,-2.16,-2.3162,-3.8217,-1.272,1.1147,0.19379,-2.392,0.40526,-1.2586,-0.39084,-0.24741,-0.54496,-0.31135,-0.022548
3.2769,-0.37538,1.731,0.17819,1.6447,1.2132,-0.79934,0.97995,-1.9506,0.56465,0.090876,0.43348,-0.8293,-1.2514,-1.2526,-0.8374
-0.8079,1.0201,-2.0092,-2.4871,-2.5879,-2.4985,0.40557,1.6231,-1.5445,-0.24753,-0.15463,0.69117,-1.0273,0.72238,-0.042989,-0.64004
1.0819,-0.85898,1.0556,1.3562,-2.0446,-0.24063,-0.39511,0.38172,-0.63995,0.62861,-1.7504,-0.34599,-0.23952,-0.29407,0.33455,0.15477
3.5508,0.23875,-0.73391,3.0054,0.56358,-0.73577,-0.72053,-0.22124,-0.089233,0.98085,0.39798,0.11979,-0.24532,-0.27417,0.0093095,-0.067449
4.0513,0.52308,-1.1484,2.5288,0.9974,0.90677,-1.0376,0.70447,-0.43647,2.7336,1.0523,0.69332,-0.50995,-0.7662,0.4298,-0.22176
3.4663,0.034635,-0.24911,4.0195,-1.8243,0.097761,0.032014,-1.1081,0.29293,-1.3212,2.7183,0.52364,-0.23611,-0.54804,0.047041,-0.57545
3.3347,1.7937,-5.1243,-0.14194,0.40683,-0.0076783,-0.21232,-0.76541,0.47276,-2.1953,-0.84707,-0.95136,0.42824,0.63248,0.16813,0.15758
2.8305,-1.1408,2.8207,-2.2074,0.62435,0.85649,-0.39188,1.0626,0.59262,1.3643,0.15564,-0.14583,-0.15444,-0.12165,-0.30918,-0.15425
2.6814,0.082537,0.026657,2.7592,-0.33557,-0.95024,-0.7713,-0.20641,-0.86244,0.076183,-0.81835,0.43267,0.0074277,0.091156,0.2567,0.18266
-1.1959,-0.18075,1.1139,1.7312,-2.1549,-0.023966,-3.612,0.64749,-2.2164,0.074386,-0.67894,-1.2335,1.3363,-0.43797,0.85506,0.017533
-0.5858,0.40892,-3.426,-1.9376,-3.1464,0.98264,-0.78158,0.75782,-0.1758,-1.3846,-2.5208,-1.5954,0.8678,-0.29065,0.32222,-1.1221
-1.7176,5.0998,1.4149,0.80501,1.6743,1.0315,1.6968,-3.5421,-1.2262,0.38718,-0.053204,-0.68414,0.39006,0.088225,-0.24268,-1.0863
-3.7028,3.6145,1.4535,0.21599,-1.2622,0.85391,2.1387,-0.72633,-0.30554,0.87185,-1.5677,-1.2938,1.2008,-2.126,-0.33951,1.0286
2.0556,0.8361,-3.4146,-2.5343,-1.4232,-2.916,0.098718,-1.8266,1.1241,0.88827,1.0448,0.82451,-0.25213,-0.66885,0.39463,0.43844
0.73125,-1.0239,1.2315,0.89119,-2.5325,-0.35907,-0.31238,0.62248,0.080178,1.0369,-1.7321,-0.53116,-0.21407,-0.237,0.064823,0.0031431
1.29,-0.84125,1.0194,1.0504,-2.026,-0.54856,-0.33186,0.40846,0.27918,1.0079,-1.3372,-0.52863,-0.094519,-0.096011,0.28993,0.09142
3.705,0.44743,-0.88635,3.004,0.59798,-0.29916,-0.90738,0.085506,-0.3454,1.4867,0.52163,0.22283,-0.40866,-0.55654,-0.10761,-0.26919
1.3151,0.68847,-2.7812,-2.9161,-1.3791,-3.2114,0.25671,0.21094,0.75317,0.1973,1.0503,0.45524,-0.69524,-0.80932,0.19309,0.42672
3.385,1.7811,-5.0933,-0.22101,0.44909,0.011505,-0.20924,-0.79877,0.50739,-2.1928,-0.83003,-0.92888,0.46597,0.67335,0.31916,0.22917
-0.049396,0.14288,-2.2624,-2.1086,-3.0356,-1.336,1.0348,0.16637,-2.7157,-0.097561,-1.0563,-0.16454,-0.30894,-0.45204,-0.30565,0.31101
3.0297,-0.24135,2.5586,0.014966,1.4596,-0.27016,-0.55637,-0.15995,-1.3888,-0.96023,-0.42838,0.0069753,-0.61145,-0.31661,-0.4901,-0.69489
2.6909,-1.5306,3.1325,-1.9772,0.23314,-0.38859,-0.27838,0.42866,0.77141,0.20602,-0.38347,-0.52645,0.075044,0.17169,-0.30527,-0.33773
0.30024,-0.85333,0.88914,1.5412,-3.0007,-0.53156,-0.19841,1.154,-0.036611,1.0128,-1.9515,-0.43503,-0.3875,-0.38653,0.08306,0.038331
-3.527,2.8756,0.70966,0.57262,-0.75707,0.50265,-0.91599,-0.62184,-1.6599,0.075569,-0.34818,-1.3067,2.8106,-1.6319,0.3549,0.19254
-0.97904,1.5699,-0.21572,1.0364,-1.6056,0.037615,0.21153,-0.087597,-2.6517,-0.42262,-2.3955,1.7692,-0.59375,2.5214,0.54452,-1.5972
3.2275,0.18101,-0.078586,2.6397,0.066552,-1.2948,-0.76064,-0.45187,-0.20642,0.315,-0.25416,0.37355,0.14306,0.020861,0.77143,-0.061942
3.6885,2.1173,-6.0249,-0.32248,0.96809,2.3201,-0.54748,0.67406,-0.11006,0.11518,-0.012754,-0.11985,-0.12526,0.0091541,-0.2653,0.017535
3.4243,2.0789,-5.9047,0.10377,0.62577,1.5219,-0.45635,0.24145,-0.13747,-0.65093,-0.36452,-0.47868,-0.048192,0.15524,-0.62088,-0.12866
