-1.0344,-1.2461,-0.52384,-1.2301,-1.7987,-2.4144,-1.0004,-1.0037,-1.0002,-1.0133,-1.0003,-1.0431,-1.0019,-1.6849,-1.0006,-1.0059,-1.0009,-1.0006,-1.0009,-1.0011,-1.0017,0,0,-1.0529,-1.3058,-1.083,0.55661,0.56301,-1.3626,-1.3679,-0.36995,-1.1969,-1.2611,-2.3188,-1.7322,-0.0023978,-1.2936,0.43578,-1.1375,0.55496,0.56873,-1.3442,-1.3617
-1.0265,-1.2461,-0.52384,-1.2301,-1.6852,-0.42294,-1.0004,-1.0026,-1.0002,-1.0133,-1.0003,-0.84314,-1.0019,0.31512,-0.98567,0.99406,-1.0009,-1.0006,-0.90565,-1.0011,-1.0017,0,0,-1.0529,-1.3058,-1.083,-1.4434,-1.437,-1.3626,-1.3679,-0.36995,-1.1969,-1.2611,-2.3188,-1.7322,-0.0023978,-1.2936,0.43578,-1.1375,-1.445,-1.4313,-1.3442,-1.3617
-1.0344,-1.2461,-0.52384,-1.2301,-1.7545,-0.42294,-1.0004,-1.0037,-1.0002,-1.0133,-1.0003,-1.0431,-1.0019,-1.6849,-1.0006,-1.0059,-1.0009,-1.0006,-1.0009,-1.0011,-1.0017,0,0,-1.0529,-1.3019,-1.083,-1.4434,-1.437,-1.3626,-1.3679,-1.37,0.80311,-1.2611,-2.303,-1.7243,-0.6624,0.046423,-0.90422,-1.1375,-1.445,-1.4313,-1.3442,-1.3617
-1.0344,-1.2461,-0.52384,-1.2301,0.19816,-2.1242,-1.0004,-1.0037,-1.0002,-1.0133,-1.0003,-1.0431,-1.0019,-1.6849,-1.0006,-1.0059,-1.0009,-1.0006,-1.0009,-1.0011,-1.0017,0,0,-1.0529,-1.3058,-1.0791,-1.4434,-1.437,0.63741,-0.36787,-0.36995,-1.1969,0.73892,-2.3188,0.26778,-0.0023978,-1.2936,0.43578,-1.0175,-1.445,-1.4313,0.65576,0.63834
-1.0344,-1.2461,-0.52384,-1.2301,-1.7632,-2.3825,-1.0004,-1.0037,-1.0002,-1.0133,-1.0003,-1.0431,-1.0019,-1.6849,-1.0006,-1.0059,-1.0009,-1.0006,-1.0009,-1.0011,-1.0017,0,0,-1.0529,-1.0279,-1.083,-1.4434,-1.437,0.63741,0.63213,-2.35,-1.0369,-1.2611,-0.31879,-1.7322,-2.0024,-1.1536,-1.5642,-1.1375,-1.445,-1.4313,0.65576,0.63834
-1.0255,-1.2461,-0.52384,-1.2301,-1.7149,-0.42294,-1.0004,-1.0035,-1.0002,-1.0133,-1.0003,-0.9098,-1.0019,0.31512,-1.0006,-1.0059,-1.0009,-1.0006,-0.90565,-1.0011,-1.0017,0,0,0.94706,-1.3058,-1.083,-1.4434,-1.437,-1.3626,-1.3679,-0.36995,-1.1969,-1.2611,-0.31879,-1.7322,-2.0024,-1.2736,-1.5642,-1.1375,-1.445,-1.4313,-1.2642,-1.3617
-0.69843,-1.2461,-0.52384,-1.2301,-1.7926,-2.3595,-1.0004,-0.99998,-1.0002,-1.0133,-1.0003,-1.0431,-1.0019,0.31512,-1.0006,-1.0059,-1.0009,-1.0006,-1.0009,-1.0011,-1.0017,0,0,-1.0529,-1.3058,-1.083,-1.4434,-1.437,0.63741,0.63213,-0.36995,-1.1969,-1.2611,-2.2479,-1.6928,-0.8024,-0.89358,-1.3642,-1.1375,-1.245,-1.0913,-0.34424,0.29834
-1.0344,-1.2461,-0.52384,-1.2301,-1.4618,-0.42294,-1.0004,-1.0009,-1.0002,-1.0133,-1.0003,-1.0431,-1.0019,-1.6849,-1.0006,-1.0059,-1.0009,-1.0006,-1.0009,-1.0011,-1.0017,0,0,-1.0529,-1.3058,-1.083,-1.4434,-1.437,-1.3626,-1.3679,-0.36995,-1.1969,-1.2611,-2.3188,-1.7322,-0.0023978,-1.2936,0.43578,-1.1375,-1.445,-1.4313,-1.3442,-1.3617
-1.0316,-1.2461,-0.52384,-1.2301,-1.6852,-0.42294,-1.0004,-1.0022,-1.0002,-1.0133,-1.0003,-1.0431,-1.0019,0.31512,-1.0006,0.99406,-1.0009,-0.98747,-0.90565,-1.0011,-1.0017,0,0,-1.0529,-1.3058,-1.083,-1.4434,-1.437,-1.3626,-1.3679,-0.36995,-1.1969,-1.2611,-0.31879,-1.7086,-1.9624,-1.2536,-1.5642,-1.1375,-1.445,-0.93127,0.11576,-0.86166
-1.0344,-1.2461,-0.52384,-1.2301,-1.4618,-0.42294,-1.0004,-1.0037,-1.0002,-1.0133,-1.0003,-1.0431,-1.0019,0.31512,-1.0006,-1.0059,-1.0009,-1.0006,-1.0009,-1.0011,-1.0017,0,0,-1.0529,-1.3058,-1.083,-1.4434,-1.437,-1.3626,-1.3679,-0.36995,-1.1969,-1.2611,-2.3109,-1.7243,-0.0023978,-1.2936,0.43578,-1.1375,-1.445,-1.4313,-1.3442,-1.3617
-1.0344,-1.2461,-0.52384,-1.2301,0.19816,-2.1242,-1.0004,-1.0037,-1.0002,-1.0133,-1.0003,-1.0431,-1.0019,-1.6849,-1.0006,-1.0059,-1.0009,-1.0006,-1.0009,-1.0011,-1.0017,0,0,-1.0529,-1.3058,-1.0791,-1.4434,-1.437,0.63741,0.63213,-0.36995,-1.1969,0.73892,-2.2952,-1.6377,-0.0023978,-1.2936,-1.0642,-0.21745,-1.445,-1.4313,0.65576,0.63834
-1.0344,-1.2461,-0.52384,-1.2301,-0.71837,-1.4936,-1.0004,-1.0037,-1.0002,-1.0133,-1.0003,-1.0431,-1.0019,-1.6849,-1.0006,-1.0059,-1.0009,-1.0006,-1.0009,-1.0011,-1.0017,0,0,-1.0529,-0.91441,-1.083,0.55661,0.56301,-1.3626,-1.3679,-2.35,-1.0569,-1.2611,-2.3109,-1.7322,-1.0024,0.70642,-0.56422,-1.1375,0.55496,0.56873,-1.3442,-1.3617
-1.0344,-1.2461,-0.52384,-1.2301,-1.4618,-0.42294,-1.0004,-1.0018,-1.0002,-1.0133,-1.0003,-1.0431,-1.0019,0.31512,-1.0006,-1.0059,-1.0009,-1.0006,-1.0009,-1.0011,-1.0017,0,0,-1.0529,-1.298,-1.0752,-1.4434,-1.437,-1.3626,-1.3679,-0.36995,-1.1969,-1.2611,-2.303,-1.0866,-0.0023978,-1.2936,0.43578,-1.0975,-1.445,-1.4313,-1.3442,-1.3617
0.71924,-1.2461,-0.52384,-1.2301,-1.7761,-2.4214,-1.0004,-1.0037,-1.0002,-1.0133,-1.0003,-1.0431,-1.0019,-1.6849,-1.0006,-1.0059,-1.0009,-1.0006,-1.0009,-1.0011,-1.0017,0,0,-1.0529,-1.3058,-1.083,-1.4434,-1.437,0.63741,0.63213,-0.36995,-1.1969,-1.2611,-1.7361,-1.7322,-1.9824,-1.1136,-1.4842,-1.1375,-1.445,-1.4313,-1.2642,0.63834
-1.0344,-1.2461,-0.52384,-1.2301,-1.4393,-0.42294,-1.0004,-1.0036,-1.0002,-1.0133,-1.0003,-1.0431,-1.0019,0.31512,-1.0006,-1.0059,-1.0009,-1.0006,-1.0009,-1.0011,-1.0017,0,0,-1.0529,-1.3019,-1.0713,-1.4434,-1.437,-1.3626,-1.3679,-0.36995,-1.1969,0.23892,-2.2637,-1.2677,-0.5024,-0.53358,-1.3242,-1.0775,-1.445,-1.4313,-1.3442,-1.3617
-1.0296,-1.2461,-0.52384,-1.2301,-1.6852,-0.42294,-1.0004,-1.0003,-1.0002,-1.0133,-1.0003,-0.9098,-1.0019,0.31512,-0.98567,0.99406,-1.0009,-0.99074,-0.61994,0.9989,-0.60173,0,0,-1.0529,-1.3058,-1.083,-1.4434,-1.437,-1.3626,-1.3679,-0.36995,-1.1969,-1.2611,-2.3188,-1.7322,-0.0023978,-1.2936,0.43578,-1.1375,-1.445,-1.4313,-1.3442,-1.3617
-1.0344,-1.2461,-0.52384,-1.2301,-1.4618,-0.42294,-1.0004,-1.0018,-1.0002,-1.0133,-1.0003,-1.0431,-1.0019,0.31512,-1.0006,-1.0059,-1.0009,-1.0006,-1.0009,-1.0011,-1.0017,0,0,-1.0529,-1.298,-1.0752,-1.4434,-1.437,-1.3626,-1.3679,-0.36995,-1.1969,-1.2611,-2.303,-1.7165,-0.0023978,-1.2936,0.43578,-1.1375,-1.445,-1.4313,-1.3442,-1.3617
-1.0344,-1.2461,-0.52384,-1.2301,0.19816,-2.3825,-1.0004,-1.0037,-1.0002,-1.0133,-1.0003,-1.0431,-1.0019,0.31512,-1.0006,-1.0059,-1.0009,-1.0006,-1.0009,-1.0011,-1.0017,0,0,-1.0529,-1.3058,-1.083,-1.4434,-1.437,0.63741,0.63213,-0.36995,-1.1969,-1.2611,-2.3188,0.25991,-0.0023978,-1.2936,0.43578,-1.0375,-1.445,-1.4313,0.65576,-1.3617
-1.0344,-1.2461,-0.52384,-1.2301,-1.6852,-2.3825,-1.0004,-1.0036,-1.0002,-1.0133,-1.0003,-0.97647,-0.60193,-1.6849,-1.0006,-1.0059,-1.0009,-1.0006,-1.0009,-1.0011,-1.0017,0,0,-1.0529,-1.3019,-1.0791,-0.44339,-0.43699,-0.36259,-0.36787,-0.36995,-1.1969,-1.2611,-2.3109,-1.7243,-0.0023978,-1.2936,-0.56422,-1.1375,-0.44504,-0.43127,-0.34424,-0.36166
-1.0344,-1.2461,-0.52384,-1.2301,-1.7818,-2.3595,-1.0004,-1.0037,-1.0002,-1.0133,-1.0003,-1.0431,-1.0019,-1.6849,-1.0006,-1.0059,-1.0009,-1.0006,-1.0009,-1.0011,-1.0017,0,0,-1.0529,-1.3019,-1.083,-1.4434,-1.437,-0.36259,0.63213,-1.37,0.80311,-1.2611,-0.31879,-1.7322,-2.0024,0.70642,0.43578,-1.1375,-1.445,-1.4313,0.65576,0.63834
-1.0344,-1.2461,-0.52384,-1.2301,-1.4618,-0.42294,-1.0004,-1.0037,-1.0002,-1.0133,-1.0003,-1.0431,-1.0019,0.31512,-1.0006,-1.0059,-1.0009,-1.0006,-1.0009,-1.0011,-1.0017,0,0,-1.0529,-1.3019,-1.0791,-1.4434,-1.437,-1.3626,-1.3679,-0.36995,-1.1969,-1.2611,-2.3188,-1.7322,-0.0023978,-1.2936,0.43578,-1.1375,-1.445,-1.4313,-1.3442,-1.3617
-1.0344,-1.2461,-0.52384,-1.2301,-1.4618,-0.42294,-1.0004,-1.0037,-1.0002,-1.0133,-1.0003,-1.0431,-1.0019,0.31512,-1.0006,-1.0059,-1.0009,-1.0006,-1.0009,-1.0011,-1.0017,0,0,-1.0529,-1.3019,-1.0791,-1.4434,-1.437,-1.3626,-1.3679,-0.36995,-1.1969,-1.2611,-0.31879,-1.6928,-1.9624,-1.2536,-1.5242,-1.1375,-1.445,-1.4313,0.31576,-1.3617
-1.0344,-1.2461,-0.52384,-1.2301,0.19816,-2.1242,-1.0004,-1.0037,-1.0002,-1.0133,-1.0003,-1.0431,-1.0019,-1.6849,-1.0006,-1.0059,-1.0009,-1.0006,-1.0009,-1.0011,-1.0017,0,0,-1.0529,-1.3058,-1.083,-1.4434,-1.437,0.63741,0.63213,-0.36995,-1.1969,-1.2611,-2.3188,0.26778,-0.0023978,-1.2936,0.43578,-1.0575,-1.445,-1.4113,0.65576,-1.3217
-1.033,-1.2461,-0.52384,-1.2301,-1.6852,-0.42294,-1.0004,-1.0032,-1.0002,-1.0133,-1.0003,-1.0431,-1.0019,0.31512,-1.0006,-1.0059,-1.0009,-1.0006,-0.90565,-1.0011,-1.0017,0,0,-1.0529,-1.3058,-1.083,-1.4434,-1.437,-1.3626,-1.3679,-0.36995,-1.1969,-1.2611,-2.2873,-1.7165,-0.8024,-0.093577,-1.1642,-1.1375,-1.445,-1.4313,-1.3442,-1.3617
-1.0344,-1.2461,-0.52384,-1.2301,0.19816,-0.42294,-1.0004,-1.0026,-1.0002,-1.0133,-1.0003,-1.0431,-1.0019,0.31512,-1.0006,-1.0059,-1.0009,-1.0006,-1.0009,-1.0011,-1.0017,0,0,-1.0529,-1.3019,-1.0791,-1.4434,-1.437,-1.3626,-1.3679,-0.36995,-1.1969,-1.2611,-2.3188,0.26778,-0.0023978,-1.2936,0.43578,-0.95745,-1.445,-1.4313,-1.3442,0.49834
-1.0344,-1.2461,-0.52384,-1.2301,-0.71837,-1.4936,-1.0004,-1.0037,-1.0002,-1.0133,-1.0003,-1.0431,-1.0019,-1.6849,-1.0006,-1.0059,-1.0009,-1.0006,-1.0009,-1.0011,-1.0017,0,0,-1.0529,-0.64044,-1.083,0.55661,0.56301,-1.3626,-1.3679,-2.35,-1.0769,-1.2611,-2.1928,-1.7322,-1.8824,-0.81358,-1.4442,-1.1375,-1.085,0.56873,-1.2242,-1.3617
-1.0344,-1.2461,-0.52384,-1.2301,-0.71837,-1.4936,-1.0004,-1.0037,-1.0002,-1.0133,-1.0003,-1.0431,-1.0019,-1.6849,-1.0006,-1.0059,-1.0009,-1.0006,-1.0009,-1.0011,-1.0017,0,0,-1.0529,-1.0905,-1.083,0.51661,0.56301,-1.3226,-1.3679,-2.33,-1.0169,-1.2611,-0.31879,-1.7322,-2.0024,0.70642,0.43578,-1.1375,-1.405,0.56873,0.61576,-1.3617
-1.0344,-1.2461,-2.5238,0.7699,-1.7936,-0.42294,-1.0004,-1.0037,-1.0002,-1.0133,-1.0003,-1.0431,-1.0019,-1.6849,-1.0006,-1.0059,-1.0009,-1.0006,-1.0009,-1.0011,-1.0017,0,0,-1.0529,-1.3097,-1.0869,-1.4434,-1.437,-1.3626,-1.3679,-2.37,-1.1969,-1.2611,-2.0904,-1.5196,-0.1424,-1.1536,0.29578,-1.1375,-1.445,-1.4313,-1.3442,-1.3617
-1.0344,-1.2461,-0.52384,-1.2301,-1.7782,-2.4214,-1.0004,-1.0037,-1.0002,-1.0133,-1.0003,-1.0431,-1.0019,-1.6849,-1.0006,-1.0059,-1.0009,-1.0006,-1.0009,-1.0011,-1.0017,0,0,-1.0529,-0.44083,-1.0791,-0.16339,-0.43699,-0.64259,-0.36787,-2.35,-0.35689,-1.2611,-0.31879,-1.7243,-1.9824,-0.57358,0.17578,-1.1375,-0.34504,-0.43127,-0.70424,-0.36166
-1.0344,-1.2461,-0.52384,-1.2301,0.19816,-0.42294,-1.0004,-1.0027,-1.0002,-1.0133,-1.0003,-0.97647,-1.0019,0.31512,-1.0006,0.99406,-1.0009,-1.0006,-1.0009,-1.0011,-1.0017,0,0,-1.0529,-1.2823,-1.0517,-1.4434,-1.437,-1.3626,-1.3679,-0.36995,-1.1969,-0.60108,-2.1849,0.26778,-0.0023978,-1.2936,-1.4442,-1.0975,-1.445,-1.4313,-1.3442,-1.3617
-1.0194,-1.2461,-0.52384,-1.2301,-1.6852,-2.3825,-1.0004,-1.003,-1.0002,-1.0133,-1.0003,-1.0431,-1.0019,0.31512,-1.0006,-1.0059,-1.0009,-1.0006,-0.90565,-1.0011,-1.0017,0,0,-1.0529,-0.71871,-1.083,0.53661,-1.437,-1.3426,0.63213,-2.35,-1.0769,-1.2611,-2.2794,-1.6928,-0.0023978,-1.2936,-1.2242,-1.1375,-1.445,-1.4313,-1.0042,-1.0217
-1.0344,-1.2461,-0.52384,-1.2301,-1.6852,-2.3825,-1.0004,-1.0036,-1.0002,-1.0133,-1.0003,-0.97647,-0.60193,-1.6849,-1.0006,-1.0059,-1.0009,-1.0006,-1.0009,-1.0011,-1.0017,0,0,-1.0529,-1.3019,-1.0791,-1.4434,-1.437,0.63741,0.63213,-0.36995,-1.1969,-1.2611,-2.1692,-1.5826,-0.0023978,-1.2936,-1.4642,-1.1375,-1.345,-1.3313,0.55576,0.53834
-1.0344,-1.2461,-0.52384,-1.2301,0.19816,-2.1242,-1.0004,-1.0037,-1.0002,-1.0133,-1.0003,-1.0431,-1.0019,-1.6849,-1.0006,-1.0059,-1.0009,-1.0006,-1.0009,-1.0011,-1.0017,0,0,-1.0529,-0.1512,-1.0126,-1.4434,-1.437,0.63741,0.63213,-2.25,-1.0969,-1.2611,-0.31879,-1.5905,-1.8624,-1.1736,-1.5642,-1.1375,-1.445,-1.4313,0.65576,0.63834
-1.0285,-1.2461,-0.52384,-1.2301,-1.6852,-0.42294,-1.0004,-1.0026,-1.0002,-1.0133,-1.0003,-0.97647,-1.0019,0.31512,-1.0006,-1.0059,-1.0009,-1.0006,-0.90565,-1.0011,-1.0017,0,0,-1.0529,-0.98486,-1.083,0.53661,-1.437,-1.3626,-1.3679,-2.35,-1.0369,-1.2611,-2.2873,-1.7007,-0.0023978,-1.2936,-1.1642,-1.1375,-1.445,-1.4313,-1.3442,-1.3617
-1.0344,-1.2461,-0.52384,-1.2301,-0.71837,-2.1242,-1.0004,-1.0037,-1.0002,-1.0133,-1.0003,-1.0431,-1.0019,-1.6849,-1.0006,-1.0059,-1.0009,-1.0006,-1.0009,-1.0011,-1.0017,0,0,-1.0529,0.68246,-1.083,-1.4034,-1.437,0.59741,0.63213,-2.37,0.80311,-1.2611,-0.31879,-1.7322,-2.0024,0.70642,-1.5642,-1.1375,-1.405,-1.4313,0.61576,0.63834
-1.0344,0.75395,-2.5238,-1.2301,-1.6493,-0.42294,-1.0004,-1.0037,-1.0002,-1.0133,-1.0003,-1.0431,-1.0019,-1.6849,-1.0006,-1.0059,-1.0009,-1.0006,-1.0009,-1.0011,-1.0017,0,0,-1.0529,0.69029,0.91308,-1.4434,-1.437,-1.3626,-1.3679,-0.36995,-1.1969,-1.2611,-0.31879,-1.559,-1.8224,-1.1936,-1.3842,-1.1375,-0.78504,-1.4313,-1.3042,-1.3617
-1.0344,-1.2461,-0.52384,-1.2301,-1.4618,-0.42294,-1.0004,-1.0014,-1.0002,-1.0133,-1.0003,-1.0431,-1.0019,0.31512,-1.0006,-1.0059,-1.0009,-1.0006,-1.0009,-1.0011,-1.0017,0,0,-1.0529,-1.3019,-1.0791,-1.4434,-1.437,-1.3626,-1.3679,-0.36995,-1.1969,-1.2611,-2.3109,-1.7243,-0.0023978,-1.2936,0.43578,-1.1375,-1.445,-1.4313,-1.3442,-1.3617
-1.0344,-1.2461,-0.52384,-1.2301,-1.4618,-0.42294,-1.0004,-1.0037,-1.0002,-1.0133,-1.0003,-1.0431,-1.0019,0.31512,-1.0006,-1.0059,-1.0009,-0.98092,-1.0009,-1.0011,-1.0017,0,0,-1.0529,-1.3019,-1.0791,-1.4434,-1.437,-1.3626,-1.3679,-0.36995,-1.1969,-1.2611,-2.3109,-1.7243,-0.0023978,-1.2936,0.43578,-1.1375,-1.445,-1.4313,-1.3442,-1.3617
-1.0344,-1.2461,-0.52384,-1.2301,-1.7695,-2.3825,-1.0004,-1.0037,-1.0002,-1.0133,-1.0003,-1.0431,-1.0019,-1.6849,-1.0006,-1.0059,-1.0009,-1.0006,-1.0009,-1.0011,-1.0017,0,0,-1.0529,-0.31558,-1.083,-1.4434,-1.437,0.63741,0.63213,-2.37,-1.0569,-1.2611,-0.31879,-1.7322,-2.0024,-1.1536,-1.5642,-1.1375,-1.445,-1.4313,0.65576,0.63834
-1.0344,-1.2461,-0.52384,-1.2301,0.19816,-1.4936,-1.0004,-1.0037,-1.0002,-1.0133,-1.0003,-1.0431,-1.0019,-1.6849,-1.0006,-1.0059,-1.0009,-1.0006,-1.0009,-1.0011,-1.0017,0,0,-1.0529,-0.15903,-1.0673,0.55661,0.56301,-1.3626,-1.3679,-2.33,-1.0969,-1.2611,-0.31879,-1.7007,-1.9624,-1.1936,-1.5642,-1.1375,0.55496,0.56873,-1.3442,-1.3617
-0.5099,-1.2461,-0.52384,-1.2301,-1.6852,-0.42294,-1.0004,-0.93228,-1.0002,-1.0133,-1.0003,-1.0431,-1.0019,0.31512,0.99943,0.99406,0.99907,0.99944,-1.0009,-1.0011,0.99827,0,0,-1.0529,-1.3058,-1.083,-1.4434,-1.437,-1.3626,-1.3679,-0.36995,-1.1969,-1.2611,-2.0668,-1.6614,-1.4024,-1.0536,-1.5042,-1.1375,-1.445,-1.4313,-1.3442,-1.3617
-1.0323,-1.2461,-0.52384,-1.2301,-1.6852,-0.42294,-1.0004,-1.0021,-1.0002,-1.0133,-1.0003,-0.84314,-1.0019,0.31512,-0.99685,0.99406,-1.0009,-1.0006,-1.0009,-1.0011,-1.0017,0,0,-1.0529,-1.3019,-1.083,-1.4434,-1.437,-0.36259,-1.3679,-1.37,0.80311,-1.2611,-2.2715,-1.685,-0.0023978,-1.2936,-1.2842,-1.1375,-1.445,-1.4313,-1.0642,-1.0817
-1.0344,0.75395,-2.5238,-1.2301,-1.6493,-0.42294,-1.0004,-1.0037,-1.0002,-1.0133,-1.0003,-1.0431,-1.0019,-1.6849,-1.0006,-1.0059,-1.0009,-1.0006,-1.0009,-1.0011,-1.0017,0,0,-1.0529,0.68637,0.90917,-1.4434,-1.437,-1.3626,-1.3679,-0.36995,-1.1969,-1.2611,-0.31879,-1.5275,-1.7824,-0.93358,-1.3442,-1.1375,-1.445,-1.4313,-1.3442,-1.3617
-1.0344,-1.2461,-0.52384,-1.2301,-1.7545,-0.42294,-1.0004,-1.0037,-1.0002,-1.0133,-1.0003,-1.0431,-1.0019,0.31512,-0.99685,-1.0059,-1.0009,-0.99729,-1.0009,-1.0011,-1.0017,0,0,-1.0529,-1.3058,-1.083,-1.4434,-1.437,-1.3626,-1.3679,-0.36995,-1.1969,-1.2611,-2.3109,-1.7322,-1.0024,0.70642,-0.56422,-1.1375,-1.445,-1.4313,-1.3442,-1.3617
-1.0344,-1.2461,-0.52384,-1.2301,-1.7698,-2.4144,-1.0004,-0.75186,-1.0002,-1.0133,-1.0003,-1.0431,-1.0019,-1.6849,-1.0006,-1.0059,-1.0009,-1.0006,-1.0009,-1.0011,-1.0017,0,0,-1.0529,-1.3058,-1.083,0.55661,0.56301,-1.3626,-1.3679,-0.36995,-1.1969,-1.2611,-2.2401,-1.6535,-0.0023978,-1.2936,-1.3842,-1.1375,-0.34504,-0.33127,-1.3442,-1.3617
-1.0344,-1.2461,-2.5238,0.7699,-1.7936,-0.42294,-1.0004,-1.0037,-1.0002,-1.0133,-1.0003,-1.0431,-1.0019,-1.6849,-1.0006,-1.0059,-1.0009,-1.0006,-1.0009,-1.0011,-1.0017,0,0,-1.0529,-1.3058,-1.083,-1.4434,-1.437,-1.3626,-1.3679,-0.36995,-1.1969,-1.2611,-1.9723,-1.5511,-0.9424,-1.1536,-0.50422,-1.1375,-1.445,-1.4313,-1.3442,-1.3617
-1.0344,-1.2461,-0.52384,-1.2301,0.19816,-1.4936,-1.0004,-1.0037,-1.0002,-1.0133,-1.0003,-1.0431,-1.0019,-1.6849,-1.0006,-1.0059,-1.0009,-1.0006,-1.0009,-1.0011,-1.0017,0,0,-1.0529,-1.3019,-1.0791,-0.44339,-0.43699,-0.36259,-0.36787,-1.37,0.80311,0.73892,-0.31879,-1.5432,-1.8024,-1.1736,-1.5642,-1.1375,0.55496,0.56873,-1.3442,-1.3617
-1.0344,-1.2461,-2.5238,0.7699,-1.5858,-0.42294,-1.0004,-1.0037,-1.0002,-1.0133,-1.0003,-1.0431,-1.0019,-1.6849,-1.0006,-1.0059,-1.0009,-1.0006,-1.0009,-1.0011,-1.0017,0,0,-1.0529,-1.3019,-1.0791,-1.4434,-1.437,-1.3626,-1.3679,-0.36995,-1.1969,-1.2611,-2.3109,-1.7243,-0.0023978,-1.2936,-0.56422,-1.1375,-1.445,-1.4313,-1.3442,-1.3617
-1.0344,-1.2461,-0.52384,-1.2301,-1.4618,-0.42294,-1.0004,-1.0014,-1.0002,-1.0133,-1.0003,-1.0431,-1.0019,0.31512,-1.0006,-1.0059,-1.0009,-1.0006,-1.0009,-1.0011,-1.0017,0,0,-1.0529,-1.3019,-1.0791,-1.4434,-1.437,-1.3626,-1.3679,-0.36995,-1.1969,-1.2611,-2.3109,-1.0944,-0.0023978,-1.2936,0.43578,-1.0975,-1.445,-1.4313,-1.3442,-1.3617
-1.0344,-1.2461,-0.52384,-1.2301,0.19816,-2.1242,-1.0004,-1.0037,-1.0002,-1.0133,-1.0003,-1.0431,-1.0019,-1.6849,-1.0006,-1.0059,-1.0009,-1.0006,-1.0009,-1.0011,-1.0017,0,0,-1.0529,-1.3058,-1.0791,-1.4434,-1.437,0.63741,0.63213,-0.36995,-1.1969,0.73892,-2.3188,0.26778,-0.0023978,-1.2936,0.43578,-0.85745,-1.445,-1.4313,0.65576,0.51834
-1.0344,-1.2461,-0.52384,-1.2301,-1.7783,-1.4936,-1.0004,-1.0037,-1.0002,-1.0133,-1.0003,-1.0431,-1.0019,-1.6849,-1.0006,-1.0059,-1.0009,-1.0006,-1.0009,-1.0011,-1.0017,0,0,-1.0529,-1.1766,-1.0791,0.13661,0.56301,-0.94259,-1.3679,-2.25,-0.37689,-1.2611,-0.31879,-1.7243,-1.9824,-1.1736,-1.3042,-1.1375,-1.225,0.56873,-1.2842,-1.3617
-1.0343,-1.2461,-0.52384,-1.2301,-1.6852,-0.42294,-1.0004,-1.0024,-1.0002,-1.0133,-1.0003,-1.0431,-1.0019,0.31512,-1.0006,-1.0059,-1.0009,-1.0006,-1.0009,-1.0011,-1.0017,0,0,-1.0529,-1.3058,-1.083,-1.4434,-1.437,-1.3626,-1.3679,-0.36995,-1.1969,-1.2611,-0.61801,-1.7322,-2.0024,-1.2336,-1.5642,-1.1375,-1.445,-1.4313,-1.3442,-1.3617
-1.0344,-1.2461,-0.52384,-1.2301,-1.4618,-0.42294,-1.0003,-1.0037,-1.0002,-1.0133,-1.0003,-1.0431,-1.0019,0.31512,-1.0006,-1.0059,-1.0009,-1.0006,-0.90565,-1.0011,-1.0017,0,0,-1.0529,-1.3019,-1.0791,-1.4434,-1.437,-1.3626,-1.3679,-0.36995,-1.1969,-1.2611,-0.31879,-1.6771,-1.9424,-0.27358,-1.5042,-1.1375,-1.445,-1.4313,-1.3442,-1.3617
-1.0344,-1.2461,-0.52384,-1.2301,-1.4393,-2.4144,-1.0004,-1.0036,-1.0002,-1.0133,-1.0003,-1.0431,-1.0019,0.31512,-1.0006,-1.0059,-1.0009,-1.0006,-1.0009,-1.0011,-1.0017,0,0,-1.0529,-1.3058,-1.083,0.55661,0.56301,-1.3626,-1.3679,-0.36995,-1.1969,-1.2611,-2.1613,-0.44088,-0.3824,-0.91358,-1.4642,-1.1175,-1.345,-1.4113,-1.3442,-1.3617
0.96557,-1.2461,-0.52384,-1.2301,-0.71837,-2.3595,-1.0004,-1.0037,-1.0002,-1.0133,-1.0003,-1.0431,-1.0019,-1.6849,-1.0006,-1.0059,-1.0009,-1.0006,-1.0009,-1.0011,-1.0017,0,0,-1.0529,-1.3019,-1.0791,-1.4434,-1.437,0.63741,0.63213,-0.36995,-1.1969,-1.2611,-1.303,-1.7243,-1.9624,-1.1736,-1.4042,-1.1375,-1.445,-1.4313,-1.1842,0.63834
-1.0013,-1.2461,-0.52384,-1.2301,-1.6852,-0.42294,-1.0004,-0.99436,-1.0002,-1.0133,-1.0003,-1.0431,-1.0019,0.31512,-0.97823,-1.0059,-1.0009,-0.97765,-1.0009,-1.0011,-1.0017,0,0,-1.0529,-1.3058,-1.083,-1.4434,-1.437,-1.3626,-1.3679,-0.36995,-1.1969,-1.2611,-0.31879,-1.7165,-1.9824,-1.2536,-1.5642,-1.1375,-1.445,-1.4313,-1.3442,-1.3617
-1.0344,-1.2461,-2.5238,0.7699,-1.3535,-0.42294,-1.0004,-1.0037,-1.0002,-1.0133,-1.0003,-1.0431,-1.0019,-1.6849,-1.0006,-1.0059,-1.0009,-1.0006,-1.0009,-1.0011,-1.0017,0,0,-1.0529,-1.2862,-1.0517,-1.4434,-1.437,-1.3626,-1.3679,-0.36995,-1.1969,-0.82108,-1.7755,-1.2125,-0.082398,-1.2136,-1.5442,-1.1375,-1.445,-1.4313,-1.3442,-1.3617
-1.0344,-1.2461,-0.52384,-1.2301,-1.4618,-0.42294,-1.0004,-1.0014,-1.0002,-1.0133,-1.0003,-1.0431,-1.0019,0.31512,-1.0006,-1.0059,-1.0009,-1.0006,-1.0009,-1.0011,-1.0017,0,0,-1.0529,-1.3019,-1.0791,-1.4434,-1.437,-1.3626,-1.3679,-0.36995,-1.1969,-1.2611,-2.3109,-1.7243,-0.0023978,-1.2936,0.43578,-1.1375,-1.445,-1.4313,-1.3442,-1.3617
-1.0344,-1.2461,-0.52384,-1.2301,-1.4618,-0.42294,-1.0004,-1.0037,-1.0002,-1.0133,-1.0003,-1.0431,-1.0019,0.31512,-1.0006,-1.0059,-1.0009,-1.0006,-1.0009,-1.0011,-1.0017,0,0,-1.0529,-1.3058,-1.083,-1.4434,-1.437,-1.3626,-1.3679,-0.36995,-1.1969,-1.2611,-2.3109,-1.7243,-0.0023978,-1.2936,0.43578,-1.1375,-1.445,-1.4313,-1.3442,-1.3617
-1.0344,-1.2461,-0.52384,-1.2301,-1.7737,-2.1242,-1.0004,-1.0037,-1.0002,-1.0133,-1.0003,-1.0431,-1.0019,-1.6849,-1.0006,-1.0059,-1.0009,-1.0006,-1.0009,-1.0011,-1.0017,0,0,-1.0529,-1.3058,-1.083,-1.4434,-1.437,0.63741,0.63213,-0.36995,-1.1969,-1.2611,-2.059,-1.7243,-1.9424,0.70642,-1.5042,0.86255,-1.445,-1.4313,0.59576,-0.36166
-1.0344,-1.2461,-0.52384,-1.2301,-1.7698,-0.42294,-1.0004,-1.0037,-1.0002,-1.0133,-1.0003,-1.0431,-1.0019,-1.6849,-1.0006,-1.0059,-1.0009,-1.0006,-1.0009,-1.0011,-1.0017,0,0,-1.0529,-1.298,-0.45287,-0.10339,-0.27699,-1.3626,-1.3079,-0.36995,-1.1969,-0.70108,-2.303,-1.7165,-0.0023978,-1.2936,0.43578,-1.1375,-0.10504,-0.091273,-1.3442,-1.3617
-1.0316,-1.2461,-0.52384,-1.2301,-1.6852,-0.42294,-1.0004,-1.0036,-1.0002,-1.0133,-1.0003,-1.0431,-1.0019,-1.6849,-1.0006,-1.0059,-1.0009,-1.0006,-1.0009,-1.0011,-1.0017,0,0,-1.0529,-1.3058,-1.083,-1.4434,-1.437,-1.3626,-1.3679,-0.36995,-1.1969,-1.2611,-0.31879,-1.7243,-1.9824,-1.2536,-1.5642,-1.1375,-1.445,-1.4313,-1.3442,-1.3617
-1.0342,-1.2461,-0.52384,-1.2301,-1.7149,-2.3825,-1.0004,-1.0037,-1.0002,-1.0133,-1.0003,-1.0431,-1.0019,-1.6849,-1.0006,-1.0059,-1.0009,-1.0006,-1.0009,-1.0011,-1.0017,0,0,-1.0529,-1.3058,-1.083,-1.4434,-1.437,0.63741,0.63213,-0.36995,-1.1969,-1.2611,-2.3109,-1.7243,-1.0024,0.70642,-0.56422,0.86255,-1.445,-1.4313,0.65576,0.63834
-1.0344,-1.2461,-0.52384,-1.2301,-1.7545,-0.42294,-1.0004,-1.0037,-1.0002,-1.0133,-1.0003,-1.0431,-1.0019,0.31512,-1.0006,-1.0059,-1.0009,-1.0006,-1.0009,-1.0011,-1.0017,0,0,-1.0529,-1.3058,-1.083,-1.4434,-1.437,-1.3626,-1.3679,-0.36995,-1.1969,-1.2611,-0.78336,-1.7007,-1.9424,-1.2336,-1.5442,-1.1375,-1.425,-1.4313,-1.3442,-1.3617
-1.0344,-1.2461,-0.52384,-1.2301,-1.7791,-1.4936,-1.0004,-1.0037,-1.0002,-1.0133,-1.0003,-1.0431,-1.0019,-1.6849,-1.0006,-1.0059,-1.0009,-1.0006,-1.0009,-1.0011,-1.0017,0,0,-1.0529,-0.13946,-1.0752,0.55661,0.56301,-1.3626,-1.3679,-2.35,-1.0769,-1.2611,-0.31879,-1.7243,-1.9824,-1.1536,-1.5642,-1.1375,0.55496,0.56873,-1.3442,-1.3617
-1.0344,-1.2461,-0.52384,-1.2301,-1.4618,-0.42294,-1.0004,-1.0014,-1.0002,-1.0133,-1.0003,-1.0431,-1.0019,0.31512,-1.0006,-1.0059,-1.0009,-1.0006,-1.0009,-1.0011,-1.0017,0,0,-1.0529,-1.3019,-1.0791,-1.4434,-1.437,-1.3626,-1.3679,-0.36995,-1.1969,-1.2611,-2.3109,-1.7243,-0.0023978,-1.2936,0.43578,-1.1375,-1.445,-1.4313,-1.3442,-1.3617
-1.0344,-1.2461,-0.52384,-1.2301,0.19816,-2.3595,-1.0004,-1.0037,-1.0002,-1.0133,-1.0003,-1.0431,-1.0019,-1.6849,-1.0006,-1.0059,-1.0009,-1.0006,-1.0009,-1.0011,-1.0017,0,0,-1.0529,-1.3058,-1.083,-1.4434,-1.437,0.63741,0.63213,-0.36995,-1.1969,-1.2611,-0.31879,-1.7322,-2.0024,0.70642,0.43578,-1.1375,-1.445,-1.4313,0.65576,0.63834
-1.0344,-1.2461,-0.52384,-1.2301,-1.6852,-2.4144,-1.0004,-0.99828,-1.0002,-1.0133,-1.0003,-1.0431,-1.0019,0.31512,-0.99312,-1.0059,-1.0009,-1.0006,-0.33422,-1.0011,-1.0017,0,0,-1.0529,-1.3058,-1.083,0.55661,0.56301,-1.3626,-1.3679,-0.36995,-1.1969,-1.2611,-0.31879,-1.685,-1.9424,-1.1536,-1.5642,-1.1375,0.23496,-1.1513,-1.3442,-1.3617
-1.0344,-1.2461,-0.52384,-1.2301,-1.7675,-1.4936,-1.0004,-1.0037,-1.0002,-1.0133,-1.0003,-1.0431,-1.0019,-1.6849,-1.0006,-1.0059,-1.0009,-1.0006,-1.0009,-1.0011,-1.0017,0,0,-1.0529,-1.2941,-1.083,0.55661,0.56301,-1.3626,-1.3679,-1.87,0.80311,-1.2611,-0.31879,-1.7322,-2.0024,-1.1336,-1.5642,-1.1375,0.55496,0.56873,-1.3442,-1.3617
-0.79786,-1.2461,-0.52384,-1.2301,-1.5858,-2.4229,-0.95314,-1.0037,-1.0002,-1.0133,-1.0003,-0.7098,-1.0019,0.31512,-1.0006,-1.0059,-1.0009,-1.0006,-1.0009,-1.0011,-1.0017,0,0,-1.0529,-1.3058,-1.083,0.55661,0.56301,-1.3626,-1.3679,-0.36995,-1.1969,-1.2611,-2.2715,-1.7322,-1.7224,-0.71358,0.43578,-1.1375,-0.86504,0.56873,-1.3442,-1.3617
-1.0344,-1.2461,-0.52384,-1.2301,-1.7143,-0.42294,-1.0004,-1.0035,-1.0002,-1.0133,-1.0003,-1.0431,-1.0019,-1.6849,-1.0006,-1.0059,-1.0009,-1.0006,-1.0009,-1.0011,-1.0017,0,0,-1.0529,-1.3058,-1.083,-1.4434,-1.437,-1.3626,-1.3679,-0.36995,-1.1969,-1.2611,-0.31879,-1.685,-1.9424,-1.2336,-1.5642,-1.1375,-1.445,-1.4313,-1.3442,-1.3617
-1.0313,-1.2461,-0.52384,-1.2301,-1.7806,-0.42294,-1.0004,-1.0027,-1.0002,-1.0133,0.99966,-1.0431,-1.0019,0.31512,-1.0006,-1.0059,-1.0009,-1.0006,-1.0009,-1.0011,-1.0017,0,0,-1.0529,-1.3058,-1.083,-1.4434,-1.437,-1.3626,-1.3679,-0.36995,-1.1969,-1.2611,-2.3109,-1.7322,-1.0024,0.70642,-0.56422,-1.1375,-1.445,-1.4313,-1.3442,-1.3617
-1.0344,-1.2461,-0.52384,-1.2301,-1.4618,-0.42294,-1.0004,-1.0037,-1.0002,-1.0133,-1.0003,-1.0431,-1.0019,0.31512,-1.0006,-1.0059,-1.0009,-1.0006,-1.0009,-1.0011,-1.0017,0,0,-1.0529,-1.3019,-1.0791,-1.4434,-1.437,-1.3626,-1.3679,-0.36995,-1.1969,-1.2611,-2.3109,-1.7243,-0.0023978,-1.2936,0.43578,-1.1375,-1.445,-1.4313,-1.3442,-1.3617
-1.0343,-1.2461,-0.52384,-1.2301,0.19816,-2.3825,-1.0004,-1.0037,-1.0002,-1.0133,-1.0003,-1.0431,-1.0019,0.31512,-1.0006,-1.0059,-1.0009,-1.0006,-1.0009,-1.0011,-1.0017,0,0,-1.0529,-1.3058,-1.0713,-1.4434,-1.437,0.63741,-0.86787,-0.36995,-1.1969,-0.26108,-2.3188,0.26778,-0.0023978,-1.2936,0.43578,-1.0375,-1.445,-1.4113,0.65576,-1.3617
-1.0344,-1.2461,-0.52384,-1.2301,-0.71837,-2.1242,-1.0004,-1.0037,-1.0002,-1.0133,-1.0003,-1.0431,-1.0019,-1.6849,-1.0006,-1.0059,-1.0009,-1.0006,-1.0009,-1.0011,-1.0017,0,0,-1.0529,-1.3019,-1.083,-1.4434,-1.437,0.63741,0.63213,-1.37,0.80311,-1.2611,-0.31879,-1.7322,-2.0024,-0.99358,-1.4242,-1.1375,-0.52504,-1.4313,-1.2042,0.63834
-0.57303,-1.2461,-0.52384,-1.2301,-1.7926,-2.3595,-1.0004,-0.99984,-1.0002,-1.0133,-1.0003,-1.0431,-1.0019,0.31512,-1.0006,-1.0059,-1.0009,-1.0006,-1.0009,-1.0011,-1.0017,0,0,-1.0529,-1.298,-1.083,-1.4434,-1.437,-0.70259,0.63213,-1.71,0.14311,-1.2611,-0.64163,-1.5432,-1.7624,-1.2736,-1.5642,-1.1375,-1.445,-1.4313,-1.2042,-0.081665
-1.0334,-1.2461,-0.52384,-1.2301,-1.7149,-0.42294,-1.0004,-1.0036,-1.0002,-1.0133,-1.0003,-0.97647,-1.0019,0.31512,-1.0006,-1.0059,-1.0009,-1.0006,-0.90565,-1.0011,-1.0017,0,0,-1.0529,-1.3058,-1.083,-1.4434,-1.437,-1.3626,-1.3679,-0.36995,-1.1969,-1.2611,-0.31879,-1.7322,-2.0024,-1.2536,-1.5642,-1.1375,-1.445,-1.4313,-1.3442,-1.3617
-1.0344,-1.2461,-0.52384,-1.2301,-1.4618,-0.42294,-1.0004,-1.0014,-1.0002,-1.0133,-1.0003,-1.0431,-1.0019,0.31512,-1.0006,-1.0059,-1.0009,-1.0006,-1.0009,-1.0011,-1.0017,0,0,-1.0529,-1.3019,-1.0791,-1.4434,-1.437,-1.3626,-1.3679,-0.36995,-1.1969,-1.2611,-2.3109,-1.7243,-0.0023978,-1.2936,0.43578,-1.1375,-1.445,-1.4313,-1.3442,-1.3617
-1.0344,-1.2461,-0.52384,-1.2301,-1.7756,-2.1242,-1.0004,-1.0037,-1.0002,-1.0133,-1.0003,-1.0431,-1.0019,-1.6849,-1.0006,-1.0059,-1.0009,-1.0006,-1.0009,-1.0011,-1.0017,0,0,-1.0529,-1.3058,-1.083,-1.4434,-1.437,0.63741,0.63213,-0.36995,-1.1969,-1.2611,-0.31879,-1.5905,-1.8624,-0.91358,-1.3242,-1.1375,-0.64504,0.46873,-1.0842,-1.2617
-1.0338,-1.2461,-0.52384,-1.2301,0.19816,-2.3595,-1,-1.0031,-1.0002,-1.0133,-1.0003,-1.0431,-1.0019,0.31512,-1.0006,-1.0059,-1.0009,-1.0006,-1.0009,-1.0011,-1.0017,0,0,-1.0529,-1.3058,-1.083,-1.4434,-1.437,0.63741,0.63213,-0.36995,-1.1969,-1.2611,-2.3188,-1.7322,-0.0023978,-1.2936,0.43578,-1.1375,-1.445,-1.4313,0.65576,0.63834
-1.0341,-1.2461,-0.52384,-1.2301,-1.6852,-0.42294,-1.0004,-1.0026,-1.0002,-1.0133,-1.0003,-1.0431,-1.0019,0.31512,-1.0006,-1.0059,-1.0009,-1.0006,-1.0009,-1.0011,-1.0017,0,0,-1.0529,-1.3058,-1.083,-1.4434,-1.437,-1.3626,-1.3679,-0.36995,-1.1969,-1.2611,-2.3188,-1.7165,-0.0023978,-1.2936,0.43578,0.86255,-1.445,-1.4313,-1.3442,-1.3617
-1.0344,-1.2461,-0.52384,-1.2301,-1.7791,-1.4936,-1.0004,-1.0037,-1.0002,-1.0133,-1.0003,-1.0431,-1.0019,-1.6849,-1.0006,-1.0059,-1.0009,-1.0006,-1.0009,-1.0011,-1.0017,0,0,-1.0529,-0.16685,-1.083,0.55661,0.56301,-1.3626,-1.3679,-2.37,-1.0769,-1.2611,-0.31879,-1.7322,-2.0024,-1.1536,-1.5642,-1.1375,0.55496,0.56873,-1.3442,-1.3617
-1.0344,-1.2461,-0.52384,-1.2301,-1.7801,-2.1242,-1.0004,-1.0037,-1.0002,-1.0133,-1.0003,-1.0431,-1.0019,-1.6849,-1.0006,-1.0059,-1.0009,-1.0006,-1.0009,-1.0011,-1.0017,0,0,-1.0529,-1.3058,-1.083,-1.4434,-1.437,0.63741,0.63213,-0.36995,-1.1969,-1.2611,-2.0275,-1.7322,-1.9424,0.70642,-1.5042,-1.1375,-1.445,-1.4313,0.43576,0.63834
-1.0294,-1.2461,-0.52384,-1.2301,-1.6852,-2.3825,-1.0004,-1.0037,-1.0002,-1.0133,-1.0003,-1.0431,-1.0019,-1.6849,-1.0006,-1.0059,-1.0009,-1.0006,-1.0009,-1.0011,-1.0017,0,0,-1.0529,-1.3058,-1.083,-1.4434,-1.437,0.63741,0.63213,-0.36995,-1.1969,-1.2611,-0.31879,-1.7086,-1.9624,-1.1736,-1.5642,-1.1375,0.43496,-1.4313,-1.3442,-0.86166
-1.0344,-1.2461,-0.52384,-1.2301,-1.4618,-0.42294,-1.0004,-1.0015,-1.0002,-1.0133,-1.0003,-1.0431,-1.0019,0.31512,-1.0006,-1.0059,-1.0009,-1.0006,-1.0009,-1.0011,-1.0017,0,0,-1.0529,-1.3058,-1.083,-1.4434,-1.437,-1.3626,-1.3679,-0.36995,-1.1969,-1.2611,-2.3188,-1.7322,-0.0023978,-1.2936,0.43578,-1.1375,-1.445,-1.4313,-1.3442,-1.3617
-1.034,-1.2461,-0.52384,-1.2301,-1.4618,-0.42294,-1.0004,0.9963,-1.0002,-1.0133,-1.0003,-1.0431,-1.0019,-1.6849,-1.0006,-1.0059,-1.0009,-1.0006,-1.0009,-1.0011,-1.0017,0,0,-1.0529,-1.3058,-1.083,-1.4434,-1.437,-1.3626,-1.3679,-0.36995,-1.1969,-1.2611,-2.2952,-1.7086,-0.0023978,-1.2936,0.43578,-1.1375,-1.445,-1.4313,-1.3442,-1.3617
-1.0344,-1.2461,-0.52384,-1.2301,-0.71837,-1.4936,-1.0004,-1.0037,-1.0002,-1.0133,-1.0003,-1.0431,-1.0019,-1.6849,-1.0006,-1.0059,-1.0009,-1.0006,-1.0009,-1.0011,-1.0017,0,0,-1.0529,-0.84787,-1.0243,0.55661,0.56301,-1.3626,-1.3679,-2.09,-1.0769,-1.2611,-2.1692,-1.6141,-0.4024,-0.99358,-1.4642,-1.1375,0.55496,0.56873,-1.3442,-1.3617
-1.0344,-1.2461,-0.52384,-1.2301,0.19816,-2.1242,-1.0004,-1.0037,-1.0002,-1.0133,-1.0003,-1.0431,-1.0019,-1.6849,-1.0006,-1.0059,-1.0009,-1.0006,-1.0009,-1.0011,-1.0017,0,0,-1.0529,-1.3058,-1.083,-1.4434,-1.437,0.63741,0.63213,-0.36995,-1.1969,-1.2611,-1.8464,-1.7243,-1.9624,0.70642,-1.5242,0.86255,-1.445,-1.4313,0.55576,0.63834
0.61499,-1.2461,-0.52384,-1.2301,-1.4393,-2.4214,0.9996,-1.0037,-1.0002,-1.0133,-1.0003,-1.0431,-1.0019,-1.6849,-1.0006,-1.0059,-1.0009,-1.0006,-1.0009,-1.0011,-1.0017,0,0,-1.0529,-1.3058,-1.083,-1.4434,-1.437,0.63741,0.63213,-0.36995,-1.1969,-1.2611,-1.7046,-0.54324,-0.4424,-1.0736,-1.3842,-1.1175,-1.445,-1.4313,-1.1642,-1.3417
-1.0208,-1.2461,-0.52384,-1.2301,-1.6852,-0.42294,-1.0004,-1.0013,-1.0002,-1.0133,-1.0003,-1.0431,-1.0019,0.31512,-0.99312,-1.0059,-1.0009,-1.0006,-1.0009,-1.0011,-1.0017,0,0,-1.0529,-1.3058,-1.083,-1.4434,-1.437,-1.3626,-1.3679,-0.36995,-1.1969,-1.2611,-0.31879,-1.4724,-1.7424,-1.2136,-1.5642,-1.1375,-1.245,-1.4313,-1.3042,-1.1217
-1.0344,-1.2461,-0.52384,-1.2301,-1.4618,-0.42294,-1.0004,-1.0037,-1.0002,-1.0133,-1.0003,-1.0431,-1.0019,0.31512,-1.0006,-1.0059,-1.0009,-1.0006,-1.0009,-1.0011,-1.0017,0,0,-1.0529,-1.3058,-1.083,-1.4434,-1.437,-1.3626,-1.3679,-0.36995,-1.1969,-1.2611,-2.3109,-1.0708,-0.0023978,-1.2936,0.43578,-1.0975,-1.445,-1.4313,-1.3442,-1.3617
-1.0339,-1.2461,-0.52384,-1.2301,-1.783,-0.42294,-1.0004,-1.0037,-1.0002,-1.0133,-1.0003,-0.97647,-1.0019,-1.6849,-1.0006,-1.0059,-1.0009,-1.0006,-1.0009,-1.0011,-1.0017,0,0,-1.0529,0.68246,-1.083,-1.4034,-1.437,0.57741,-1.3679,-2.37,0.80311,-1.2611,-0.31879,-1.7322,-2.0024,0.70642,-1.5642,-1.1375,-1.405,-1.4313,0.57576,-1.3617
-1.0341,-1.2461,-0.52384,-1.2301,-1.6852,-2.4229,-1.0004,-1.0037,-1.0002,-1.0133,-1.0003,-1.0431,-1.0019,-1.6849,-1.0006,-1.0059,-1.0009,-1.0006,-1.0009,-1.0011,-1.0017,0,0,-1.0529,-0.99269,-1.083,-1.4234,0.56301,0.45741,-1.3679,-2.35,0.80311,-1.2611,-0.70462,-1.7165,-1.9824,-0.43358,-1.5642,-1.1375,-1.445,-0.77127,-0.60424,-1.3617
-1.0323,-1.2461,-0.52384,-1.2301,-1.6852,-0.42294,-1.0004,-1.0028,-1.0002,-1.0133,-1.0003,-1.0431,-1.0019,0.31512,-1.0006,0.99406,-1.0009,-0.99401,-0.81041,-0.001103,-1.0017,0,0,-1.0529,-1.3058,-1.083,-1.4434,-1.437,-1.3626,-1.3679,-0.36995,-1.1969,-1.2611,-0.31879,-1.7243,-1.9824,-1.2536,-1.5642,-1.1375,-1.445,-1.4313,0.035763,-1.3617
-1.0344,-1.2461,-0.52384,-1.2301,-1.4618,-2.1242,-1.0004,-1.0037,-1.0002,-1.0133,-1.0003,-1.0431,-1.0019,-1.6849,-1.0006,-1.0059,-1.0009,-1.0006,-1.0009,-1.0011,-1.0017,0,0,-1.0529,-1.3058,-1.083,-1.4434,-1.437,0.63741,0.63213,-0.36995,-1.1969,-1.2611,-2.3188,-1.1338,-0.0023978,-1.2936,0.43578,-1.0575,-1.445,-1.4313,0.65576,-1.3017
-1.0343,-1.2461,-0.52384,-1.2301,-0.71837,-2.3595,-1.0004,-1.0037,-1.0002,-1.0133,-1.0003,-1.0431,-1.0019,-1.6849,-1.0006,-1.0059,-1.0009,-1.0006,-1.0009,-1.0011,-1.0017,0,0,-1.0529,0.45545,-1.0791,-1.4434,-1.437,0.63741,0.63213,-2.37,-0.15689,-1.2611,-0.31879,-1.7243,-1.9824,-0.27358,0.43578,-1.1375,-1.445,-1.4313,0.65576,0.63834
-1.0344,-1.2461,-0.52384,-1.2301,0.19816,-2.1242,-1.0004,-1.0037,-1.0002,-1.0133,-1.0003,-1.0431,-1.0019,-1.6849,-1.0006,-1.0059,-1.0009,-1.0006,-1.0009,-1.0011,-1.0017,0,0,-1.0529,-1.3058,-1.0634,-1.4434,0.22301,0.63741,-1.0279,-0.36995,-1.1969,-0.60108,-1.2794,0.26778,-0.0023978,-1.2936,-1.5442,-0.99745,-1.445,-1.4313,0.65576,0.57834
-1.0341,-1.2461,-0.52384,-1.2301,-1.7698,-0.42294,-1.0004,-1.0036,-1.0002,-1.0133,-1.0003,-1.0431,-1.0019,0.31512,-1.0006,-1.0059,-1.0009,-1.0006,-1.0009,-1.0011,-1.0017,0,0,-1.0529,0.68246,-1.083,-1.4034,-1.437,0.59741,-1.3679,-2.37,0.80311,-1.2611,-0.31879,-1.7322,-2.0024,0.70642,-1.5642,-1.1375,-1.405,-1.4313,0.61576,-1.3617
-1.0343,-1.2461,-0.52384,-1.2301,-1.7983,-0.42294,-0.99989,-0.99481,-1.0002,-1.0133,-1.0003,-1.0431,-1.0019,0.31512,-1.0006,-1.0059,-1.0009,-1.0006,-1.0009,-1.0011,-1.0017,0,0,-1.0529,-1.3058,-1.083,-1.4434,-1.437,-1.3626,-1.3679,-0.36995,-1.1969,-1.2611,-2.3188,-1.7322,-0.0023978,-1.2936,0.43578,-1.1375,-1.445,-1.4313,-1.3442,-1.3617
-0.48397,-1.2461,-0.52384,-1.2301,-1.6852,-0.42294,-1.0003,-0.99803,-1.0002,-1.0133,-1.0003,-1.0431,-1.0019,0.31512,-1.0006,-1.0059,-1.0009,-1.0006,-0.048508,-1.0011,-1.0017,0,0,-1.0529,-1.3058,-1.083,-1.4434,-1.437,-1.3626,-1.3679,-0.36995,-1.1969,-1.2611,-0.31879,-1.3936,-1.6624,-1.2536,-1.5642,-1.1375,-0.96504,-0.71127,-1.3442,-1.3617
-1.0344,-1.2461,-0.52384,-1.2301,-1.4618,-0.42294,-1.0004,-1.0037,-1.0002,-1.0133,-1.0003,-1.0431,-1.0019,0.31512,-1.0006,-1.0059,-1.0009,-1.0006,-1.0009,-1.0011,-1.0017,0,0,-1.0529,-1.3019,-1.0791,-1.4434,-1.437,-1.3626,-1.3679,-0.36995,-1.1969,-1.2611,-2.3109,-1.7243,-0.0023978,-1.2936,0.43578,-1.1375,-1.445,-1.4313,-1.3442,-1.3617
-1.0334,-1.2461,-0.52384,-1.2301,-1.6852,-0.42294,-1.0004,-1.0032,-1.0002,-1.0133,-1.0003,-1.0431,-1.0019,0.31512,-1.0006,-1.0059,-1.0009,-1.0006,-1.0009,-1.0011,-1.0017,0,0,-1.0529,-1.3058,-1.083,-1.4434,-1.437,-1.3626,-1.3679,-0.36995,-1.1969,-1.2611,-2.2794,-1.7086,-0.6624,-0.29358,-1.2242,-1.1375,-1.445,-1.4313,-1.3442,-1.3617
-1.0344,-1.2461,-0.52384,-1.2301,-1.7983,-1.4936,-1.0004,-1.0037,-1.0002,-1.0133,-1.0003,-1.0431,-1.0019,-1.6849,-1.0006,-1.0059,-1.0009,-1.0006,-1.0009,-1.0011,-1.0017,0,0,-1.0529,0.69029,-1.0791,-0.78339,0.56301,-0.02259,-1.3679,-2.37,0.80311,-1.2611,-0.31879,-1.7243,-1.9824,0.70642,-1.5642,-1.1375,-1.125,0.56873,0.33576,-1.3617
-1.0343,-1.2461,-0.52384,-1.2301,-1.7149,-2.3825,-1.0004,-1.0037,-1.0002,-1.0133,-1.0003,-1.0431,-1.0019,-1.6849,-1.0006,-1.0059,-1.0009,-1.0006,-1.0009,-1.0011,-1.0017,0,0,-1.0529,-1.3058,-1.083,-1.4434,-1.437,0.63741,0.63213,-0.36995,-1.1969,-1.2611,-2.3109,-1.4173,-1.0024,0.70642,-0.56422,-0.99745,-1.445,-1.4313,0.65576,-1.2617
-1.0342,-1.2461,-0.52384,-1.2301,-0.71837,-2.3825,-1.0004,-0.9967,-1.0002,-1.0133,-1.0003,-1.0431,-1.0019,0.31512,-1.0006,-1.0059,-1.0009,-1.0006,-1.0009,-1.0011,-1.0017,0,0,-1.0529,-1.0083,-1.083,-1.4434,-1.437,0.51741,0.63213,-2.35,0.80311,-1.2611,-0.73612,-1.7322,-2.0024,-0.41358,-1.5642,-1.1375,-1.445,-1.4313,-0.60424,0.63834
-1.0344,-1.2461,-0.52384,-1.2301,-0.71837,-1.4936,-1.0004,-1.0037,-1.0002,-1.0133,-1.0003,-1.0431,-1.0019,-1.6849,-1.0006,-1.0059,-1.0009,-1.0006,-1.0009,-1.0011,-1.0017,0,0,-1.0529,0.51416,-1.083,-1.3234,0.56301,0.49741,-1.3679,-2.37,0.80311,-1.2611,-0.31879,-1.7322,-2.0024,0.70642,-1.5642,-1.1375,-1.265,0.56873,0.47576,-1.3617
-1.0333,-1.2461,-0.52384,-1.2301,-1.6852,-0.42294,-1.0004,-1.0028,-1.0002,-1.0133,-1.0003,-1.0431,-1.0019,0.31512,-1.0006,0.99406,-1.0009,-0.99401,-0.81041,-0.001103,-1.0017,0,0,-1.0529,-1.3058,-1.083,-1.4434,-1.437,-1.3626,-1.3679,-0.36995,-1.1969,-1.2611,-1.7834,-1.7243,-1.9424,-1.1736,-1.5442,-1.1375,-1.445,-1.4313,-1.3442,-1.3617
-1.0344,-1.2461,-0.52384,-1.2301,0.19816,-2.4208,-1.0004,-1.0036,-1.0002,-1.0133,-1.0003,-0.97647,-1.0019,0.31512,-1.0006,-1.0059,-1.0009,-1.0006,-1.0009,-1.0011,-1.0017,0,0,-1.0529,-1.1962,-1.083,-1.3834,0.56301,0.43741,-1.3679,-2.31,0.80311,-1.2611,-0.31879,-0.11805,-0.3824,-0.99358,-1.5642,-1.1375,-1.445,-1.4313,-1.1242,-1.3617
-1.0344,-1.2461,-0.52384,-1.2301,0.19816,-2.4208,-1.0004,-1.0037,-1.0002,-1.0133,-1.0003,-0.84314,-1.0019,0.31512,-1.0006,-1.0059,-1.0009,-1.0006,-1.0009,-1.0011,-1.0017,0,0,-1.0529,-1.3058,-1.0752,0.55661,-0.77699,-1.3626,-1.3679,-0.36995,-1.1969,0.73892,-2.0511,0.26778,-0.0023978,-1.2936,-1.5042,-0.85745,-1.385,-1.4313,-1.1242,-0.28166
-1.0344,-1.2461,-0.52384,-1.2301,-1.4618,-0.42294,-1.0004,-1.0037,-1.0002,-1.0133,-1.0003,-1.0431,-1.0019,0.31512,-1.0006,-1.0059,-1.0009,-1.0006,-1.0009,-1.0011,-1.0017,0,0,-1.0529,-1.3058,-1.083,-1.4434,-1.437,-1.3626,-1.3679,-0.36995,-1.1969,-1.2611,-2.2794,-1.307,-0.3424,-0.63358,0.095785,-1.0575,-1.445,-1.4313,-1.3442,-1.3617
-1.0342,-1.2461,-0.52384,-1.2301,-1.4393,-0.42294,-1.0004,-1.0035,-1.0002,-1.0133,-1.0003,-1.0431,-1.0019,0.31512,-1.0006,-1.0059,-1.0009,-1.0006,-1.0009,-1.0011,-1.0017,0,0,-1.0529,-1.3058,-1.083,-1.4434,-1.437,-1.3626,-1.3679,-0.36995,-1.1969,-1.2611,-0.31879,-1.6771,-1.9424,-1.2736,-1.5642,-1.1375,-1.445,-1.4313,-1.3042,-1.3617
-1.0344,-1.2461,-0.52384,-1.2301,-1.7804,-2.3595,-1.0004,-1.0037,-1.0002,-1.0133,-1.0003,-1.0431,-1.0019,-1.6849,-1.0006,-1.0059,-1.0009,-1.0006,-1.0009,-1.0011,-1.0017,0,0,-1.0529,-1.3058,-1.083,-1.4434,-1.437,0.63741,0.63213,-0.36995,-1.1969,-1.2611,-0.31879,-1.7322,-2.0024,-1.2136,-1.5042,-1.1375,-1.445,-1.4313,-1.2842,0.63834
-1.033,-1.2461,-0.52384,-1.2301,-1.6852,-0.42294,-1.0004,-1.0032,-1.0002,-1.0133,-1.0003,-1.0431,-1.0019,0.31512,-1.0006,-1.0059,-1.0009,-1.0006,-0.90565,-1.0011,-1.0017,0,0,-1.0529,-1.3058,-1.083,-1.4434,-1.437,-1.3626,-1.3679,-0.36995,-1.1969,-1.2611,-2.2873,-1.7165,-0.8024,-0.093577,-1.1642,-1.1375,-1.445,-1.4313,-1.3442,-1.3617
-1.0322,-1.2461,-0.52384,-1.2301,-1.6852,-0.42294,-1.0004,-1.0022,-1.0002,-1.0133,-1.0003,-0.84314,-1.0019,0.31512,-0.99312,0.99406,-1.0009,-1.0006,-1.0009,-1.0011,-1.0017,0,0,-1.0529,-1.3058,-1.083,-1.4434,-1.437,-1.3626,-1.3679,-0.36995,-1.1969,-1.2611,-2.2479,-1.6614,-0.0023978,-1.2936,-1.3642,-1.1375,-1.445,-1.4313,-1.1442,-1.1617
-1.0344,-1.2461,-0.52384,-1.2301,-1.4618,-0.42294,-1.0004,-1.0018,-1.0002,-1.0133,-1.0003,-1.0431,-1.0019,0.31512,-1.0006,-1.0059,-1.0009,-1.0006,-1.0009,-1.0011,-1.0017,0,0,-1.0529,-1.298,-1.0752,-1.4434,-1.437,-1.3626,-1.3679,-0.36995,-1.1969,-1.2611,-2.303,-1.0866,-0.0023978,-1.2936,0.43578,-1.0975,-1.445,-1.4313,-1.3442,-1.3617
-1.0344,-1.2461,-0.52384,-1.2301,-1.4618,-1.4936,-1.0004,-1.0037,-1.0002,-1.0133,-1.0003,-1.0431,-1.0019,-1.6849,-1.0006,-1.0059,-1.0009,-1.0006,-1.0009,-1.0011,-1.0017,0,0,-1.0529,-1.2197,-1.0752,0.55661,0.56301,-1.3626,-1.3679,-2.11,-1.0169,-1.2611,-2.1456,-1.5039,-1.7424,-1.1136,-1.4842,-0.99745,0.55496,-1.2313,-1.3442,-1.3617
-1.0344,-1.2461,-0.52384,-1.2301,-1.7783,-2.1242,-1.0004,-1.0037,-1.0002,-1.0133,-1.0003,-1.0431,-1.0019,-1.6849,-1.0006,-1.0059,-1.0009,-1.0006,-1.0009,-1.0011,-1.0017,0,0,-1.0529,-1.2236,-1.083,-1.4434,-1.437,0.45741,0.63213,-2.27,0.80311,-1.2611,-0.31879,-1.7322,-2.0024,-1.0336,-1.5642,-1.1375,-1.445,-1.4313,-1.1642,0.63834
-1.0344,0.75395,-2.5238,-1.2301,-1.6493,-0.42294,-1.0004,-1.0037,-1.0002,-1.0133,-1.0003,-1.0431,-1.0019,-1.6849,-1.0006,-1.0059,-1.0009,-1.0006,-1.0009,-1.0011,-1.0017,0,0,-1.0529,-1.3058,-1.083,-1.4434,-1.437,-1.3626,-1.3679,-0.36995,-1.1969,-1.2611,-2.2715,-1.685,-0.0023978,-1.2936,0.43578,-1.1375,-1.445,-1.4313,-1.3442,-1.3617
-1.0344,-1.2461,-0.52384,-1.2301,-1.4618,-0.42294,-1.0004,-1.0037,-1.0002,-1.0133,-1.0003,-1.0431,-1.0019,0.31512,-1.0006,-1.0059,-1.0009,-1.0006,-1.0009,-1.0011,-1.0017,0,0,-1.0529,-1.3019,-1.0791,-1.4434,-1.437,-1.3626,-1.3679,-0.36995,-1.1969,-1.2611,-2.3109,-1.0236,-0.0023978,-1.2936,0.43578,-1.0975,-1.445,-1.4313,-1.3442,-1.3617
-1.0343,-1.2461,-0.52384,-1.2301,-1.4393,-0.42294,-1.0004,-1.0037,-1.0002,-1.0133,-1.0003,-1.0431,-1.0019,0.31512,-1.0006,-1.0059,-1.0009,-1.0006,-1.0009,-1.0011,-1.0017,0,0,-1.0529,-1.3058,-1.083,-1.4434,-1.437,-1.3626,-1.3679,-0.36995,-1.1969,-1.2611,-2.2794,-1.7322,-1.6624,0.70642,-1.2242,-1.1375,-1.445,-1.4313,-0.0042372,-1.3617
-1.0343,-1.2461,-0.52384,-1.2301,-1.7737,-2.3825,-1.0004,-1.0037,-1.0002,-1.0133,-1.0003,-1.0431,-1.0019,0.31512,-1.0006,-1.0059,-1.0009,-1.0006,-1.0009,-1.0011,-1.0017,0,0,-1.0529,-1.0905,-1.083,-1.4034,-1.437,0.45741,0.63213,-2.33,0.80311,-1.2611,-0.31879,-1.7322,-2.0024,-0.79358,-1.5642,-1.1375,-1.445,-1.4313,-0.92424,0.63834
-1.0344,-1.2461,-0.52384,-1.2301,-1.7698,-2.4169,-1.0004,-1.0037,-1.0002,-1.0133,-1.0003,-1.0431,-1.0019,-1.6849,-1.0006,-1.0059,-1.0009,-1.0006,-1.0009,-1.0011,-1.0017,0,0,-1.0529,-1.3058,-0.60942,0.55661,0.083007,-1.3626,-1.2879,-0.36995,-1.1969,-0.52108,-2.2715,-1.685,-0.0023978,-1.2936,-0.14422,-1.1375,-0.30504,-0.29127,-1.3442,-1.3617
-1.0344,-1.2461,-2.5238,0.7699,-1.3535,-0.42294,-1.0004,-1.0037,-1.0002,-1.0133,-1.0003,-1.0431,-1.0019,-1.6849,-1.0006,-1.0059,-1.0009,-1.0006,-1.0009,-1.0011,-1.0017,0,0,-1.0529,-1.3058,-1.0791,-1.4434,-1.437,-1.3626,-1.3679,-0.36995,-1.1969,0.73892,-2.303,-1.7165,-0.0023978,-1.2936,0.43578,-1.1375,-1.445,-1.4313,-1.3442,-1.3617
-1.0344,-1.2461,-0.52384,-1.2301,-1.7801,-2.4169,-1.0004,-1.0037,-1.0002,-1.0133,-1.0003,-1.0431,-1.0019,-1.6849,-1.0006,-1.0059,-1.0009,-1.0006,-1.0009,-1.0011,-1.0017,0,0,-1.0529,-1.3058,-1.083,0.55661,0.56301,-1.3626,-1.3679,-0.36995,-1.1969,-1.2611,-0.31879,-1.7322,-2.0024,0.70642,0.43578,-1.1375,0.55496,0.56873,-1.3442,-1.3617
-0.92108,-1.2461,-0.52384,-1.2301,-1.4618,-2.3595,-0.97739,-1.0037,-1.0002,-1.0133,-1.0003,-1.0431,-1.0019,0.31512,-1.0006,-1.0059,-1.0009,-1.0006,-1.0009,-1.0011,-1.0017,0,0,-1.0529,-1.3058,-1.083,-1.4434,-1.437,0.63741,0.63213,-0.36995,-1.1969,-1.2611,-2.303,-1.4015,-0.0023978,-1.2936,0.43578,-0.95745,-1.445,-1.4313,-0.68424,-1.3217
-1.0344,-1.2461,-0.52384,-1.2301,-1.7985,-2.3825,-1.0004,-1.0037,-1.0002,-1.0133,-1.0003,-1.0431,-1.0019,-1.6849,-1.0006,-1.0059,-1.0009,-1.0006,-1.0009,-1.0011,-1.0017,0,0,-1.0529,-1.3019,-1.083,-1.4434,-1.437,0.63741,0.63213,-1.37,0.80311,-1.2611,-0.31879,-1.7322,-2.0024,0.70642,0.43578,-1.1375,-1.445,-1.4313,0.65576,0.63834
-1.0344,0.75395,-2.5238,-1.2301,-1.6493,-0.42294,-1.0004,-1.0037,-1.0002,-1.0133,-1.0003,-1.0431,-1.0019,-1.6849,-1.0006,-1.0059,-1.0009,-1.0006,-1.0009,-1.0011,-1.0017,0,0,-1.0529,0.40457,0.62737,-1.4434,-1.437,-1.3626,-1.3679,-0.36995,-1.1969,-1.2611,-2.2873,-1.7007,-0.0023978,-1.2936,0.43578,-1.1375,-1.445,-1.4313,-1.3442,-1.3617
-1.0344,-1.2461,-0.52384,-1.2301,-0.71837,-2.4169,-1.0004,-1.0037,-1.0002,-1.0133,-1.0003,-1.0431,-1.0019,-1.6849,-1.0006,-1.0059,-1.0009,-1.0006,-1.0009,-1.0011,-1.0017,0,0,-1.0529,0.69029,-1.083,-1.4434,0.56301,-1.3626,-1.3679,-2.37,-1.1969,-1.2611,-1.1849,-1.7322,-1.9824,0.56642,0.31578,-1.1375,0.43496,0.56873,-1.3442,-1.3617
-1.0344,-1.2461,-2.5238,0.7699,-0.71837,-0.42294,-1.0004,-1.0037,-1.0002,-1.0133,-1.0003,-1.0431,-1.0019,-1.6849,-1.0006,-1.0059,-1.0009,-1.0006,-1.0009,-1.0011,-1.0017,0,0,-1.0529,-1.3019,-1.0791,-1.4434,-1.437,-1.3626,-1.3679,-0.36995,-1.1969,-1.2611,-2.303,-1.7165,-0.0023978,-1.2936,-0.22422,-1.1375,-1.445,-1.4313,-1.3442,-1.3617
-1.0343,-1.2461,-0.52384,-1.2301,-1.7983,-0.42294,-1.0003,-0.99766,-1.0002,-1.0133,-1.0003,-1.0431,-1.0019,0.31512,-1.0006,-1.0059,-1.0009,-1.0006,-1.0009,-1.0011,-1.0017,0,0,-1.0529,-1.3019,-1.083,-1.4434,-1.437,-1.3626,-1.3679,-1.37,0.80311,-1.2611,-0.31879,-1.4803,-1.7424,-1.2336,-1.5642,-1.1375,-1.445,-1.4313,-1.3442,-1.3617
-1.0344,-1.2461,-0.52384,-1.2301,-1.4393,-0.42294,-1.0004,-1.0035,-1.0002,-1.0133,-1.0003,-1.0431,-1.0019,0.31512,-1.0006,-1.0059,-1.0009,-1.0006,-1.0009,-1.0011,-1.0017,0,0,-1.0529,-0.50736,-1.083,0.55661,-1.437,-1.3626,-1.3679,-2.37,-1.0969,-1.2611,-0.31879,-1.622,-1.8824,-1.1736,-1.5642,-1.1375,0.33496,-1.4313,-1.3242,-1.3617
-1.0344,-1.2461,-0.52384,-1.2301,0.19816,-2.1242,-1.0004,-1.0037,-1.0002,-1.0133,-1.0003,-1.0431,-1.0019,-1.6849,-1.0006,-1.0059,-1.0009,-1.0006,-1.0009,-1.0011,-1.0017,0,0,-1.0529,-1.3019,-1.0791,-1.4434,-1.437,0.63741,0.63213,-0.36995,-1.1969,-1.2611,-0.31879,0.0079375,-0.2624,-1.2736,-1.5642,-1.1375,-1.445,-1.4313,0.39576,0.63834
-1.0344,-1.2461,-0.52384,-1.2301,-1.4618,-0.42294,-1.0004,-1.0037,-1.0002,-1.0133,-1.0003,-1.0431,-1.0019,0.31512,-1.0006,-1.0059,-1.0009,-1.0006,-1.0009,-1.0011,-1.0017,0,0,-1.0529,-1.3058,-1.083,-1.4434,-1.437,-1.3626,-1.3679,-0.36995,-1.1969,-1.2611,-2.3109,-1.0708,-0.0023978,-1.2936,0.43578,-1.0975,-1.445,-1.4313,-1.3442,-1.3617
-1.0344,-1.2461,-0.52384,-1.2301,-1.4618,-0.42294,-1.0004,-1.0029,-1.0002,-1.0133,-1.0003,-0.97647,-1.0019,0.31512,-1.0006,0.99406,-1.0009,-1.0006,-1.0009,-1.0011,-1.0017,0,0,-1.0529,-1.298,-1.0752,-1.4434,-1.437,-1.3626,-1.3679,-0.36995,-1.1969,-1.2611,-2.2952,-1.0787,-0.0023978,-1.2936,0.43578,-1.0975,-1.445,-1.4313,-1.3442,-1.3617
-1.0344,0.75395,-2.5238,-1.2301,-1.6493,-0.42294,-1.0004,-1.0037,-1.0002,-1.0133,-1.0003,-1.0431,-1.0019,-1.6849,-1.0006,-1.0059,-1.0009,-1.0006,-1.0009,-1.0011,-1.0017,0,0,-1.0529,0.68637,0.90917,-1.4434,-1.437,-1.3626,-1.3679,-0.36995,-1.1969,-1.2611,-0.31879,0.20479,-0.062398,-1.2736,0.37578,-1.1375,-1.445,-1.4313,-1.3442,-1.3617
0.82194,-1.2461,-0.52384,-1.2301,-1.7847,-2.3595,-1.0004,-1.0037,-1.0002,-1.0133,-1.0003,-1.0431,-1.0019,-1.6849,-1.0006,-1.0059,-1.0009,-1.0006,-1.0009,-1.0011,-1.0017,0,0,-1.0529,-1.3019,-1.0791,-1.4434,-1.437,0.63741,0.63213,-0.36995,-1.1969,-1.2611,-0.31879,-1.7243,-1.9824,-0.29358,0.43578,-1.1375,-1.445,-1.4313,0.65576,0.63834
-0.84529,-1.2461,-0.52384,-1.2301,-1.6852,-0.42294,-1.0004,-0.99649,-1.0002,-1.0133,-1.0003,-0.97647,-1.0019,0.31512,-0.54992,-1.0059,-0.00093331,-0.59794,-1.0009,-1.0011,-1.0017,0,0,-1.0529,-1.3058,-1.083,-1.4434,-1.437,-1.3626,-1.3679,-0.36995,-1.1969,-1.2611,-0.31879,-1.7322,-2.0024,-0.55358,-1.5642,-1.1375,-1.445,-1.4313,-1.3442,-1.3617
-1.0344,-1.2461,-0.52384,-1.2301,-1.4618,-2.1242,-1.0004,-1.0037,-1.0002,-1.0133,-1.0003,-1.0431,-1.0019,-1.6849,-1.0006,-1.0059,-1.0009,-1.0006,-1.0009,-1.0011,-1.0017,0,0,-1.0529,-1.0044,-1.083,-1.4434,-1.437,0.51741,0.63213,-2.35,0.80311,-1.2611,-0.72824,-1.6535,-1.9424,-0.43358,-1.5642,-0.77745,-1.445,-1.2513,-0.60424,-1.1817
-1.0344,-1.2461,-0.52384,-1.2301,-1.4618,-0.42294,-1.0004,-1.0018,-1.0002,-1.0133,-1.0003,-1.0431,-1.0019,0.31512,-1.0006,-1.0059,-1.0009,-1.0006,-1.0009,-1.0011,-1.0017,0,0,-1.0529,-1.298,-1.0752,-1.4434,-1.437,-1.3626,-1.3679,-0.36995,-1.1969,-1.2611,-2.303,-1.7165,-0.0023978,-1.2936,0.43578,-1.1375,-1.445,-1.4313,-1.3442,-1.3617
0.83829,-1.2461,-0.52384,-1.2301,-0.71837,-2.3595,-1.0004,-1.0037,-1.0002,-1.0133,-1.0003,-1.0431,-1.0019,-1.6849,-1.0006,-1.0059,-1.0009,-1.0006,-1.0009,-1.0011,-1.0017,0,0,-1.0529,-1.298,-1.0791,-1.4434,-1.437,-0.02259,0.63213,-1.03,0.14311,-1.2611,-0.31879,-1.7243,-1.9824,-0.33358,0.33578,-1.1375,-1.445,-1.4313,0.55576,0.63834
-1.0344,-1.2461,-0.52384,-1.2301,-0.71837,-2.4169,-1.0004,-1.0037,-1.0002,-1.0133,-1.0003,-1.0431,-1.0019,-1.6849,-1.0006,-1.0059,-1.0009,-1.0006,-1.0009,-1.0011,-1.0017,0,0,-1.0529,-1.3058,-1.083,0.55661,0.56301,-1.3626,-1.3679,-0.36995,-1.1969,-1.2611,-0.38179,-1.7322,-2.0024,0.62642,0.37578,-1.1375,0.49496,0.56873,-1.3442,-1.3617
-1.023,-1.2461,-2.5238,0.7699,-1.3535,-0.42294,-1.0004,-1.0037,-1.0002,-1.0133,-1.0003,-1.0431,-1.0019,-1.6849,-1.0006,-1.0059,-1.0009,-1.0006,-1.0009,-1.0011,-1.0017,0,0,-1.0529,-1.3019,-1.0791,-1.4434,-1.437,-1.3626,-1.3679,-0.36995,-1.1969,-1.2611,-2.0826,-1.5511,-0.4624,-1.1736,-0.024215,-1.1375,-1.445,-1.4313,-1.3442,-1.3617
-1.0344,-1.2461,-0.52384,-1.2301,-0.71837,-2.4169,-1.0004,-1.0037,-1.0002,-1.0133,-1.0003,-1.0431,-1.0019,-1.6849,-1.0006,-1.0059,-1.0009,-1.0006,-1.0009,-1.0011,-1.0017,0,0,-1.0529,-1.298,-1.083,0.55661,0.56301,-1.3626,-1.3679,-1.71,0.80311,-1.2611,-2.2401,-1.7322,-1.8224,-0.013577,-0.84422,-1.1375,-0.72504,0.56873,-1.3442,-1.3617
-0.25161,-1.2461,-0.52384,-1.2301,-1.6852,-0.42294,-1.0004,-0.92682,-1.0002,-1.0133,-1.0003,-0.9098,-1.0019,0.31512,-0.43819,0.99406,0.99907,-0.52265,-0.90565,-1.0011,-0.60173,0,0,-1.0529,-1.3058,-1.083,-1.4434,-1.437,-1.3626,-1.3679,-0.36995,-1.1969,-1.2611,-2.2558,-1.7165,-1.5624,-0.63358,-1.3442,0.20255,-1.445,-1.4313,-1.3442,-1.3617
-1.0344,-1.2461,-0.52384,-1.2301,-1.4393,-0.42294,-1.0004,-1.0036,-1.0002,-1.0133,-1.0003,-1.0431,-1.0019,0.31512,-1.0006,-1.0059,-1.0009,-1.0006,-1.0009,-1.0011,-1.0017,0,0,-1.0529,-1.3058,-1.083,-1.4434,-1.437,-1.3626,-1.3679,-0.36995,-1.1969,-1.2611,-2.3188,-0.53537,-0.0023978,-1.2936,0.43578,-1.1175,-1.445,-1.4313,-1.3442,-1.3617
-1.0344,-1.2461,-0.52384,-1.2301,0.19816,-1.4936,-1.0004,-1.0037,-1.0002,-1.0133,-1.0003,-1.0431,-1.0019,-1.6849,-1.0006,-1.0059,-1.0009,-1.0006,-1.0009,-1.0011,-1.0017,0,0,-1.0529,-0.36646,-0.98907,0.55661,-0.79699,-1.3626,-1.3679,-2.31,-1.0569,-1.1011,-0.31879,-1.6771,-1.9424,-1.1536,-1.5642,-1.1375,0.55496,0.56873,-1.3442,-1.3617
-1.033,-1.2461,-0.52384,-1.2301,-1.7149,-0.42294,-1.0004,-1.0021,-1.0002,-1.0133,-1.0003,0.95686,-1.0019,0.31512,-1.0006,-1.0059,-1.0009,-1.0006,-1.0009,-1.0011,-1.0017,0,0,0.94706,-1.3058,-1.083,-1.4434,-1.437,-1.3626,-1.3679,-0.36995,-1.1969,-1.2611,-2.303,-1.7322,-1.3424,0.046423,-0.90422,-1.1375,-1.445,-1.4313,-1.3442,-1.3617
-1.0344,-1.2461,-0.52384,-1.2301,0.19816,-2.1242,-1.0004,-1.0037,-1.0002,-1.0133,-1.0003,-1.0431,-1.0019,-1.6849,-1.0006,-1.0059,-1.0009,-1.0006,-1.0009,-1.0011,-1.0017,0,0,-1.0529,-1.3058,-1.083,-1.4434,-1.437,0.63741,0.63213,-0.36995,-1.1969,-1.2611,-2.3188,0.26778,-0.0023978,-1.2936,0.43578,-0.75745,-1.445,-1.4313,0.65576,0.61834
-1.0344,-1.2461,-0.52384,-1.2301,-1.4618,-2.4208,-1.0004,-1.0037,-1.0002,-1.0133,-1.0003,-1.0431,-1.0019,0.31512,-1.0006,-1.0059,-1.0009,-1.0006,-1.0009,-1.0011,-1.0017,0,0,-1.0529,-1.3058,-1.083,0.55661,0.56301,-1.3626,-1.3679,-0.36995,-1.1969,-1.2611,-2.3188,-1.2913,-0.0023978,-1.2936,0.43578,-0.89745,0.55496,-1.3913,-1.3442,-1.3617
-1.0344,-1.2461,-0.52384,-1.2301,-1.4618,-0.42294,-1.0004,-1.0029,-1.0002,-1.0133,-1.0003,-0.97647,-1.0019,0.31512,-1.0006,0.99406,-1.0009,-1.0006,-1.0009,-1.0011,-1.0017,0,0,-1.0529,-1.2941,-1.0752,-1.4434,-1.437,-1.3626,-1.3679,-0.86995,-0.19689,-1.2611,-2.303,-1.7007,-0.0023978,-1.2936,0.43578,-0.33745,-1.445,-1.4313,-1.3442,-1.3617
-1.034,-1.2461,-0.52384,-1.2301,-1.7888,-0.42294,-1.0004,-0.91407,-1.0002,-1.0133,-1.0003,-1.0431,-1.0019,0.31512,-1.0006,-1.0059,-1.0009,-1.0006,-1.0009,-1.0011,-1.0017,0,0,-1.0529,-1.3058,-1.083,-1.4434,-1.437,-1.3626,-1.3679,-0.36995,-1.1969,-1.2611,-2.3188,-1.7322,-0.0023978,-1.2936,0.43578,-1.1375,-1.445,-1.4313,-1.3442,-1.3617
-1.0343,-1.2461,-0.52384,-1.2301,-1.4393,-0.42294,-1.0004,-1.0036,-1.0002,-1.0133,-1.0003,-1.0431,-1.0019,0.31512,-1.0006,-1.0059,-1.0009,-1.0006,-1.0009,-1.0011,-1.0017,0,0,-1.0529,-1.3058,-1.083,-1.4434,-1.437,-1.3626,-1.3679,-0.36995,-1.1969,-1.2611,-2.2401,-1.685,-0.7224,-0.93358,-1.3842,-1.1375,-1.445,-1.4313,-1.3442,-1.3617
-1.0344,-1.2461,-0.52384,-1.2301,-1.7737,-0.42294,-1.0004,-1.0035,-1.0002,-1.0133,-1.0003,-1.0431,-1.0019,0.31512,-1.0006,-1.0059,-1.0009,-1.0006,-1.0009,-1.0011,-1.0017,0,0,-1.0529,-0.95355,-1.083,-1.4434,-1.437,-1.3626,-1.3679,-2.35,-1.1569,-1.2611,-0.31879,-1.7165,-1.9824,-1.2736,-1.5642,-1.1375,-1.445,-1.4313,-1.3442,-1.3617
-1.0344,-1.2461,-0.52384,-1.2301,-1.4393,-0.42294,-1.0004,-1.0036,-1.0002,-1.0133,-1.0003,-1.0431,-1.0019,0.31512,-1.0006,-1.0059,-1.0009,-0.99729,-1.0009,-1.0011,-1.0017,0,0,-1.0529,-1.3058,-1.083,-1.4434,-1.437,-1.3626,-1.3679,-0.36995,-1.1969,-1.2611,-2.2558,-1.4566,-0.2224,-0.85358,-1.3442,-1.0175,-1.445,-1.4313,-1.3442,-1.3617
-1.0344,-1.2461,-0.52384,-1.2301,-1.7795,-2.4214,-1.0004,-1.0037,-1.0002,-1.0133,-1.0003,-1.0431,-1.0019,-1.6849,-1.0006,-1.0059,-1.0009,-1.0006,-1.0009,-1.0011,-1.0017,0,0,-1.0529,-0.67175,-1.0791,-0.063394,-0.43699,-0.74259,-0.36787,-2.35,-0.41689,-1.2611,-0.31879,-1.7243,-1.9824,-0.79358,-0.28422,-1.1375,-0.56504,-0.43127,-0.94424,-0.36166
-1.0271,-1.2461,-0.52384,-1.2301,-1.7149,-0.42294,-1.0004,-1.0027,-1.0002,-1.0133,-1.0003,0.15686,-1.0019,0.31512,-1.0006,-1.0059,-1.0009,-1.0006,0.99911,-1.0011,-1.0017,0,0,0.94706,-1.3058,-1.083,-1.4434,-1.437,-1.3626,-1.3679,-0.36995,-1.1969,-1.2611,-0.61013,-1.7322,-2.0024,-1.2336,-1.5642,-1.1375,-1.425,-1.4313,-1.2042,-1.3617
-1.0332,-1.2461,-2.5238,0.7699,-1.3535,-0.42294,-1.0004,-1.0037,-1.0002,-1.0133,-1.0003,-1.0431,-1.0019,-1.6849,-1.0006,-1.0059,-1.0009,-1.0006,-1.0009,-1.0011,-1.0017,0,0,-1.0529,-1.298,-1.0713,-1.4434,-1.437,-1.3626,-1.3679,-1.71,0.14311,-0.26108,-2.2007,-1.622,-0.1224,-1.0536,-1.4442,-1.1375,-1.445,-1.4313,-1.3442,-1.3617
-1.0333,-1.2461,-0.52384,-1.2301,-1.7149,-0.42294,-1.0004,-1.0033,-1.0002,-1.0133,-1.0003,-0.64314,-1.0019,0.31512,-1.0006,-1.0059,-1.0009,-1.0006,-1.0009,-1.0011,-1.0017,0,0,0.94706,-1.298,-1.0791,-1.4434,-1.437,-1.3626,-1.3679,-1.71,0.80311,0.73892,-0.31879,-1.7243,-1.9824,-1.2736,-1.5642,-1.1375,-1.445,-1.4313,-1.3442,-1.3617
-1.0013,-1.2461,-0.52384,-1.2301,-1.6852,-0.42294,-1.0004,-0.99436,-1.0002,-1.0133,-1.0003,-1.0431,-1.0019,0.31512,-0.97823,-1.0059,-1.0009,-0.97765,-1.0009,-1.0011,-1.0017,0,0,-1.0529,-1.3058,-1.083,-1.4434,-1.437,-1.3626,-1.3679,-0.36995,-1.1969,-1.2611,-0.31879,-1.7165,-1.9824,-1.2536,-1.5642,-1.1375,-1.445,-1.4313,-1.3442,-1.3617
-1.0334,-1.2461,-0.52384,-1.2301,-1.7149,-0.42294,-1.0004,-1.0036,-1.0002,-1.0133,-1.0003,-0.97647,-1.0019,0.31512,-1.0006,-1.0059,-1.0009,-1.0006,-0.90565,-1.0011,-1.0017,0,0,-1.0529,-1.3058,-1.083,-1.4434,-1.437,-1.3626,-1.3679,-0.36995,-1.1969,-1.2611,-0.31879,-1.7322,-2.0024,-1.2536,-1.5642,-1.1375,-1.445,-1.4313,-1.3442,-1.3617
-1.0325,-1.2461,-0.52384,-1.2301,-1.7698,-0.42294,-1.0004,-1.0036,-1.0002,-1.0133,-1.0003,-1.0431,-1.0019,-1.6849,-1.0006,-1.0059,-1.0009,-1.0006,-1.0009,-1.0011,-1.0017,0,0,-1.0529,-1.3058,-1.083,-1.4434,-1.437,-1.3626,-1.3679,-0.36995,-1.1969,-1.2611,-2.2873,-1.7007,-0.0023978,-1.2936,-1.1642,-1.1375,-0.64504,-0.63127,-1.3442,-1.3617
-1.0305,-1.2461,-0.52384,-1.2301,-1.6852,-0.42294,-1.0004,-1.0034,-1.0002,-1.0133,-1.0003,-1.0431,-1.0019,-1.6849,-1.0006,-1.0059,-1.0009,-1.0006,-1.0009,-1.0011,-1.0017,0,0,-1.0529,-1.3058,-1.083,-1.4434,-1.437,-1.3626,-1.3679,-0.36995,-1.1969,-1.2611,-2.3188,-1.7322,-0.0023978,-1.2936,0.43578,-1.1375,-1.445,-1.4313,-1.3442,-1.3617
-1.0344,-1.2461,-0.52384,-1.2301,-1.5858,-1.4936,-1.0004,-1.0037,-1.0002,-1.0133,-1.0003,-1.0431,-1.0019,-1.6849,-1.0006,-1.0059,-1.0009,-1.0006,-1.0009,-1.0011,-1.0017,0,0,-1.0529,0.68637,-1.083,-1.3034,0.56301,0.49741,-1.3679,-2.37,0.80311,-1.2611,-0.31879,-1.7322,-2.0024,0.70642,-1.5642,-1.1375,-1.325,0.56873,0.53576,-1.3617
-1.0344,-1.2461,-0.52384,-1.2301,-0.71837,-2.4169,-1.0004,-1.0037,-1.0002,-1.0133,-1.0003,-1.0431,-1.0019,-1.6849,-1.0006,-1.0059,-1.0009,-1.0006,-1.0009,-1.0011,-1.0017,0,0,-1.0529,-1.3019,-1.083,0.55661,0.56301,-1.3626,-1.3679,-1.37,0.80311,-1.2611,-2.1141,-1.7322,-1.9224,0.10642,-0.16422,-1.1375,-0.045036,0.56873,-1.3442,-1.3617
-1.0344,-1.2461,-0.52384,-1.2301,-1.7143,-0.42294,-1.0004,-1.0036,-1.0002,-1.0133,-1.0003,-1.0431,-1.0019,-1.6849,-1.0006,-1.0059,-1.0009,-1.0006,-1.0009,-1.0011,-1.0017,0,0,-1.0529,-1.3058,-1.083,-1.4434,-1.437,-1.3626,-1.3679,-0.36995,-1.1969,-1.2611,-2.3188,-1.6692,-0.0023978,-1.2936,0.43578,-0.69745,-1.445,-1.4313,-1.3442,-1.3617
-1.0344,-1.2461,-0.52384,-1.2301,-1.4618,-0.42294,-1.0004,-1.0037,-1.0002,-1.0133,-1.0003,-1.0431,-1.0019,0.31512,-1.0006,-1.0059,-1.0009,-1.0006,-1.0009,-1.0011,-1.0017,0,0,-1.0529,-1.3019,-1.0791,-1.4434,-1.437,-1.3626,-1.3679,-0.36995,-1.1969,-1.2611,-2.303,-1.7165,-0.0023978,-1.2936,0.43578,-1.1375,-1.445,-1.4313,-1.3442,-1.3617
-1.0344,-1.2461,-0.52384,-1.2301,0.19816,-1.4936,-1.0004,-1.0037,-1.0002,-1.0133,-1.0003,-1.0431,-1.0019,-1.6849,-1.0006,-1.0059,-1.0009,-1.0006,-1.0009,-1.0011,-1.0017,0,0,-1.0529,-1.3058,-1.083,0.55661,0.56301,-1.3626,-1.3679,-0.36995,-1.1969,-1.2611,-2.2715,-0.74797,-0.0023978,-1.2936,-1.2842,-0.81745,0.55496,-1.3113,-1.3442,0.51834
-1.0344,-1.2461,-0.52384,-1.2301,0.19816,-2.4208,-1.0004,-0.99845,-1.0002,-1.0133,-1.0003,-1.0431,-1.0019,0.31512,-1.0006,-1.0059,-1.0009,-1.0006,-1.0009,-1.0011,-1.0017,0,0,-1.0529,-1.3058,-0.99298,0.55661,-1.357,-1.3626,-1.3679,-0.36995,-1.1969,-0.92108,-2.3188,0.26778,-0.0023978,-1.2936,0.43578,-1.0175,0.55496,-1.4313,-1.3442,-1.3617
-1.0344,-1.2461,-0.52384,-1.2301,-1.6852,-2.4144,-1.0004,-1.0026,-1.0002,-1.0133,-1.0003,-1.0431,-1.0019,0.31512,-1.0006,-1.0059,-1.0009,-1.0006,-1.0009,-1.0011,-1.0017,0,0,-1.0529,-1.3058,-1.083,0.55661,0.56301,-1.3626,-1.3679,-0.36995,-1.1969,-1.2611,-1.366,-1.5984,-1.7024,-0.13358,-1.5442,-1.1375,-1.405,-1.2113,-0.26424,-1.2417
-1.0344,-1.2461,-0.52384,-1.2301,-0.71837,-1.4936,-1.0004,-1.0037,-1.0002,-1.0133,-1.0003,-1.0431,-1.0019,-1.6849,-1.0006,-1.0059,-1.0009,-1.0006,-1.0009,-1.0011,-1.0017,0,0,-1.0529,-1.3019,-1.083,-0.44339,0.56301,-0.36259,-1.3679,-1.37,0.80311,-1.2611,-0.31879,-1.7322,-2.0024,0.70642,0.43578,-1.1375,-1.325,0.56873,0.53576,-1.3617
-1.0321,-1.2461,-0.52384,-1.2301,-1.6852,-0.42294,-1.0004,-1.0022,-1.0002,-1.0133,-1.0003,-0.77647,-1.0019,0.31512,-0.99312,0.99406,-1.0009,-1.0006,-1.0009,-1.0011,-1.0017,0,0,-1.0529,-1.3058,-1.083,-1.4434,-1.437,-1.3626,-1.3679,-0.36995,-1.1969,-1.2611,-2.3188,-1.7243,-0.0023978,-1.2936,0.43578,0.86255,-1.445,-1.4313,-1.3442,-1.3617
-1.0344,-1.2461,-0.52384,-1.2301,-0.71837,-2.1242,-1.0004,-1.0037,-1.0002,-1.0133,-1.0003,-1.0431,-1.0019,-1.6849,-1.0006,-1.0059,-1.0009,-1.0006,-1.0009,-1.0011,-1.0017,0,0,-1.0529,-1.3019,-1.083,-0.44339,-1.437,-0.36259,0.63213,-1.37,0.80311,-1.2611,-0.31879,-1.7322,-2.0024,0.70642,0.43578,-1.1375,-1.325,-1.4313,0.53576,0.63834
-1.0344,-1.2461,-0.52384,-1.2301,-1.7801,-2.1242,-1.0004,-1.0037,-1.0002,-1.0133,-1.0003,-1.0431,-1.0019,-1.6849,-1.0006,-1.0059,-1.0009,-1.0006,-1.0009,-1.0011,-1.0017,0,0,-1.0529,-1.3058,-1.083,-1.4434,-1.437,0.63741,0.63213,-0.36995,-1.1969,-1.2611,-2.0275,-1.7243,-1.9424,0.70642,-1.5042,0.86255,-1.445,-1.4313,0.55576,0.63834
-1.0344,-1.2461,-2.5238,0.7699,-1.5858,-0.42294,-1.0004,-1.0037,-1.0002,-1.0133,-1.0003,-1.0431,-1.0019,-1.6849,-1.0006,-1.0059,-1.0009,-1.0006,-1.0009,-1.0011,-1.0017,0,0,-1.0529,-1.3019,-1.0791,-1.4434,-1.437,-1.3626,-1.3679,-0.36995,-1.1969,-1.2611,-2.3109,-1.7243,-0.0023978,-1.2936,-0.56422,-1.1375,-1.445,-1.4313,-1.3442,-1.3617
-1.0344,-1.2461,-0.52384,-1.2301,-0.71837,-2.1242,-1.0004,-1.0037,-1.0002,-1.0133,-1.0003,-1.0431,-1.0019,-1.6849,-1.0006,-1.0059,-1.0009,-1.0006,-1.0009,-1.0011,-1.0017,0,0,-1.0529,-1.1727,-1.083,0.43661,-1.437,-1.2426,0.63213,-2.31,-0.85689,-1.2611,-0.31879,-1.7322,-2.0024,0.70642,0.43578,-1.1375,-1.445,-1.4313,0.65576,0.63834
-1.0344,-1.2461,-0.52384,-1.2301,-1.8018,-2.1242,-1.0004,-1.0037,-1.0002,-1.0133,-1.0003,-1.0431,-1.0019,-1.6849,-1.0006,-1.0059,-1.0009,-1.0006,-1.0009,-1.0011,-1.0017,0,0,-1.0529,0.69029,-1.083,-1.4034,-1.437,0.59741,0.63213,-2.37,0.80311,-1.2611,-0.31879,-1.7322,-2.0024,0.70642,-1.5642,-1.1375,-1.385,-1.4313,0.59576,0.63834
-1.0326,-1.2461,-2.5238,0.7699,-1.7936,-0.42294,-1.0004,-1.0037,-1.0002,-1.0133,-1.0003,-1.0431,-1.0019,-1.6849,-1.0006,-1.0059,-1.0009,-1.0006,-1.0009,-1.0011,-1.0017,0,0,-1.0529,-1.3058,-1.083,-1.4434,-1.437,-1.3626,-1.3679,-0.36995,-1.1969,-1.2611,-2.3188,-1.7165,-0.0023978,-1.2936,0.43578,0.20255,-1.445,-1.4313,-1.3442,-1.3617
-1.0344,-1.2461,-0.52384,-1.2301,-1.7143,-0.42294,-1.0004,-1.0036,-1.0002,-1.0133,-1.0003,-0.97647,-1.0019,-1.6849,-1.0006,-1.0059,-1.0009,-1.0006,-1.0009,-1.0011,-1.0017,0,0,-1.0529,-1.298,-1.0752,-1.4434,-1.437,-1.3626,-1.3679,-0.36995,-1.1969,-1.2611,-0.31879,-1.7086,-1.9624,-1.2536,-1.5642,-1.1375,-1.445,-1.4313,-1.3442,-1.3617
-1.0344,-1.2461,-0.52384,-1.2301,-1.7143,-1.4936,-1.0004,-1.0037,0.99983,-1.0133,-1.0003,-1.0431,-1.0019,-1.6849,-1.0006,-1.0059,-1.0009,-1.0006,-1.0009,-1.0011,-1.0017,0,0,-1.0529,-1.3058,-1.0791,0.55661,0.56301,-1.3626,-1.3679,-0.36995,-1.1969,0.73892,-2.2322,-1.6692,-1.8424,-0.95358,-1.4042,-0.47745,-0.28504,-1.2113,-1.3442,-1.3617
-1.0344,-1.2461,-0.52384,-1.2301,-0.71837,-2.1242,-1.0004,-1.0037,-1.0002,-1.0133,-1.0003,-1.0431,-1.0019,-1.6849,-1.0006,-1.0059,-1.0009,-1.0006,-1.0009,-1.0011,-1.0017,0,0,-1.0529,-1.2706,-1.083,-1.4434,-1.437,0.43741,0.63213,-2.17,0.80311,-1.2611,-1.3188,-1.7322,-1.9824,-0.91358,-1.5442,-1.1375,-1.445,-1.4313,-1.1642,0.63834
-1.0344,-1.2461,-0.52384,-1.2301,0.19816,-2.1242,-1.0004,-1.0037,-1.0002,-1.0133,-1.0003,-1.0431,-1.0019,-1.6849,-1.0006,-1.0059,-1.0009,-1.0006,-1.0009,-1.0011,-1.0017,0,0,-1.0529,-1.3058,-1.0791,-1.4434,-1.437,0.63741,0.63213,-0.36995,-1.1969,0.73892,-2.0747,0.22054,-0.0023978,-1.2936,-1.5042,-1.1175,-1.445,-1.4313,0.65576,-1.1017
-1.0009,-1.2461,-0.52384,-1.2301,-1.6852,-0.42294,-1.0004,-0.9939,-1.0002,-1.0133,-1.0003,-0.043136,-1.0019,0.31512,-0.85904,0.99406,-1.0009,-0.8238,-0.61994,-0.001103,-0.20173,0,0,-1.0529,-1.3058,-1.083,-1.4434,-1.437,-1.3626,-1.3679,-0.36995,-1.1969,-1.2611,-2.3188,-1.7322,-0.0023978,-1.2936,0.43578,-1.1375,-1.445,-1.4313,-1.3442,-1.3617
-1.0344,-1.2461,-0.52384,-1.2301,-1.4393,-2.3825,-1.0003,-1.0033,-1.0002,-1.0133,-1.0003,-1.0431,-1.0019,0.31512,-1.0006,-1.0059,-1.0009,-1.0006,-1.0009,-1.0011,-1.0017,0,0,-1.0529,-1.3058,-1.083,-1.4434,-1.437,0.63741,0.63213,-0.36995,-1.1969,-1.2611,-1.3818,-1.3936,-1.2624,-0.11358,-1.5442,-1.1375,-1.445,-1.4313,-0.24424,-1.3217
-1.0344,-1.2461,-0.52384,-1.2301,-1.4618,-0.42294,-1.0004,-1.0037,-1.0002,-1.0133,-1.0003,-1.0431,-1.0019,0.31512,-1.0006,-1.0059,-1.0009,-0.98092,-1.0009,-1.0011,-1.0017,0,0,-1.0529,-1.3019,-1.083,-1.4434,-1.437,-1.3626,-1.3679,-1.37,0.80311,-1.2611,-2.1219,-0.71647,-0.2424,-1.0536,0.19578,-1.0975,-1.445,-1.4313,-1.3442,-1.3617
-1.0344,-1.2461,-0.52384,-1.2301,0.19816,-2.4208,-1.0004,-0.97633,-1.0002,-1.0133,-1.0003,-1.0431,-1.0019,0.31512,-1.0006,-1.0059,-1.0009,-1.0006,-1.0009,-1.0011,-1.0017,0,0,-1.0529,-1.3058,-1.083,0.55661,0.56301,-1.3626,-1.3679,-0.36995,-1.1969,-1.2611,-2.3188,0.26778,-0.0023978,-1.2936,0.43578,-1.0975,0.55496,-1.4313,-1.3442,-1.3617
-1.0344,0.75395,-2.5238,-1.2301,-1.6493,-0.42294,-1.0004,-1.0037,-1.0002,-1.0133,-1.0003,-1.0431,-1.0019,-1.6849,-1.0006,-1.0059,-1.0009,-1.0006,-1.0009,-1.0011,-1.0017,0,0,-1.0529,-0.71871,-1.083,0.53661,-1.437,-1.3626,-1.3679,-2.35,-1.0769,-1.2611,-0.31879,-1.7322,-2.0024,-1.1136,-1.5642,-1.1375,-0.12504,-1.4313,-1.3242,-1.3617
-1.0344,-1.2461,-0.52384,-1.2301,-0.71837,-1.4936,-1.0004,-1.0037,-1.0002,-1.0133,-1.0003,-1.0431,-1.0019,-1.6849,-1.0006,-1.0059,-1.0009,-1.0006,-1.0009,-1.0011,-1.0017,0,0,-1.0529,-1.3019,-1.083,0.55661,0.56301,-1.3626,-1.3679,-1.37,0.80311,-1.2611,-0.31879,-1.7322,-2.0024,0.70642,0.43578,-1.1375,-1.345,0.56873,0.55576,-1.3617
-1.0344,-1.2461,-0.52384,-1.2301,0.19816,-1.4936,-1.0004,-1.0037,-1.0002,-1.0133,-1.0003,-1.0431,-1.0019,-1.6849,-1.0006,-1.0059,-1.0009,-1.0006,-1.0009,-1.0011,-1.0017,0,0,-1.0529,-1.3058,-1.083,0.55661,0.56301,-1.3626,-1.3679,-0.36995,-1.1969,-1.2611,-2.1062,0.26778,-0.0023978,-1.2936,-1.4842,-0.79745,-1.365,-1.4313,0.57576,0.63834
-1.0344,0.75395,-2.5238,-1.2301,-1.772,-0.42294,-1.0004,-1.0037,-1.0002,-1.0133,-1.0003,-1.0431,-1.0019,-1.6849,-1.0006,-1.0059,-1.0009,-1.0006,-1.0009,-1.0011,-1.0017,0,0,-1.0529,-1.3019,-1.0791,-1.4434,-1.437,-1.3626,-1.3679,-1.37,0.80311,0.73892,-0.31879,-1.5747,-1.8424,-1.2736,-1.3842,-1.1375,-1.445,-1.4313,-1.3442,-1.3617
-1.0344,-1.2461,-0.52384,-1.2301,-0.71837,-2.1242,-1.0004,-1.0037,-1.0002,-1.0133,-1.0003,-1.0431,-1.0019,-1.6849,-1.0006,-1.0059,-1.0009,-1.0006,-1.0009,-1.0011,-1.0017,0,0,-1.0529,-0.86744,-1.0439,-1.4434,-1.437,0.63741,0.63213,-2.17,-1.0769,-1.2611,-2.2164,-1.7007,-1.2824,-1.0136,-1.4242,-1.1375,-1.445,-1.4313,0.65576,0.63834
-1.0344,-1.2461,-0.52384,-1.2301,-0.71837,-2.4169,-1.0004,-1.0037,-1.0002,-1.0133,-1.0003,-1.0431,-1.0019,-1.6849,-1.0006,-1.0059,-1.0009,-1.0006,-1.0009,-1.0011,-1.0017,0,0,-1.0529,-1.3019,-1.083,-0.44339,0.56301,-1.3626,-1.3679,-1.37,0.80311,-1.2611,-2.2637,-1.7322,-1.7624,-0.29358,-1.3242,-1.1375,-1.205,0.56873,-1.3442,-1.3617
-1.0344,-1.2461,-0.52384,-1.2301,-1.5858,-2.1242,-1.0004,-1.0037,-1.0002,-1.0133,-1.0003,-1.0431,-1.0019,-1.6849,-1.0006,-1.0059,-1.0009,-1.0006,-1.0009,-1.0011,-1.0017,0,0,-1.0529,0.69029,-1.083,-0.70339,-1.437,-0.10259,0.63213,-2.37,0.80311,-1.2611,-0.31879,-1.7322,-2.0024,0.70642,-1.5642,-1.1375,-0.80504,-1.4313,0.015763,0.63834
-1.0344,-1.2461,-0.52384,-1.2301,0.19816,-2.1242,-1.0004,-1.0037,-1.0002,-1.0133,-1.0003,-1.0431,-1.0019,-1.6849,-1.0006,-1.0059,-1.0009,-1.0006,-1.0009,-1.0011,-1.0017,0,0,-1.0529,-1.3058,-1.0791,-1.4434,-1.437,0.63741,0.63213,-0.36995,-1.1969,0.73892,-2.0353,0.26778,-0.0023978,-1.2936,-1.5042,-0.53745,-1.445,-1.4313,0.65576,0.63834
-1.0344,-1.2461,-0.52384,-1.2301,0.19816,-2.1242,-1.0004,-1.0037,-1.0002,-1.0133,-1.0003,-1.0431,-1.0019,-1.6849,-1.0006,-1.0059,-1.0009,-1.0006,-1.0009,-1.0011,-1.0017,0,0,-1.0529,-1.3058,-1.0791,-1.4434,-1.437,0.63741,0.63213,-0.36995,-1.1969,0.73892,-0.31879,-0.14954,-0.4224,-1.2536,-1.5642,-1.1375,-1.445,-1.4313,0.23576,0.63834
-1.0344,-1.2461,-0.52384,-1.2301,-1.4618,-2.1242,-1.0004,-1.0037,-1.0002,-1.0133,-1.0003,-1.0431,-1.0019,-1.6849,-1.0006,-1.0059,-1.0009,-1.0006,-1.0009,-1.0011,-1.0017,0,0,-1.0529,-1.3058,-1.083,-1.4434,-1.437,0.63741,0.63213,-0.36995,-1.1969,-1.2611,-2.3188,-0.87395,-0.0023978,-1.2936,0.43578,-1.0775,-1.445,-1.4313,0.65576,-1.3217
-1.0344,-1.2461,-0.52384,-1.2301,0.19816,-2.3825,-1.0004,-1.0037,-1.0002,-1.0133,-1.0003,-1.0431,-1.0019,0.31512,-1.0006,-1.0059,-1.0009,-1.0006,-1.0009,-1.0011,-1.0017,0,0,-1.0529,-1.3058,-1.0791,-1.4434,-1.437,0.63741,0.63213,-0.36995,-1.1969,0.73892,-0.31879,0.13392,-0.1424,-1.2736,-1.5642,-1.1375,-1.445,-1.4313,-1.3042,-1.3417
-1.0344,-1.2461,-2.5238,0.7699,-0.71837,-0.42294,-1.0004,-1.0036,-1.0002,-1.0133,-1.0003,-1.0431,-1.0019,-1.6849,-1.0006,-1.0059,-1.0009,-1.0006,-1.0009,-1.0011,-1.0017,0,0,-1.0529,-1.3058,-1.083,-1.4434,-1.437,-1.3626,-1.3679,-0.36995,-1.1969,-1.2611,-2.2952,-1.7086,-0.0023978,-1.2936,-1.0642,-1.1375,-1.445,-1.4313,-1.3442,-1.3617
-1.0344,-1.2461,-0.52384,-1.2301,-1.7888,-0.42294,-1.0004,-1.0037,-1.0002,-1.0133,-1.0003,-1.0431,-1.0019,0.31512,-1.0006,-1.0059,-1.0009,-1.0006,-1.0009,-1.0011,-1.0017,0,0,-1.0529,-1.3058,-1.083,-1.4434,-1.437,-1.3626,-1.3679,-0.36995,-1.1969,-1.2611,-2.2952,-1.6928,-1.5024,-0.29358,-1.0642,-0.47745,-1.445,-1.4313,-1.3442,-1.3617
