-1.0344,-1.2461,-0.52384,-1.2301,-1.6852,-2.3825,-1.0004,-1.0036,-1.0002,-1.0133,-1.0003,-0.97647,-0.60193,-1.6849,-1.0006,-1.0059,-1.0009,-1.0006,-1.0009,-1.0011,-1.0017,0,0,-1.0529,-1.3058,-1.083,-1.4434,-1.437,0.63741,0.63213,-0.36995,-1.1969,-1.2611,-2.2952,-1.7086,-0.0023978,-1.2936,-1.0642,-1.1375,-0.94504,-0.93127,0.15576,0.13834
0.71924,-1.2461,-0.52384,-1.2301,-1.7761,-2.4214,-1.0004,-1.0037,-1.0002,-1.0133,-1.0003,-1.0431,-1.0019,-1.6849,-1.0006,-1.0059,-1.0009,-1.0006,-1.0009,-1.0011,-1.0017,0,0,-1.0529,-1.3058,-1.083,-1.4434,-1.437,0.63741,0.63213,-0.36995,-1.1969,-1.2611,-1.7361,-1.7322,-1.9824,-1.1136,-1.4842,-1.1375,-1.445,-1.4313,-1.2642,0.63834
-1.0342,-1.2461,-0.52384,-1.2301,-0.71837,-2.3595,-1.0004,-1.0037,-1.0002,-1.0133,-1.0003,-1.0431,-1.0019,-1.6849,-1.0006,-1.0059,-1.0009,-1.0006,-1.0009,-1.0011,-1.0017,0,0,-1.0529,-1.3019,-1.0791,-1.4434,-1.437,0.63741,0.63213,-0.36995,-1.1969,-1.2611,-0.31879,-1.7243,-1.9824,-1.2536,-1.5442,-1.1375,-1.445,-1.4313,0.33576,0.63834
-1.0344,-1.2461,-0.52384,-1.2301,-1.7591,-2.4169,-1.0004,-1.0037,-1.0002,-1.0133,-1.0003,-1.0431,-1.0019,-1.6849,-1.0006,-1.0059,-1.0009,-1.0006,-1.0009,-1.0011,-1.0017,0,0,-1.0529,-1.3058,-1.083,0.55661,0.56301,-1.3626,-1.3679,-0.36995,-1.1969,-1.2611,-1.807,-1.7322,-1.9624,0.40642,0.19578,-1.1375,0.31496,0.56873,-1.3442,-1.3617
-1.0344,-1.2461,-0.52384,-1.2301,-1.6852,-2.3825,-1.0004,-1.0036,-1.0002,-1.0133,-1.0003,-0.97647,-0.60193,-1.6849,-1.0006,-1.0059,-1.0009,-1.0006,-1.0009,-1.0011,-1.0017,0,0,-1.0529,-1.3058,-1.083,-1.4434,-1.437,0.63741,0.63213,-0.36995,-1.1969,-1.2611,-1.9487,-1.3621,-0.0023978,-1.2936,-1.5242,-1.1375,-1.365,-1.3513,0.57576,0.55834
-1.0344,-1.2461,-0.52384,-1.2301,-1.7149,-2.3825,-1.0004,-1.0037,-1.0002,-1.0133,-1.0003,-1.0431,-1.0019,-1.6849,-1.0006,-1.0059,-1.0009,-1.0006,-1.0009,-1.0011,-1.0017,0,0,-1.0529,-1.3058,-1.083,-1.4434,-1.437,0.63741,0.63213,-0.36995,-1.1969,-1.2611,-2.3109,-1.7322,-1.0024,0.70642,-0.56422,-1.1375,-1.445,-1.4313,0.65576,0.63834
-1.033,-1.2461,-0.52384,-1.2301,-1.6852,-0.42294,-1.0004,-1.0032,-1.0002,-1.0133,-1.0003,-1.0431,-1.0019,0.31512,-1.0006,-1.0059,-1.0009,-1.0006,-0.90565,-1.0011,-1.0017,0,0,-1.0529,-1.3058,-1.083,-1.4434,-1.437,-1.3626,-1.3679,-0.36995,-1.1969,-1.2611,-2.2873,-1.7165,-0.8024,-0.093577,-1.1642,-1.1375,-1.445,-1.4313,-1.3442,-1.3617
-1.0344,-1.2461,-0.52384,-1.2301,-1.4393,-2.4229,-1.0004,-1.0037,-1.0002,-1.0133,-1.0003,-1.0431,-1.0019,-1.6849,-1.0006,-1.0059,-1.0009,-1.0006,-1.0009,-1.0011,-1.0017,0,0,-1.0529,-1.3058,-1.083,-1.4434,-1.437,-1.3626,-1.3679,-0.36995,-1.1969,-1.2611,-1.7519,-0.55112,-1.5424,-0.57358,-0.88422,-1.0975,-1.285,-1.3713,-0.70424,-1.3617
-1.0194,-1.2461,-0.52384,-1.2301,-1.6852,-2.3825,-1.0004,-1.003,-1.0002,-1.0133,-1.0003,-1.0431,-1.0019,0.31512,-1.0006,-1.0059,-1.0009,-1.0006,-0.90565,-1.0011,-1.0017,0,0,-1.0529,-0.71871,-1.083,0.53661,-1.437,-1.3426,0.63213,-2.35,-1.0769,-1.2611,-2.2794,-1.6928,-0.0023978,-1.2936,-1.2242,-1.1375,-1.445,-1.4313,-1.0042,-1.0217
-1.0344,-1.2461,-0.52384,-1.2301,-1.4393,-0.42294,-1.0004,-1.0037,-1.0002,-1.0133,-1.0003,-1.0431,-1.0019,0.31512,-1.0006,-1.0059,-1.0009,-1.0006,-1.0009,-1.0011,-1.0017,0,0,-1.0529,-1.2784,-1.083,-1.4434,-1.437,-0.60259,-1.3679,-2.13,0.80311,-1.2611,-1.4212,-0.43301,-0.9824,-1.0936,-1.5442,-1.1175,-1.445,-1.4113,-1.2842,-1.3617
-1.0323,-1.2461,-0.52384,-1.2301,-1.6852,-0.42294,-1.0004,-1.0021,-1.0002,-1.0133,-1.0003,-0.84314,-1.0019,0.31512,-0.99685,0.99406,-1.0009,-1.0006,-1.0009,-1.0011,-1.0017,0,0,-1.0529,-1.3019,-1.083,-1.4434,-1.437,-0.36259,-1.3679,-1.37,0.80311,-1.2611,-2.2715,-1.685,-0.0023978,-1.2936,-1.2842,-1.1375,-1.445,-1.4313,-1.0642,-1.0817
-1.0343,-1.2461,-0.52384,-1.2301,-1.7149,-0.42294,-1.0004,-1.0028,-1.0002,-1.0133,-1.0003,0.82353,-1.0019,0.31512,-1.0006,-1.0059,-1.0009,-1.0006,-1.0009,-1.0011,-1.0017,0,0,0.94706,-1.3019,-1.083,-1.4434,-1.437,-0.36259,-1.3679,-1.37,0.80311,-1.2611,-1.4527,-1.6692,-1.8424,-1.1936,-1.5442,-1.1375,-1.405,-1.4313,-1.2042,-1.3617
-1.0344,-1.2461,-2.5238,0.7699,-1.5858,-0.42294,-1.0004,-1.0037,-1.0002,-1.0133,-1.0003,-1.0431,-1.0019,-1.6849,-1.0006,-1.0059,-1.0009,-1.0006,-1.0009,-1.0011,-1.0017,0,0,-1.0529,-1.3058,-1.083,-1.4434,-1.437,-1.3626,-1.3679,-0.36995,-1.1969,-1.2611,-0.31879,-1.7007,-1.9624,-1.2536,-1.5242,-1.1375,-1.445,-1.4313,-1.3442,-1.3617
-1.0344,-1.2461,-0.52384,-1.2301,-1.7545,-0.42294,-1.0004,-1.0037,-1.0002,-1.0133,-1.0003,-1.0431,-1.0019,0.31512,-0.99685,-1.0059,-1.0009,-0.99729,-1.0009,-1.0011,-1.0017,0,0,-1.0529,-1.3058,-1.083,-1.4434,-1.437,-1.3626,-1.3679,-0.36995,-1.1969,-1.2611,-2.3109,-1.7322,-1.0024,0.70642,-0.56422,-1.1375,-1.445,-1.4313,-1.3442,-1.3617
-1.0344,-1.2461,-0.52384,-1.2301,-1.7698,-2.4144,-1.0004,-0.75186,-1.0002,-1.0133,-1.0003,-1.0431,-1.0019,-1.6849,-1.0006,-1.0059,-1.0009,-1.0006,-1.0009,-1.0011,-1.0017,0,0,-1.0529,-1.3058,-1.083,0.55661,0.56301,-1.3626,-1.3679,-0.36995,-1.1969,-1.2611,-2.2401,-1.6535,-0.0023978,-1.2936,-1.3842,-1.1375,-0.34504,-0.33127,-1.3442,-1.3617
-1.0344,-1.2461,-0.52384,-1.2301,-1.4618,-0.42294,-1.0004,-1.0037,-1.0002,-1.0133,-1.0003,-1.0431,-1.0019,0.31512,-1.0006,-1.0059,-1.0009,-1.0006,-1.0009,-1.0011,-1.0017,0,0,-1.0529,-1.3019,-1.0791,-1.4434,-1.437,-1.3626,-1.3679,-0.36995,-1.1969,-1.2611,-2.2952,-1.4409,-1.0024,-0.29358,-0.56422,-0.81745,-1.445,-1.4313,-1.3442,-1.3617
-1.0344,-1.2461,-2.5238,0.7699,-1.5858,-0.42294,-1.0004,-1.0037,-1.0002,-1.0133,-1.0003,-1.0431,-1.0019,-1.6849,-1.0006,-1.0059,-1.0009,-1.0006,-1.0009,-1.0011,-1.0017,0,0,-1.0529,-1.3019,-1.0791,-1.4434,-1.437,-1.3626,-1.3679,-0.36995,-1.1969,-1.2611,-2.3109,-1.7243,-0.0023978,-1.2936,-0.56422,-1.1375,-1.445,-1.4313,-1.3442,-1.3617
-1.0344,-1.2461,-0.52384,-1.2301,-1.4393,-0.42294,-1.0004,-1.0036,-1.0002,-1.0133,-1.0003,-1.0431,-1.0019,0.31512,-1.0006,-1.0059,-1.0009,-1.0006,-1.0009,-1.0011,-1.0017,0,0,-1.0529,-1.298,-1.083,-1.4434,-1.437,-1.3626,-1.3679,-1.71,0.14311,-1.2611,-0.86998,-0.73222,-1.2824,-0.53358,-1.5442,-1.0975,-1.445,-1.4313,-0.72424,-1.3617
-1.0316,-1.2461,-0.52384,-1.2301,-1.6852,-0.42294,-1.0004,-1.0036,-1.0002,-1.0133,-1.0003,-1.0431,-1.0019,-1.6849,-1.0006,-1.0059,-1.0009,-1.0006,-1.0009,-1.0011,-1.0017,0,0,-1.0529,-1.3058,-1.083,-1.4434,-1.437,-1.3626,-1.3679,-0.36995,-1.1969,-1.2611,-0.31879,-1.7243,-1.9824,-1.2536,-1.5642,-1.1375,-1.445,-1.4313,-1.3442,-1.3617
-1.0342,-1.2461,-0.52384,-1.2301,-1.7149,-2.3825,-1.0004,-1.0037,-1.0002,-1.0133,-1.0003,-1.0431,-1.0019,-1.6849,-1.0006,-1.0059,-1.0009,-1.0006,-1.0009,-1.0011,-1.0017,0,0,-1.0529,-1.3058,-1.083,-1.4434,-1.437,0.63741,0.63213,-0.36995,-1.1969,-1.2611,-2.3109,-1.7243,-1.0024,0.70642,-0.56422,0.86255,-1.445,-1.4313,0.65576,0.63834
-0.32613,-1.2461,-0.52384,-1.2301,-1.7149,-0.42294,-1.0004,-1.0032,-1.0002,-1.0133,-1.0003,-0.64314,-1.0019,0.31512,-1.0006,-1.0059,-1.0009,-1.0006,-1.0009,-1.0011,-1.0017,0,0,0.94706,-1.3058,-1.0791,-1.4434,-1.437,-1.3626,-1.3679,-0.36995,-1.1969,0.73892,-0.31879,-0.62198,-0.8824,-1.2536,-1.5642,-1.1375,-1.445,-1.4313,-1.3442,-1.3617
-1.0344,-1.2461,-0.52384,-1.2301,-1.7782,-1.4936,-1.0004,-1.0037,-1.0002,-1.0133,-1.0003,-1.0431,-1.0019,-1.6849,-1.0006,-1.0059,-1.0009,-1.0006,-1.0009,-1.0011,-1.0017,0,0,-1.0529,-0.44474,-1.083,-0.16339,0.56301,-0.64259,-1.3679,-2.37,-0.35689,-1.2611,-0.31879,-1.7322,-2.0024,-0.57358,0.17578,-1.1375,-0.34504,0.56873,-0.72424,-1.3617
-0.79786,-1.2461,-0.52384,-1.2301,-1.5858,-2.4229,-0.95314,-1.0037,-1.0002,-1.0133,-1.0003,-0.7098,-1.0019,0.31512,-1.0006,-1.0059,-1.0009,-1.0006,-1.0009,-1.0011,-1.0017,0,0,-1.0529,-1.3058,-1.083,0.55661,0.56301,-1.3626,-1.3679,-0.36995,-1.1969,-1.2611,-2.2715,-1.7322,-1.7224,-0.71358,0.43578,-1.1375,-0.86504,0.56873,-1.3442,-1.3617
-1.0313,-1.2461,-0.52384,-1.2301,-1.7806,-0.42294,-1.0004,-1.0027,-1.0002,-1.0133,0.99966,-1.0431,-1.0019,0.31512,-1.0006,-1.0059,-1.0009,-1.0006,-1.0009,-1.0011,-1.0017,0,0,-1.0529,-1.3058,-1.083,-1.4434,-1.437,-1.3626,-1.3679,-0.36995,-1.1969,-1.2611,-2.3109,-1.7322,-1.0024,0.70642,-0.56422,-1.1375,-1.445,-1.4313,-1.3442,-1.3617
-1.0344,0.75395,-2.5238,-1.2301,-1.5745,-0.42294,-1.0004,-1.0037,-1.0002,-1.0133,-1.0003,-1.0431,-1.0019,-1.6849,-1.0006,-1.0059,-1.0009,-1.0006,-1.0009,-1.0011,-1.0017,0,0,-1.0529,-1.3058,-0.89905,-1.4434,-1.437,-1.3626,-1.3679,-0.36995,-1.1969,0.73892,-2.3188,-1.7322,-0.0023978,-1.2936,0.43578,-1.1375,-1.445,-1.4313,-1.3442,-1.3617
-1.0344,0.75395,-2.5238,-1.2301,-1.5745,-0.42294,-1.0004,-1.0037,-1.0002,-1.0133,-1.0003,-1.0431,-1.0019,-1.6849,-1.0006,-1.0059,-1.0009,-1.0006,-1.0009,-1.0011,-1.0017,0,0,-1.0529,-1.3058,-1.0791,-1.4434,-1.437,-1.3626,-1.3679,-0.36995,-1.1969,0.73892,-2.3188,0.26778,-0.0023978,-1.2936,0.43578,0.86255,-1.445,-1.4313,-1.3442,-1.3617
-1.0344,-1.2461,-0.52384,-1.2301,-1.7756,-2.1242,-1.0004,-1.0037,-1.0002,-1.0133,-1.0003,-1.0431,-1.0019,-1.6849,-1.0006,-1.0059,-1.0009,-1.0006,-1.0009,-1.0011,-1.0017,0,0,-1.0529,-1.3058,-1.083,-1.4434,-1.437,0.63741,0.63213,-0.36995,-1.1969,-1.2611,-0.31879,-1.5905,-1.8624,-0.91358,-1.3242,-1.1375,-0.64504,0.46873,-1.0842,-1.2617
-1.0344,-1.2461,-0.52384,-1.2301,-1.7752,-2.3595,-1.0004,-1.0037,-1.0002,-1.0133,-1.0003,-1.0431,-1.0019,-1.6849,-1.0006,-1.0059,-1.0009,-1.0006,-1.0009,-1.0011,-1.0017,0,0,-1.0529,-1.3058,-1.083,-1.4434,-1.437,0.63741,0.63213,-0.36995,-1.1969,-1.2611,-1.4841,-1.7322,-1.9824,-1.0536,-1.4042,-1.1375,-1.445,-1.4313,-1.2042,0.63834
-1.0334,-1.2461,-0.52384,-1.2301,-1.6852,-0.42294,-1.0004,-1.0036,-1.0002,-1.0133,-1.0003,-1.0431,0.99807,-1.6849,-1.0006,-1.0059,-1.0009,-1.0006,-1.0009,-1.0011,-1.0017,0,0,-1.0529,-1.3058,-1.083,-1.4434,-1.437,-1.3626,-1.3679,-0.36995,-1.1969,-1.2611,-2.3188,-1.7243,-0.0023978,-1.2936,0.43578,0.86255,-1.445,-1.4313,-1.3442,-1.3617
-1.0344,-1.2461,-0.52384,-1.2301,-1.7762,-1.4936,-1.0004,-1.0037,-1.0002,-1.0133,-1.0003,-0.97647,-1.0019,-1.6849,-1.0006,-1.0059,-1.0009,-1.0006,-1.0009,-1.0011,-1.0017,0,0,-1.0529,-0.98877,-1.083,0.11661,0.56301,-0.92259,-1.3679,-2.35,-0.43689,-1.2611,-0.31879,-1.7322,-2.0024,-1.0536,-0.92422,-1.1375,-0.94504,0.56873,-1.2042,-1.3617
-1.0344,0.75395,-2.5238,-1.2301,-1.5745,-0.42294,-1.0004,-1.0037,-1.0002,-1.0133,-1.0003,-1.0431,-1.0019,-1.6849,-1.0006,-1.0059,-1.0009,-1.0006,-1.0009,-1.0011,-1.0017,0,0,-1.0529,-1.3058,-1.083,-1.4434,-1.437,-1.3626,-1.3679,-0.36995,-1.1969,-1.2611,-2.3188,-1.6771,-0.0023978,-1.2936,0.43578,0.86255,-1.445,-1.4313,-1.3442,-1.3617
0.61499,-1.2461,-0.52384,-1.2301,-1.4393,-2.4214,0.9996,-1.0037,-1.0002,-1.0133,-1.0003,-1.0431,-1.0019,-1.6849,-1.0006,-1.0059,-1.0009,-1.0006,-1.0009,-1.0011,-1.0017,0,0,-1.0529,-1.3058,-1.083,-1.4434,-1.437,0.63741,0.63213,-0.36995,-1.1969,-1.2611,-1.7046,-0.54324,-0.4424,-1.0736,-1.3842,-1.1175,-1.445,-1.4313,-1.1642,-1.3417
-1.0344,-1.2461,-0.52384,-1.2301,-0.71837,-2.4169,-1.0004,-1.0037,-1.0002,-1.0133,-1.0003,-1.0431,-1.0019,-1.6849,-1.0006,-1.0059,-1.0009,-1.0006,-1.0009,-1.0011,-1.0017,0,0,-1.0529,-1.3058,-1.083,0.55661,0.56301,-1.3626,-1.3679,-0.36995,-1.1969,-1.2611,-2.0826,-1.7322,-1.9424,0.12642,-0.084215,-1.1375,0.034964,0.56873,-1.3442,-1.3617
-1.0323,-1.2461,-0.52384,-1.2301,-1.6852,-0.42294,-1.0004,-1.0028,-1.0002,-1.0133,-1.0003,-1.0431,-1.0019,0.31512,-1.0006,0.99406,-1.0009,-0.99401,-0.81041,-0.001103,-1.0017,0,0,-1.0529,-1.3058,-1.083,-1.4434,-1.437,-1.3626,-1.3679,-0.36995,-1.1969,-1.2611,-0.31879,-1.7243,-1.9824,-1.2536,-1.5642,-1.1375,-1.445,-1.4313,0.035763,-1.3617
-1.0344,-1.2461,-0.52384,-1.2301,-1.4618,-2.1242,-1.0004,-1.0037,-1.0002,-1.0133,-1.0003,-1.0431,-1.0019,-1.6849,-1.0006,-1.0059,-1.0009,-1.0006,-1.0009,-1.0011,-1.0017,0,0,-1.0529,-1.3058,-1.083,-1.4434,-1.437,0.63741,0.63213,-0.36995,-1.1969,-1.2611,-2.3188,-1.1338,-0.0023978,-1.2936,0.43578,-1.0575,-1.445,-1.4313,0.65576,-1.3017
-1.0344,-1.2461,-0.52384,-1.2301,-1.4393,-0.42294,-1.0004,-1.0036,-1.0002,-1.0133,-1.0003,-1.0431,-1.0019,0.31512,-1.0006,-1.0059,-1.0009,-1.0006,-1.0009,-1.0011,-1.0017,0,0,-1.0529,-1.3058,-1.0791,-1.4434,-1.437,-1.3626,-1.3679,-0.36995,-1.1969,0.73892,-0.94084,-0.76372,-1.3224,-0.51358,-1.5442,-1.0975,-1.445,-1.4313,-0.70424,-1.3617
-1.0344,-1.2461,-0.52384,-1.2301,0.19816,-2.4208,-1.0004,-1.0036,-1.0002,-1.0133,-1.0003,-0.97647,-1.0019,0.31512,-1.0006,-1.0059,-1.0009,-1.0006,-1.0009,-1.0011,-1.0017,0,0,-1.0529,-1.1962,-1.083,-1.3834,0.56301,0.43741,-1.3679,-2.31,0.80311,-1.2611,-0.31879,-0.11805,-0.3824,-0.99358,-1.5642,-1.1375,-1.445,-1.4313,-1.1242,-1.3617
-1.0344,-1.2461,-2.5238,0.7699,-0.71837,-0.42294,-1.0004,-1.0037,-1.0002,-1.0133,-1.0003,-1.0431,-1.0019,-1.6849,-1.0006,-1.0059,-1.0009,-1.0006,-1.0009,-1.0011,-1.0017,0,0,-1.0529,-1.3058,-1.083,-1.4434,-1.437,-1.3626,-1.3679,-0.36995,-1.1969,-1.2611,-0.39753,-0.12592,-0.3224,-1.2736,0.11578,-1.1375,-1.445,-1.4313,-1.3442,-1.3617
-1.033,-1.2461,-0.52384,-1.2301,-1.6852,-0.42294,-1.0004,-1.0032,-1.0002,-1.0133,-1.0003,-1.0431,-1.0019,0.31512,-1.0006,-1.0059,-1.0009,-1.0006,-0.90565,-1.0011,-1.0017,0,0,-1.0529,-1.3058,-1.083,-1.4434,-1.437,-1.3626,-1.3679,-0.36995,-1.1969,-1.2611,-2.2873,-1.7165,-0.8024,-0.093577,-1.1642,-1.1375,-1.445,-1.4313,-1.3442,-1.3617
-1.0344,0.75395,-2.5238,-1.2301,-1.5745,-0.42294,-1.0004,-1.0037,-1.0002,-1.0133,-1.0003,-1.0431,-1.0019,-1.6849,-1.0006,-1.0059,-1.0009,-1.0006,-1.0009,-1.0011,-1.0017,0,0,-1.0529,-1.3058,-1.083,-1.4434,-1.437,-1.3626,-1.3679,-0.36995,-1.1969,-1.2611,-2.3188,0.26778,-0.0023978,-1.2936,0.43578,0.86255,-1.445,-1.4313,-1.3442,-1.3617
-1.0344,0.75395,-2.5238,-1.2301,-1.6493,-0.42294,-1.0004,-1.0037,-1.0002,-1.0133,-1.0003,-1.0431,-1.0019,-1.6849,-1.0006,-1.0059,-1.0009,-1.0006,-1.0009,-1.0011,-1.0017,0,0,-1.0529,-1.3058,-1.083,-1.4434,-1.437,-1.3626,-1.3679,-0.36995,-1.1969,-1.2611,-2.2715,-1.685,-0.0023978,-1.2936,0.43578,-1.1375,-1.445,-1.4313,-1.3442,-1.3617
-1.0344,-1.2461,-0.52384,-1.2301,-1.7698,-2.4169,-1.0004,-1.0037,-1.0002,-1.0133,-1.0003,-1.0431,-1.0019,-1.6849,-1.0006,-1.0059,-1.0009,-1.0006,-1.0009,-1.0011,-1.0017,0,0,-1.0529,-1.3058,-0.60942,0.55661,0.083007,-1.3626,-1.2879,-0.36995,-1.1969,-0.52108,-2.2715,-1.685,-0.0023978,-1.2936,-0.14422,-1.1375,-0.30504,-0.29127,-1.3442,-1.3617
-0.92108,-1.2461,-0.52384,-1.2301,-1.4618,-2.3595,-0.97739,-1.0037,-1.0002,-1.0133,-1.0003,-1.0431,-1.0019,0.31512,-1.0006,-1.0059,-1.0009,-1.0006,-1.0009,-1.0011,-1.0017,0,0,-1.0529,-1.3058,-1.083,-1.4434,-1.437,0.63741,0.63213,-0.36995,-1.1969,-1.2611,-2.303,-1.4015,-0.0023978,-1.2936,0.43578,-0.95745,-1.445,-1.4313,-0.68424,-1.3217
-1.0344,-1.2461,-0.52384,-1.2301,-0.71837,-2.4214,-1.0004,-1.0037,-1.0002,-1.0133,-1.0003,-1.0431,-1.0019,-1.6849,-1.0006,-1.0059,-1.0009,-1.0006,-1.0009,-1.0011,-1.0017,0,0,-1.0529,-1.3019,-1.0791,-0.44339,-0.43699,-0.36259,-0.36787,-0.36995,-1.1969,-1.2611,-0.31879,-1.7243,-1.9824,-1.2736,-1.5442,-1.1375,-1.445,-0.43127,-1.3442,-0.36166
-1.0344,-1.2461,-0.52384,-1.2301,-0.71837,-2.4169,-1.0004,-1.0037,-1.0002,-1.0133,-1.0003,-1.0431,-1.0019,-1.6849,-1.0006,-1.0059,-1.0009,-1.0006,-1.0009,-1.0011,-1.0017,0,0,-1.0529,0.69029,-1.083,-1.4434,0.56301,-1.3626,-1.3679,-2.37,-1.1969,-1.2611,-1.1849,-1.7322,-1.9824,0.56642,0.31578,-1.1375,0.43496,0.56873,-1.3442,-1.3617
-1.0344,-1.2461,-2.5238,0.7699,-0.71837,-0.42294,-1.0004,-1.0037,-1.0002,-1.0133,-1.0003,-1.0431,-1.0019,-1.6849,-1.0006,-1.0059,-1.0009,-1.0006,-1.0009,-1.0011,-1.0017,0,0,-1.0529,-1.1806,-0.95776,-1.4434,-1.437,-1.3626,-1.3679,-0.36995,-1.1969,-1.2611,-1.5314,-1.4803,-1.3424,-1.1936,-1.5442,-1.1375,-1.445,-1.4313,-1.3442,-1.3617
-1.034,-1.2461,-0.52384,-1.2301,-1.4618,-0.42294,-1.0004,0.99425,-1.0002,-1.0133,-1.0003,-1.0431,-1.0019,-1.6849,-1.0006,-1.0059,-1.0009,-1.0006,-1.0009,-1.0011,-1.0017,0,0,-1.0529,-1.3058,-1.083,-1.4434,-1.437,-1.3626,-1.3679,-0.36995,-1.1969,-1.2611,-2.1928,-1.6062,-0.0023978,-1.2936,0.43578,-1.1375,-1.445,-1.4313,-1.3442,-1.3617
-1.0344,0.75395,-2.5238,-1.2301,-1.5745,-0.42294,-1.0004,-1.0037,-1.0002,-1.0133,-1.0003,-1.0431,-1.0019,-1.6849,-1.0006,-1.0059,-1.0009,-1.0006,-1.0009,-1.0011,-1.0017,0,0,-1.0529,-1.3058,-1.0791,-1.4434,-1.437,-1.3626,-1.3679,-0.36995,-1.1969,0.73892,-2.3109,-1.7243,-0.0023978,-1.2936,0.43578,-1.1375,-1.445,-1.4313,-1.3442,-1.3617
-1.0344,-1.2461,-0.52384,-1.2301,-1.4618,-0.42294,-1.0004,-0.62042,-1.0002,-1.0133,-1.0003,-1.0431,-1.0019,-1.6849,-1.0006,-1.0059,-1.0009,-1.0006,-1.0009,-1.0011,-1.0017,0,0,-1.0529,-1.3058,-1.0791,-1.4434,-1.437,-1.3626,-1.3679,-0.36995,-1.1969,0.73892,-2.303,-1.7165,-0.0023978,-1.2936,0.43578,-1.1375,-1.445,-1.4313,-1.3442,-1.3617
-1.0344,-1.2461,-2.5238,0.7699,-0.71837,-0.42294,-1.0004,-1.0037,-1.0002,-1.0133,-1.0003,-1.0431,-1.0019,-1.6849,-1.0006,-1.0059,-1.0009,-1.0006,-1.0009,-1.0011,-1.0017,0,0,-1.0529,-1.3058,-1.083,-1.4434,-1.437,-1.3626,-1.3679,-0.36995,-1.1969,-1.2611,-2.3188,-1.7322,-0.0023978,-1.2936,0.43578,-1.1375,-1.445,-1.4313,-1.3442,-1.3617
-1.0205,-1.2461,-0.52384,-1.2301,-1.6852,-0.42294,-1.0004,-1.0034,-1.0002,-1.0133,-1.0003,-1.0431,-1.0019,-1.6849,-1.0006,-1.0059,-1.0009,-1.0006,-1.0009,-1.0011,-1.0017,0,0,-1.0529,-1.3058,-1.083,-1.4434,-1.437,-1.3626,-1.3679,-0.36995,-1.1969,-1.2611,-0.31879,-1.3621,-1.6224,-1.2536,-1.5642,-1.1375,-1.005,-0.81127,-1.3442,-1.3617
-0.79842,-1.2461,-0.52384,-1.2301,-1.5858,-0.42294,-0.95313,-1.0037,-1.0002,-1.0133,-1.0003,-0.9098,-1.0019,0.31512,-1.0006,-1.0059,-1.0009,-1.0006,-1.0009,-1.0011,-1.0017,0,0,-1.0529,-1.3058,-1.083,-1.4434,-1.437,-1.3626,-1.3679,-0.36995,-1.1969,-1.2611,-2.2715,-1.7322,-1.7224,-0.71358,0.43578,-1.1375,-1.445,-1.4313,-1.3442,-1.3617
-1.0344,-1.2461,-0.52384,-1.2301,-1.4618,-0.42294,-1.0004,-1.0037,-1.0002,-1.0133,-1.0003,-1.0431,-1.0019,0.31512,-1.0006,-1.0059,-1.0009,-1.0006,-1.0009,-1.0011,-1.0017,0,0,-1.0529,-1.3019,-1.083,-1.4434,-1.437,-1.3626,-1.3679,-1.37,0.80311,-1.2611,-0.31879,-1.0866,-1.3424,-1.1536,-0.86422,-1.1375,-1.405,-1.3313,-1.3442,-1.3617
-1.0344,-1.2461,-0.52384,-1.2301,-1.7143,-0.42294,-1.0004,-1.0036,-1.0002,-1.0133,-1.0003,-0.97647,-1.0019,-1.6849,-1.0006,-1.0059,-1.0009,-1.0006,-1.0009,-1.0011,-1.0017,0,0,-1.0529,-1.298,-1.0752,-1.4434,-1.437,-1.3626,-1.3679,-0.36995,-1.1969,-1.2611,-0.31879,-1.7086,-1.9624,-1.2536,-1.5642,-1.1375,-1.445,-1.4313,-1.3442,-1.3617
-1.0344,-1.2461,-0.52384,-1.2301,0.19816,-0.42294,-1.0004,-1.0005,-1.0002,-1.0133,-1.0003,-0.9098,-1.0019,0.31512,-1.0006,0.99406,-1.0009,-1.0006,-1.0009,-1.0011,-0.60173,0,0,-1.0529,-1.3058,-1.0791,-1.4434,-1.437,-1.3626,-0.36787,-0.36995,-1.1969,0.73892,-0.31879,0.26778,-0.0023978,-1.2936,-1.5642,-1.1375,-1.445,-1.4313,-1.3442,-1.3617
-1.0344,-1.2461,-0.52384,-1.2301,-1.7695,-0.42294,-1.0004,-1.0037,-1.0002,-1.0133,-1.0003,-1.0431,-1.0019,0.31512,-1.0006,-1.0059,-1.0009,-1.0006,-1.0009,-1.0011,-1.0017,0,0,-1.0529,-1.3019,-1.083,-1.4434,-1.437,-0.36259,-1.3679,-1.37,0.80311,-1.2611,-1.3818,-1.7322,-1.9824,-1.0336,-1.5442,-1.1375,-1.445,-1.4313,-1.2842,-1.3617
-1.0344,0.75395,-2.5238,-1.2301,-1.5745,-0.42294,-1.0004,-1.0037,-1.0002,-1.0133,-1.0003,-1.0431,-1.0019,-1.6849,-1.0006,-1.0059,-1.0009,-1.0006,-1.0009,-1.0011,-1.0017,0,0,-1.0529,-1.3058,-1.0791,-1.4434,-1.437,-1.3626,-1.3679,-0.36995,-1.1969,0.73892,-2.3188,-1.622,-0.0023978,-1.2936,0.43578,0.86255,-1.445,-1.4313,-1.3442,-1.3617
-1.0344,-1.2461,-0.52384,-1.2301,-1.7783,-1.4936,-1.0004,-1.0037,-1.0002,-1.0133,-1.0003,-1.0431,-1.0019,-1.6849,-1.0006,-1.0059,-1.0009,-1.0006,-1.0009,-1.0011,-1.0017,0,0,-1.0529,-1.1727,-1.0752,0.15661,0.56301,-0.96259,-1.3679,-2.19,-0.39689,-1.2611,-0.31879,-1.7165,-1.9824,-1.1736,-1.2842,-1.1375,-1.225,0.56873,-1.2842,-1.3617
-1.0344,-1.2461,-0.52384,-1.2301,-1.4618,-2.3595,-1.0004,-1.0037,-1.0002,-1.0133,-1.0003,-1.0431,-1.0019,-1.6849,-1.0006,-1.0059,-1.0009,-1.0006,-1.0009,-1.0011,-1.0017,0,0,-1.0529,-1.3058,-1.083,-1.4434,-1.437,0.63741,0.63213,-0.36995,-1.1969,-1.2611,-1.3975,-0.66923,-0.8424,-0.91358,-1.2242,-1.1175,-1.445,-1.4313,-1.0242,-1.3417
-1.0344,-1.2461,-0.52384,-1.2301,-1.7143,-0.42294,-1.0004,-1.0037,-1.0002,-1.0133,-1.0003,-1.0431,-1.0019,-1.6849,-1.0006,-1.0059,-1.0009,-1.0006,-1.0009,-1.0011,-1.0017,0,0,-1.0529,-1.2941,-1.0752,-1.4434,-1.437,-1.3626,-1.3679,-0.86995,-0.19689,-1.2611,-0.31879,-1.7165,-1.9824,-1.2536,-1.5642,-1.1375,-1.445,-1.4313,-1.3442,-1.3617
-1.0344,-1.2461,-0.52384,-1.2301,-1.7545,-0.42294,-1.0004,-1.0037,-1.0002,-1.0133,-1.0003,-1.0431,-1.0019,0.31512,-0.99685,-1.0059,-1.0009,-0.99729,-1.0009,-1.0011,-1.0017,0,0,-1.0529,-1.3058,-1.083,-1.4434,-1.437,-1.3626,-1.3679,-0.36995,-1.1969,-1.2611,-2.3109,-1.7322,-1.0024,0.70642,-0.56422,-1.1375,-1.445,-1.4313,-1.3442,-1.3617
