-1.0273,-1.2457,-0.52535,-1.2289,-1.7728,-2.372,-1.0003,-1.0002,0,-1.0003,-1.017,-1.003,-1.6803,-1.0003,-1.0058,-1.0003,-1.052,-0.82421,-1.0418,-1.4485,-1.441,0.62995,0.6223,-2.1573,-1.0915,-1.2676,-1.133,-1.5529,-1.1359,-1.4483,-1.4356,0.62716
-1.0273,-1.2457,-0.52535,-1.2289,-1.4713,-1.4831,-1.0003,-1.0002,0,-1.0003,-1.017,-1.003,-1.6803,-1.0003,-1.0058,-1.0003,-1.052,-1.3056,-1.0849,0.55149,0.559,-1.3701,-1.3777,-1.3573,0.78847,-1.2676,-1.253,-1.5529,-1.1359,0.55171,0.56445,-1.3728
-1.0273,-1.2457,-2.5253,0.77108,-0.7278,-0.41246,-1.0003,-1.0002,0,-1.0003,-1.017,-1.003,-1.6803,-1.0003,-1.0058,-1.0003,-1.052,-0.77724,-0.59172,-1.4485,-1.441,-1.3701,-1.3777,-0.49726,-1.1915,-1.2676,-1.213,0.44713,-1.1359,-1.4483,-1.4356,-1.3728
-1.0273,0.75427,-2.5253,-1.2289,-1.584,-0.41246,-1.0003,-1.0002,0,-1.0003,-1.017,-1.003,-1.6803,-1.0003,-1.0058,-1.0003,-1.052,-1.3095,-1.0849,-1.4485,-1.441,-1.3701,-1.3777,-0.35726,-1.2115,-1.2676,-1.293,0.44713,-0.63586,-1.4483,-1.4356,-1.3728
-1.0273,0.75427,-2.5253,-1.2289,-1.584,-0.41246,-1.0003,-1.0002,0,-1.0003,-1.017,-1.003,-1.6803,-1.0003,-1.0058,-1.0003,-1.052,-1.3095,-0.88526,-1.4485,-1.441,-1.3701,-1.3777,-0.35726,-1.2115,0.73243,-1.293,0.44713,-0.11586,-1.4483,-1.4356,-1.3728
-1.0273,-1.2457,-0.52535,-1.2289,-1.7802,-2.1137,-1.0003,-1.0002,0,-1.0003,-1.017,-1.003,-1.6803,-1.0003,-1.0058,-1.0003,-1.052,-1.0395,-1.0692,-1.4485,-1.441,0.62995,0.6223,-2.2173,-1.0315,-1.2676,-1.153,-1.5529,-1.1359,-1.4483,-1.4356,0.62716
-1.0273,0.75427,-2.5253,-1.2289,-1.584,-0.41246,-1.0003,-1.0002,0,-1.0003,-1.017,-1.003,-1.6803,-1.0003,-1.0058,-1.0003,-1.052,-1.3095,-1.0849,-1.4485,-1.441,-1.3701,-1.3777,-0.35726,-1.2115,-1.2676,-1.293,0.44713,-0.13586,-1.4483,-1.4356,-1.3728
-1.0273,-1.2457,-2.5253,0.77108,-0.7278,-0.41246,-1.0003,-1.0002,0,-1.0003,-1.017,-1.003,-1.6803,-1.0003,-1.0058,-1.0003,-1.052,-1.2626,-1.0379,-1.4485,-1.441,-1.3701,-1.3777,-0.35726,-1.2115,-1.2676,-1.273,-0.93287,-1.1359,-1.4483,-1.4356,-1.3728
-1.0273,-1.2457,-2.5253,0.77108,-0.7278,-0.41246,-1.0003,-1.0002,0,-1.0003,-1.017,-1.003,-1.6803,-1.0003,-1.0058,-1.0003,-1.052,-1.0512,-0.82656,-1.4485,-1.441,-1.3701,-1.3777,-0.35726,-1.2115,-1.2676,-0.59298,-0.25287,-1.1359,-1.2683,-1.4356,-1.3728
-1.0273,0.75427,-2.5253,-1.2289,-1.584,-0.41246,-1.0003,-1.0002,0,-1.0003,-1.017,-1.003,-1.6803,-1.0003,-1.0058,-1.0003,-1.052,-1.3095,-1.0849,-1.4485,-1.441,-1.3701,-1.3777,-0.35726,-1.2115,-1.2676,-1.293,0.44713,0.86414,-1.4483,-1.4356,-1.3728
-1.0251,-1.2457,-0.52535,-1.2289,-1.6948,-0.41246,-1.0003,-1.0002,0,-1.0003,-0.93903,-1.003,0.31969,-0.99287,0.99423,-1.0003,-1.052,-1.3095,-1.0849,-1.4485,-1.441,-1.3701,-1.3777,-0.35726,-1.2115,-1.2676,-1.293,-1.3529,-1.1359,-1.4483,-1.4356,-1.1728
-1.0273,-1.2457,-2.5253,0.77108,-0.7278,-0.41246,-1.0003,-1.0002,0,-1.0003,-1.017,-1.003,-1.6803,-1.0003,-1.0058,-1.0003,-1.052,-1.0786,-0.85395,-1.4485,-1.441,-1.3701,-1.3777,-0.35726,-1.2115,-1.2676,-0.012981,-1.0729,-1.1359,-1.4283,-1.4356,-1.3728
-1.0273,-1.2457,-2.5253,0.77108,-0.7278,-0.41246,-1.0003,-1.0002,0,-1.0003,-1.017,-1.003,-1.6803,-1.0003,-1.0058,-1.0003,-1.052,-1.1412,-0.91658,-1.4485,-1.441,-1.3701,-1.3777,-0.35726,-1.2115,-1.2676,-0.41298,-0.43287,-1.1359,-1.2683,-1.4356,-1.3728
-1.0273,0.75427,-2.5253,-1.2289,-1.584,-0.41246,-1.0003,-1.0002,0,-1.0003,-1.017,-1.003,-1.6803,-1.0003,-1.0058,-1.0003,-1.052,-1.3095,-0.88526,-1.4485,-1.441,-1.3701,-1.3777,-0.35726,-1.2115,0.73243,-1.293,0.44713,-0.61586,-1.4483,-1.4356,-1.3728
-1.0273,0.75427,-2.5253,-1.2289,-1.6589,-0.41246,-1.0003,-1.0002,0,-1.0003,-1.017,-1.003,-1.6803,-1.0003,-1.0058,-1.0003,-1.052,-1.2626,-1.0379,-1.4485,-1.441,-1.3701,-1.3777,-0.35726,-1.2115,-1.2676,-1.293,0.44713,-1.1359,-1.4483,-1.4356,-1.3728
-1.0273,-1.2457,-0.52535,-1.2289,-0.7278,-2.349,-1.0003,-1.0002,0,-1.0003,-1.017,-1.003,-1.6803,-1.0003,-1.0058,-1.0003,-1.052,-1.3095,-1.0849,-1.4485,-1.441,0.62995,0.6223,-0.35726,-1.2115,-1.2676,-1.033,-1.3929,-1.1359,-1.2083,-1.4356,0.62716
-1.0273,-1.2457,-2.5253,0.77108,-0.7278,-0.41246,-1.0003,-1.0002,0,-1.0003,-1.017,-1.003,-1.6803,-1.0003,-1.0058,-1.0003,-1.052,-1.2547,-1.0301,-1.4485,-1.441,-1.3701,-1.3777,-0.35726,-1.2115,-1.2676,-1.173,-1.1129,-1.1359,-1.4483,-1.4356,-1.3728
-1.0273,0.75427,-2.5253,-1.2289,-1.584,-0.41246,-1.0003,-1.0002,0,-1.0003,-1.017,-1.003,-1.6803,-1.0003,-1.0058,-1.0003,-1.052,-1.3095,-0.88526,-1.4485,-1.441,-1.3701,-1.3777,-0.35726,-1.2115,0.73243,-1.293,0.44713,-0.61586,-1.4483,-1.4356,-1.3728
-1.0273,-1.2457,-0.52535,-1.2289,-1.7793,-2.4039,-1.0003,-0.99924,0,-1.0003,-1.017,-1.003,-1.6803,-1.0003,-1.0058,-1.0003,-1.052,-1.3095,-1.0849,0.55149,0.559,-1.3701,-1.3777,-0.35726,-1.2115,-1.2676,-1.293,-1.3729,-1.1359,-0.34829,-0.33555,-1.3728
-1.0273,-1.2457,-0.52535,-1.2289,0.18882,-0.41246,-1.0002,-1.0002,0,-1.0003,-0.96501,-1.003,0.31969,-0.99659,-1.0058,-1.0003,-1.052,-1.3095,-1.077,-1.4485,-1.441,-1.3701,-0.037704,-0.35726,-1.2115,0.73243,-1.293,-0.55287,-1.1359,-1.4483,-1.4356,-1.3728
-1.0273,-1.2457,-0.52535,-1.2289,-0.7278,-2.1137,-1.0003,-1.0002,0,-1.0003,-1.017,-1.003,-1.6803,-1.0003,-1.0058,-1.0003,-1.052,-1.2391,-1.0496,-1.4485,-1.441,0.62995,0.6223,-1.2973,-0.99153,-1.2676,-1.173,-1.5529,-1.1359,-1.4483,-1.4356,0.62716
-1.0273,-1.2457,-0.52535,-1.2289,-0.7278,-2.1137,-1.0003,-1.0002,0,-1.0003,-1.017,-1.003,-1.6803,-1.0003,-1.0058,-1.0003,-1.052,-1.3095,-1.0849,-1.4485,-1.441,0.62995,0.6223,-0.35726,-1.2115,-1.2676,-1.033,-1.5329,-1.1359,-1.4483,-1.4356,0.62716
-1.0273,-1.2457,-0.52535,-1.2289,-1.7728,-2.372,-1.0003,-1.0002,0,-1.0003,-1.017,-1.003,-1.6803,-1.0003,-1.0058,-1.0003,-1.052,-0.83986,-1.0262,-1.4485,-1.441,0.62995,0.6223,-2.0973,-1.0715,-1.2676,-1.153,-1.5529,-1.1359,-1.4483,-1.4356,0.62716
-1.0273,-1.2457,-2.5253,0.77108,-0.7278,-0.41246,-1.0003,-1.0002,0,-1.0003,-1.017,-1.003,-1.6803,-1.0003,-1.0058,-1.0003,-1.052,-1.2391,-1.0144,-1.4485,-1.441,-1.3701,-1.3777,-0.35726,-1.2115,-1.2676,-1.193,-1.3729,-1.1359,-1.4083,-1.4356,-1.3728
-1.0273,0.75427,-2.5253,-1.2289,-1.6589,-0.41246,-1.0003,-1.0002,0,-1.0003,-1.017,-1.003,-1.6803,-1.0003,-1.0058,-1.0003,-1.052,-1.3095,-1.0849,-1.4485,-1.441,-1.3701,-1.3777,-0.35726,-1.2115,-1.2676,-1.293,0.44713,-0.055863,-1.4483,-1.4356,-1.3728
-1.0273,0.75427,-2.5253,-1.2289,-1.584,-0.41246,-1.0003,-1.0002,0,-1.0003,-1.017,-1.003,-1.6803,-1.0003,-1.0058,-1.0003,-1.052,-1.3095,-0.88526,-1.4485,-1.441,-1.3701,-1.3777,-0.35726,-1.2115,0.73243,-1.293,0.44713,-0.13586,-1.4483,-1.4356,-1.3728
-1.0273,-1.2457,-2.5253,0.77108,-0.7278,-0.41246,-1.0003,-1.0002,0,-1.0003,-1.017,-1.003,-1.6803,-1.0003,-1.0058,-1.0003,-1.052,-1.0277,-0.80307,-1.4485,-1.441,-1.3701,-1.3777,-0.35726,-1.2115,-1.2676,-1.273,-1.2329,-1.1359,-1.4483,-1.4356,-1.3728
-1.0273,-1.2457,-2.5253,0.77108,-0.7278,-0.41246,-1.0003,-1.0002,0,-1.0003,-1.017,-1.003,-1.6803,-1.0003,-1.0058,-1.0003,-1.052,-0.7381,-0.55258,-1.4485,-1.441,-1.3701,-1.3777,-0.49726,-1.1915,-1.2676,-1.233,0.44713,-1.1359,-1.4483,-1.4356,-1.3728
-1.0273,0.75427,-2.5253,-1.2289,-1.584,-0.41246,-1.0003,-1.0002,0,-1.0003,-1.017,-1.003,-1.6803,-1.0003,-1.0058,-1.0003,-1.052,-1.3095,-0.88526,-1.4485,-1.441,-1.3701,-1.3777,-0.35726,-1.2115,0.73243,-1.293,0.44713,-1.1359,-1.4483,-1.4356,-1.3728
-1.0273,-1.2457,-0.52535,-1.2289,-1.7728,-2.372,-1.0003,-1.0002,0,-1.0003,-1.017,-1.003,-1.6803,-1.0003,-1.0058,-1.0003,-1.052,-0.87117,-1.0575,-1.4485,-1.441,0.62995,0.6223,-2.2173,-1.0515,-1.2676,-1.153,-1.5529,-1.1359,-1.4483,-1.4356,0.62716
-1.0273,-1.2457,-0.52535,-1.2289,-1.6948,-2.372,-1.0003,-1.0002,0,-1.0003,-0.99098,-0.33633,-1.6803,-1.0003,-1.0058,-1.0003,-1.052,-1.3056,-1.081,-1.4485,-1.441,0.62995,0.6223,-0.35726,-1.2115,-1.2676,-1.293,-0.89287,-1.1359,-0.78829,-0.77555,-0.032842
-1.0273,-1.2457,-0.52535,-1.2289,-0.7278,-2.349,-1.0003,-1.0002,0,-1.0003,-1.017,-1.003,-1.6803,-1.0003,-1.0058,-1.0003,-1.052,-1.3095,-1.0849,-1.4485,-1.441,0.62995,0.6223,-0.35726,-1.2115,-1.2676,-1.193,-1.4729,-1.1359,-1.4483,-1.4356,0.62716
-1.0273,-1.2457,-0.52535,-1.2289,-1.5953,-2.1137,-1.0003,-1.0002,0,-1.0003,-1.017,-1.003,-1.6803,-1.0003,-1.0058,-1.0003,-1.052,0.68656,-1.0849,-0.56851,-1.441,-0.25005,0.6223,-2.3573,0.78847,-1.2676,0.70702,-1.5529,-1.1359,-0.40829,-1.4356,0.62716
-1.0273,0.75427,-2.5253,-1.2289,-1.584,-0.41246,-1.0003,-1.0002,0,-1.0003,-1.017,-1.003,-1.6803,-1.0003,-1.0058,-1.0003,-1.052,-1.3095,-0.88526,-1.4485,-1.441,-1.3701,-1.3777,-0.35726,-1.2115,0.73243,-1.293,0.44713,-0.13586,-1.4483,-1.4356,-1.3728
-1.0273,-1.2457,-2.5253,0.77108,-0.7278,-0.41246,-1.0003,-1.0002,0,-1.0003,-1.017,-1.003,-1.6803,-1.0003,-1.0058,-1.0003,-1.052,-1.106,-0.88135,-1.4485,-1.441,-1.3701,-1.3777,-0.35726,-1.2115,-1.2676,-0.49298,-0.35287,-1.1359,-1.2683,-1.4356,-1.3728
-1.0273,-1.2457,-2.5253,0.77108,-0.7278,-0.41246,-1.0003,-1.0002,0,-1.0003,-1.017,-1.003,-1.6803,-1.0003,-1.0058,-1.0003,-1.052,-1.2978,-1.0731,-1.4485,-1.441,-1.3701,-1.3777,-0.35726,-1.2115,-1.2676,-1.153,-1.3529,-1.1359,-1.4483,-1.4356,-1.3728
-1.0273,-1.2457,-0.52535,-1.2289,-1.7793,-2.4064,-1.0003,-1.0002,0,-1.0003,-1.017,-1.003,-1.6803,-1.0003,-1.0058,-1.0003,-1.052,-1.3056,-0.45865,0.55149,-0.281,-1.3701,-1.3177,-0.35726,-1.2115,-0.70757,-1.293,0.44713,-1.1359,0.55171,0.56445,-1.3728
-1.0273,0.75427,-2.5253,-1.2289,-1.584,-0.41246,-1.0003,-1.0002,0,-1.0003,-1.017,-1.003,-1.6803,-1.0003,-1.0058,-1.0003,-1.052,-1.3095,-1.0849,-1.4485,-1.441,-1.3701,-1.3777,-0.35726,-1.2115,-1.2676,-1.293,0.44713,-0.57586,-1.4483,-1.4356,-1.3728
-1.0273,-1.2457,-2.5253,0.77108,-0.7278,-0.41246,-1.0003,-1.0002,0,-1.0003,-1.017,-1.003,-1.6803,-1.0003,-1.0058,-1.0003,-1.052,-1.2156,-0.99094,-1.4485,-1.441,-1.3701,-1.3777,-0.35726,-1.2115,-1.2676,-1.193,-0.95287,-1.1359,-1.4483,-1.4356,-1.3728
-1.0273,-1.2457,-0.52535,-1.2289,-1.7902,-2.372,-1.0003,-1.0002,0,-1.0003,-1.017,-1.003,-1.6803,-1.0003,-1.0058,-1.0003,-1.052,-0.82029,-1.0653,-1.4485,-1.441,0.62995,0.6223,-2.2573,-1.0915,-1.2676,-1.153,-1.5529,-1.1359,-1.4483,-1.4356,0.62716
-1.0273,-1.2457,-2.5253,0.77108,-0.7278,-0.41246,-1.0003,-1.0002,0,-1.0003,-1.017,-1.003,-1.6803,-1.0003,-1.0058,-1.0003,-1.052,-1.059,-0.83438,-1.4485,-1.441,-1.3701,-1.3777,-0.35726,-1.2115,-1.2676,-1.273,-1.2929,-1.1359,-1.4483,-1.4356,-1.3728
-1.0273,0.75427,-2.5253,-1.2289,-1.584,-0.41246,-1.0003,-1.0002,0,-1.0003,-1.017,-1.003,-1.6803,-1.0003,-1.0058,-1.0003,-1.052,-1.3095,-1.0849,-1.4485,-1.441,-1.3701,-1.3777,-0.35726,-1.2115,-1.2676,-1.293,0.44713,-0.61586,-1.4483,-1.4356,-1.3728
-1.0273,-1.2457,-0.52535,-1.2289,-1.7245,-0.41246,-1.0003,-1.0002,0,-1.0003,-0.28968,-1.003,0.31969,-1.0003,-1.0058,-1.0003,0.94803,-1.3095,-1.0849,-1.4485,-1.441,-1.3701,-1.3777,-0.35726,-1.2115,-1.2676,-1.253,-1.5529,-1.1359,-1.2283,-1.4356,-1.3728
-1.0273,-1.2457,-2.5253,0.77108,-0.7278,-0.41246,-1.0003,-1.0002,0,-1.0003,-1.017,-1.003,-1.6803,-1.0003,-1.0058,-1.0003,-1.052,-0.95728,-0.73262,-1.4485,-1.441,-1.3701,-1.3777,-0.35726,-1.2115,-1.2676,-0.012981,-0.83287,-1.1359,-1.4483,-1.4356,-1.3728
-1.0273,-1.2457,-2.5253,0.77108,-0.7278,-0.41246,-1.0003,-1.0002,0,-1.0003,-1.017,-1.003,-1.6803,-1.0003,-1.0058,-1.0003,-1.052,-1.3056,-1.081,-1.4485,-1.441,-1.3701,-1.3777,-0.35726,-1.2115,-1.2676,-1.253,-1.2129,-1.1359,-1.4483,-1.4356,-1.3728
-1.0273,-1.2457,-2.5253,0.77108,-0.7278,-0.41246,-1.0003,-1.0002,0,-1.0003,-1.017,-1.003,-1.6803,-1.0003,-1.0058,-1.0003,-1.052,-1.196,-0.97137,-1.4485,-1.441,-1.3701,-1.3777,-0.35726,-1.2115,-1.2676,-1.213,-0.97287,-1.1359,-1.4483,-1.4356,-1.3728
-1.0273,-1.2457,-2.5253,0.77108,-0.7278,-0.41246,-1.0003,-1.0002,0,-1.0003,-1.017,-1.003,-1.6803,-1.0003,-1.0058,-1.0003,-1.052,-1.2939,-1.0692,-1.4485,-1.441,-1.3701,-1.3777,-0.35726,-1.2115,-1.2676,0.20702,-1.5129,-1.1359,-1.3883,-1.4356,-1.3728
-1.0273,-1.2457,-0.52535,-1.2289,-1.7728,-2.372,-1.0003,-1.0002,0,-1.0003,-1.017,-1.003,-1.6803,-1.0003,-1.0058,-1.0003,-1.052,-0.89466,-1.081,-1.4485,-1.441,0.62995,0.6223,-2.3173,-1.0715,-1.2676,-1.173,-1.5529,-1.1359,-1.4483,-1.4356,0.62716
-1.0273,-1.2457,-0.52535,-1.2289,-1.7879,-2.372,-1.0003,-1.0002,0,-1.0003,-1.017,-1.003,-1.6803,-1.0003,-1.0058,-1.0003,-1.052,-0.85943,-1.081,-1.4485,-1.441,0.62995,0.6223,-2.3173,-1.0715,-1.2676,-1.173,-1.5529,-1.1359,-1.4483,-1.4356,0.62716
-1.0273,-1.2457,-0.52535,-1.2289,-1.7728,-2.372,-1.0003,-1.0002,0,-1.0003,-1.017,-1.003,-1.6803,-1.0003,-1.0058,-1.0003,-1.052,-0.89074,-1.081,-1.4485,-1.441,0.62995,0.6223,-2.3173,-1.0715,-1.2676,-1.173,-1.5529,-1.1359,-1.4483,-1.4356,0.62716
-1.0273,-1.2457,-2.5253,0.77108,-0.7278,-0.41246,-1.0003,-1.0002,0,-1.0003,-1.017,-1.003,-1.6803,-1.0003,-1.0058,-1.0003,-1.052,-1.2156,-0.99094,-1.4485,-1.441,-1.3701,-1.3777,-0.35726,-1.2115,-1.2676,-1.193,-1.3329,-1.1359,-1.4083,-1.4356,-1.3728
-1.0273,-1.2457,-0.52535,-1.2289,-0.7278,-2.349,-1.0003,-1.0002,0,-1.0003,-1.017,-1.003,-1.6803,-1.0003,-1.0058,-1.0003,-1.052,-1.3095,-1.0849,-1.4485,-1.441,0.62995,0.6223,-0.35726,-1.2115,-1.2676,-1.093,-1.4729,-1.1359,-1.2083,-1.4356,0.62716
-1.0273,0.75427,-2.5253,-1.2289,-1.584,-0.41246,-1.0003,-1.0002,0,-1.0003,-1.017,-1.003,-1.6803,-1.0003,-1.0058,-1.0003,-1.052,-1.3095,-1.0849,-1.4485,-1.441,-1.3701,-1.3777,-0.35726,-1.2115,-1.2676,-1.293,0.44713,-1.1359,-1.4483,-1.4356,-1.3728
-1.0273,-1.2457,-2.5253,0.77108,-0.7278,-0.41246,-1.0003,-1.0002,0,-1.0003,-1.017,-1.003,-1.6803,-1.0003,-1.0058,-1.0003,-1.052,-1.2273,-1.0027,-1.4485,-1.441,-1.3701,-1.3777,-0.35726,-1.2115,-1.2676,0.087019,-1.3729,-1.1359,-1.3883,-1.4356,-1.3728
-1.0273,-1.2457,-0.52535,-1.2289,-0.7278,-2.4064,-1.0003,-1.0002,0,-1.0003,-1.017,-1.003,-1.6803,-1.0003,-1.0058,-1.0003,-1.052,0.68656,-1.0849,-1.4485,0.559,-1.3701,-1.3777,-2.3573,-1.2115,-1.2676,0.56702,0.32713,-1.1359,0.43171,0.56445,-1.3728
-1.0273,-1.2457,-2.5253,0.77108,-0.7278,-0.41246,-1.0003,-1.0002,0,-1.0003,-1.017,-1.003,-1.6803,-1.0003,-1.0058,-1.0003,-1.052,-1.2704,-1.0457,-1.4485,-1.441,-1.3701,-1.3777,-0.35726,-1.2115,-1.2676,-1.153,-1.2529,-1.1359,-1.4483,-1.4356,-1.3728
-1.0273,0.75427,-2.5253,-1.2289,-1.6589,-0.41246,-1.0003,-1.0002,0,-1.0003,-1.017,-1.003,-1.6803,-1.0003,-1.0058,-1.0003,-1.052,-1.3017,-1.077,-1.4485,-1.441,-1.3701,-1.3777,-0.35726,-1.2115,-1.2676,-1.273,-0.41287,-1.1359,-1.4483,-1.4356,-1.3728
-1.0273,-1.2457,-0.52535,-1.2289,-0.7278,-2.1137,-1.0003,-1.0002,0,-1.0003,-1.017,-1.003,-1.6803,-1.0003,-1.0058,-1.0003,-1.052,-1.3095,-1.0849,-1.4485,-1.441,0.62995,0.6223,-0.35726,-1.2115,-1.2676,-0.99298,-1.2929,-1.1359,-1.4483,-1.4356,0.62716
-1.0273,0.75427,-2.5253,-1.2289,-1.6589,-0.41246,-1.0003,-1.0002,0,-1.0003,-1.017,-1.003,-1.6803,-1.0003,-1.0058,-1.0003,-1.052,-1.0082,-0.7835,-1.4485,-1.441,-1.3701,-1.3777,-0.35726,-1.2115,-1.2676,-1.293,0.44713,-1.1359,-1.4483,-1.4356,-1.3728
-1.0273,-1.2457,-2.5253,0.77108,-0.7278,-0.41246,-1.0003,-1.0002,0,-1.0003,-1.017,-1.003,-1.6803,-1.0003,-1.0058,-1.0003,-1.052,-1.2978,-1.0731,-1.4485,-1.441,-1.3701,-1.3777,-0.35726,-1.2115,-1.2676,-1.153,-1.3129,-1.1359,-1.4483,-1.4356,-1.3728
-1.0273,-1.2457,-0.52535,-1.2289,-1.7728,-2.372,-1.0003,-1.0002,0,-1.0003,-1.017,-1.003,-1.6803,-1.0003,-1.0058,-1.0003,-1.052,-0.83595,-1.0223,-1.4485,-1.441,0.62995,0.6223,-2.0773,-1.0715,-1.2676,-1.153,-1.5529,-1.1359,-1.4483,-1.4356,0.62716
-1.0273,0.75427,-2.5253,-1.2289,-1.584,-0.41246,-1.0003,-1.0002,0,-1.0003,-1.017,-1.003,-1.6803,-1.0003,-1.0058,-1.0003,-1.052,-1.3095,-1.0849,-1.4485,-1.441,-1.3701,-1.3777,-0.35726,-1.2115,-1.2676,-1.293,0.44713,0.20414,-1.4483,-1.4356,-1.3728
-1.0273,-1.2457,-2.5253,0.77108,-1.5953,-0.41246,-1.0003,-1.0002,0,-1.0003,-1.017,-1.003,-1.6803,-1.0003,-1.0058,-1.0003,-1.052,-1.1099,-1.0849,-1.4485,-1.441,-1.3701,-1.3777,-2.3173,-0.97153,-1.2676,-1.113,-0.93287,-1.1359,-1.4483,-1.4356,-1.3728
-1.0273,0.75427,-2.5253,-1.2289,-1.6589,-0.41246,-1.0003,-1.0002,0,-1.0003,-1.017,-1.003,-1.6803,-1.0003,-1.0058,-1.0003,-1.052,-1.3095,-1.077,-1.4485,-1.441,-1.3701,-1.3777,-0.35726,-1.2115,0.072434,-1.293,0.44713,-0.91586,-1.4483,-1.4356,-1.3728
-1.0273,-1.2457,-0.52535,-1.2289,-1.7802,-2.1137,-1.0003,-1.0002,0,-1.0003,-1.017,-1.003,-1.6803,-1.0003,-1.0058,-1.0003,-1.052,-1.0395,-1.0692,-1.4485,-1.441,0.62995,0.6223,-2.2173,-1.0315,-1.2676,-1.153,-1.5529,-1.1359,-1.4483,-1.4356,0.62716
-1.0273,-1.2457,-2.5253,0.77108,-0.7278,-0.41246,-1.0003,-1.0002,0,-1.0003,-1.017,-1.003,-1.6803,-1.0003,-1.0058,-1.0003,-1.052,-0.76158,-0.57607,-1.4485,-1.441,-1.3701,-1.3777,-0.49726,-1.1915,-1.2676,-1.233,0.44713,-1.1359,-1.4483,-1.4356,-1.3728
-1.0273,-1.2457,-2.5253,0.77108,-0.7278,-0.41246,-1.0003,-1.0002,0,-1.0003,-1.017,-1.003,-1.6803,-1.0003,-1.0058,-1.0003,-1.052,-1.196,-1.0731,-1.4485,-1.441,-1.3701,-1.3777,-2.0973,-1.0115,-1.2676,0.18702,-0.99287,-1.1359,-1.1283,-1.4356,-1.3728
-1.0273,-1.2457,-2.5253,0.77108,-0.7278,-0.41246,-1.0003,-1.0002,0,-1.0003,-1.017,-1.003,-1.6803,-1.0003,-1.0058,-1.0003,-1.052,-1.3017,-1.077,-1.4485,-1.441,-1.3701,-1.3777,-0.35726,-1.2115,-1.2676,-1.253,-1.2529,-1.1359,-1.4483,-1.4356,-1.3728
-1.0273,0.75427,-2.5253,-1.2289,-1.6589,-0.41246,-1.0003,-1.0002,0,-1.0003,-1.017,-1.003,-1.6803,-1.0003,-1.0058,-1.0003,-1.052,-1.0551,-0.83047,-1.4485,-1.441,-1.3701,-1.3777,-0.35726,-1.2115,-1.2676,-1.293,0.44713,-1.1359,-1.4483,-1.4356,-1.3728
-1.0273,0.75427,-2.5253,-1.2289,-1.6589,-0.41246,-1.0003,-1.0002,0,-1.0003,-1.017,-1.003,-1.6803,-1.0003,-1.0058,-1.0003,-1.052,-1.2156,-0.99094,-1.4485,-1.441,-1.3701,-1.3777,-0.35726,-1.2115,-1.2676,-1.293,0.44713,-1.1359,-1.4483,-1.4356,-1.3728
-1.0273,-1.2457,-0.52535,-1.2289,-1.7851,-2.1137,-1.0003,-1.0002,0,-1.0003,-1.017,-1.003,-1.6803,-1.0003,-1.0058,-1.0003,-1.052,-1.0356,-1.0692,-1.4485,-1.441,0.62995,0.6223,-2.2173,-1.0515,-1.2676,-1.173,-1.5529,-1.1359,-1.4483,-1.4356,0.62716
-1.0273,-1.2457,-2.5253,0.77108,-0.7278,-0.41246,-1.0003,-1.0002,0,-1.0003,-1.017,-1.003,-1.6803,-1.0003,-1.0058,-1.0003,-1.052,-1.1569,-0.93614,-1.4485,-1.441,-1.3101,-1.3777,-0.39726,-1.1115,-1.2676,-1.253,-1.2529,-1.1359,-1.4483,-1.4356,-1.3728
-1.0273,-1.2457,-2.5253,0.77108,-0.7278,-0.41246,-1.0003,-1.0002,0,-1.0003,-1.017,-1.003,-1.6803,-1.0003,-1.0058,-1.0003,-1.052,-0.86335,-1.0301,0.29149,-1.441,-1.3701,-1.3777,-2.0973,-1.0915,-1.2676,0.60702,-1.4329,-1.1359,-1.2683,-1.4356,-1.3728
-1.0273,-1.2457,-2.5253,0.77108,-0.7278,-0.41246,-1.0003,-1.0002,0,-1.0003,-1.017,-1.003,-1.6803,-1.0003,-1.0058,-1.0003,-1.052,-1.2039,-0.98311,-1.4485,-1.441,-1.2901,-1.3777,-0.43726,-1.0715,-1.2676,-1.253,-1.3329,-1.1359,-1.4483,-1.4356,-1.3728
-1.0273,-1.2457,-2.5253,0.77108,-0.7278,-0.41246,-1.0003,-1.0002,0,-1.0003,-1.017,-1.003,-1.6803,-1.0003,-1.0058,-1.0003,-1.052,-0.67939,-0.84613,-0.20851,-1.441,-1.3701,-1.3777,-1.5973,-1.1315,-1.2676,0.22702,-1.0729,-1.1359,-1.2683,-1.4356,-1.3728
-1.0273,0.75427,-2.5253,-1.2289,-1.6589,-0.41246,-1.0003,-1.0002,0,-1.0003,-1.017,-1.003,-1.6803,-1.0003,-1.0058,-1.0003,-1.052,-1.0864,-0.86178,-1.4485,-1.441,-1.3701,-1.3777,-0.35726,-1.2115,-1.2676,-1.293,0.44713,-1.1359,-1.4483,-1.4356,-1.3728
-1.0273,0.75427,-2.5253,-1.2289,-1.584,-0.41246,-1.0003,-1.0002,0,-1.0003,-1.017,-1.003,-1.6803,-1.0003,-1.0058,-1.0003,-1.052,-1.3056,-1.081,-1.4485,-1.441,-1.3701,-1.3777,-0.35726,-1.2115,-1.2676,-1.253,-1.5129,-1.1359,-1.4483,-1.4356,-1.3728
-1.0273,-1.2457,-0.52535,-1.2289,-0.7278,-1.4831,-1.0003,-1.0002,0,-1.0003,-1.017,-1.003,-1.6803,-1.0003,-1.0058,-1.0003,-1.052,-1.3056,-1.0849,0.55149,0.559,-1.3701,-1.3777,-1.3573,0.78847,-1.2676,-1.113,-1.5529,-1.1359,0.55171,0.56445,-1.3728
-1.0273,0.75427,-2.5253,-1.2289,-1.6589,-0.41246,-1.0003,-1.0002,0,-1.0003,-1.017,-1.003,-1.6803,-1.0003,-1.0058,-1.0003,-1.052,-1.3056,-1.081,-1.4485,-1.441,-1.3701,-1.3777,-0.35726,-1.2115,-1.2676,-1.173,-1.5329,-1.1359,-1.4283,-1.4356,-1.3728
-1.0273,-1.2457,-2.5253,0.77108,-0.7278,-0.41246,-1.0003,-1.0002,0,-1.0003,-1.017,-1.003,-1.6803,-1.0003,-1.0058,-1.0003,-1.052,-1.1999,-1.077,-1.4485,-1.441,-1.3701,-1.3777,-2.1573,-1.0115,-1.2676,0.32702,-1.1329,-1.1359,-1.1283,-1.4356,-1.3728
-1.0273,-1.2457,-2.5253,0.77108,-0.7278,-0.41246,-1.0003,-1.0002,0,-1.0003,-1.017,-1.003,-1.6803,-1.0003,-1.0058,-1.0003,-1.052,-0.7929,-0.95963,0.051485,-1.441,-1.3701,-1.3777,-1.8573,-1.1115,-1.2676,0.44702,-1.2929,-1.1359,-1.2683,-1.4356,-1.3728
-1.0273,0.75427,-2.5253,-1.2289,-1.584,-0.41246,-1.0003,-1.0002,0,-1.0003,-1.017,-1.003,-1.6803,-1.0003,-1.0058,-1.0003,-1.052,-0.92205,-1.0849,0.53149,-1.441,-1.3701,-1.3777,-2.3373,-1.0515,-1.2676,-0.99298,-1.0929,-0.63586,-1.4483,-1.4356,-1.3728
-1.0273,-1.2457,-2.5253,0.77108,-0.7278,-0.41246,-1.0003,-1.0002,0,-1.0003,-1.017,-1.003,-1.6803,-1.0003,-1.0058,-1.0003,-1.052,-1.3017,-1.077,-1.4485,-1.441,-1.3701,-1.3777,-0.35726,-1.2115,-1.2676,-1.273,-1.1929,-1.1359,-1.4483,-1.4356,-1.3728
-1.0273,0.75427,-2.5253,-1.2289,-1.584,-0.41246,-1.0003,-1.0002,0,-1.0003,-1.017,-1.003,-1.6803,-1.0003,-1.0058,-1.0003,-1.052,-1.3095,-1.0849,-1.4485,-1.441,-1.3701,-1.3777,-0.35726,-1.2115,-1.2676,-0.67298,-1.5329,-1.1359,-1.4483,-1.4356,-1.3728
-1.0273,-1.2457,-0.52535,-1.2289,-1.7848,-2.372,-1.0003,-1.0002,0,-1.0003,-1.017,-1.003,-1.6803,-1.0003,-1.0058,-1.0003,-1.052,-0.84378,-1.0692,-1.4485,-1.441,0.62995,0.6223,-2.2773,-1.0715,-1.2676,-1.133,-1.5529,-1.1359,-1.4483,-1.4356,0.62716
-1.0273,-1.2457,-0.52535,-1.2289,0.18882,-0.41246,-1.0003,-1.0002,0,-1.0003,-0.93903,-1.003,0.31969,-1.0003,-1.0058,-1.0003,-1.052,-1.3056,-1.0849,-1.4485,-1.441,-1.3701,-1.3777,-1.3573,0.78847,-1.2676,-1.253,-1.5529,-1.1359,-1.4483,-1.4356,-1.3728
-1.0273,-1.2457,-2.5253,0.77108,-0.7278,-0.41246,-1.0003,-1.0002,0,-1.0003,-1.017,-1.003,-1.6803,-1.0003,-1.0058,-1.0003,-1.052,-1.2547,-1.081,-1.4485,-1.441,-1.3701,-1.3777,-2.0973,-0.95153,-1.2676,-1.153,-1.2329,-1.1359,-1.4483,-1.4356,-1.3728
-1.0273,-1.2457,-2.5253,0.77108,-0.7278,-0.41246,-1.0003,-1.0002,0,-1.0003,-1.017,-1.003,-1.6803,-1.0003,-1.0058,-1.0003,-1.052,-1.0982,-0.87352,-1.4485,-1.441,-1.3701,-1.3777,-0.35726,-1.2115,-1.2676,-1.273,-1.3729,-1.1359,-1.4483,-1.4356,-1.3728
-1.0273,-1.2457,-2.5253,0.77108,-0.7278,-0.41246,-1.0003,-1.0002,0,-1.0003,-1.017,-1.003,-1.6803,-1.0003,-1.0058,-1.0003,-1.052,-1.0356,-0.8109,-1.4485,-1.441,-1.3701,-1.3777,-0.35726,-1.2115,-1.2676,-1.213,-0.99287,-1.1359,-1.4083,-1.4356,-1.3728
-1.0273,-1.2457,-0.52535,-1.2289,0.18882,-2.349,-1.0003,-1.0002,0,-1.0003,-0.96501,-1.003,0.31969,-0.99659,-1.0058,-1.0003,-1.052,-1.2978,-1.0731,-1.4485,-1.441,-0.87005,-0.8777,-0.35726,-1.2115,-1.2676,-1.293,-1.5529,-1.1359,-1.4483,-1.4356,-1.3128
-1.0273,-1.2457,-2.5253,0.77108,-0.7278,-0.41246,-1.0003,-1.0002,0,-1.0003,-1.017,-1.003,-1.6803,-1.0003,-1.0058,-1.0003,-1.052,-1.1999,-1.077,-1.4485,-1.441,-1.3701,-1.3777,-2.1573,-1.0115,-1.2676,0.32702,-1.1329,-1.1359,-1.1283,-1.4356,-1.3728
-1.0273,-1.2457,-2.5253,0.77108,-0.7278,-0.41246,-1.0003,-1.0002,0,-1.0003,-1.017,-1.003,-1.6803,-1.0003,-1.0058,-1.0003,-1.052,-1.2547,-1.0301,-1.4485,-1.441,-1.3701,-1.3777,-0.35726,-1.2115,-1.2676,0.12702,-1.4129,-1.1359,-1.3883,-1.4356,-1.3728
-1.0271,-1.2457,-0.52535,-1.2289,-0.7278,-2.349,-1.0003,-1.0002,0,-1.0003,-1.017,-1.003,-1.6803,-1.0003,-1.0058,-1.0003,-1.052,-1.3056,-1.081,-1.4485,-1.441,0.62995,0.6223,-0.35726,-1.2115,-1.2676,-1.253,-1.5329,-1.1359,-1.4483,-1.4356,0.62716
-1.0273,0.75427,-2.5253,-1.2289,-1.6589,-0.41246,-1.0003,-1.0002,0,-1.0003,-1.017,-1.003,-1.6803,-1.0003,-1.0058,-1.0003,-1.052,-1.0551,-0.83047,-1.4485,-1.441,-1.3701,-1.3777,-0.35726,-1.2115,-1.2676,-1.293,0.44713,-1.1359,-1.4483,-1.4356,-1.3728
-1.0273,-1.2457,-2.5253,0.77108,-1.5953,-0.41246,-1.0003,-1.0002,0,-1.0003,-1.017,-1.003,-1.6803,-1.0003,-1.0058,-1.0003,-1.052,-1.2391,-1.081,-1.4485,-1.441,-1.3701,-1.3777,-2.1373,-0.89153,-1.2676,-1.133,-1.1929,-1.1359,-1.4483,-1.4356,-1.3728
-1.0273,-1.2457,-2.5253,0.77108,-0.7278,-0.41246,-1.0003,-1.0002,0,-1.0003,-1.017,-1.003,-1.6803,-1.0003,-1.0058,-1.0003,-1.052,-1.0199,-0.79524,-1.4485,-1.441,-1.3701,-1.3777,-0.35726,-1.2115,-1.2676,-0.012981,-0.97287,-1.1359,-1.4283,-1.4356,-1.3728
-1.0273,-1.2457,-2.5253,0.77108,-0.7278,-0.41246,-1.0003,-1.0002,0,-1.0003,-1.017,-1.003,-1.6803,-1.0003,-1.0058,-1.0003,-1.052,-1.2547,-1.0301,-1.4485,-1.441,-1.3701,-1.3777,-0.35726,-1.2115,-1.2676,-1.173,-1.1129,-1.1359,-1.4483,-1.4356,-1.3728
-1.0273,-1.2457,-2.5253,0.77108,-0.7278,-0.41246,-1.0003,-1.0002,0,-1.0003,-1.017,-1.003,-1.6803,-1.0003,-1.0058,-1.0003,-1.052,-0.74984,-0.56432,-1.4485,-1.441,-1.3701,-1.3777,-0.49726,-1.1915,-1.2676,-1.233,0.44713,-1.1359,-1.4483,-1.4356,-1.3728
-1.0273,0.75427,-2.5253,-1.2289,-1.584,-0.41246,-1.0003,-1.0002,0,-1.0003,-1.017,-1.003,-1.6803,-1.0003,-1.0058,-1.0003,-1.052,-1.3095,-1.0849,-1.4485,-1.441,-1.3701,-1.3777,-0.35726,-1.2115,-1.2676,-1.293,0.44713,-0.095863,-1.4483,-1.4356,-1.3728
-1.0273,-1.2457,-0.52535,-1.2289,0.18882,-0.41246,-1.0002,-1.0002,0,-1.0003,-1.017,-1.003,0.31969,-1.0003,-1.0058,-1.0003,-1.052,-1.2939,-1.0692,-1.4485,-1.441,-1.3701,-1.3777,-0.35726,-1.2115,-1.2676,-1.293,-1.5529,-1.1359,-1.4283,-1.4156,-1.2928
-1.0262,-1.2457,-0.52535,-1.2289,-0.7278,-2.349,-1.0003,-1.0002,0,-1.0003,-1.017,-1.003,-1.6803,-1.0003,-1.0058,-1.0003,-1.052,-1.3095,-1.0849,-1.4485,-1.441,0.62995,0.6223,-0.35726,-1.2115,-1.2676,-1.133,-1.4129,-1.1359,-1.4483,-1.4356,0.62716
-1.0273,0.75427,-2.5253,-1.2289,-1.6589,-0.41246,-1.0003,-1.0002,0,-1.0003,-1.017,-1.003,-1.6803,-1.0003,-1.0058,-1.0003,-1.052,-1.3095,-1.0849,-1.4485,-1.441,-1.3701,-1.3777,-0.35726,-1.2115,-1.2676,-1.253,-1.5129,-1.1359,-1.4483,-1.4356,-1.3728
-1.0273,-1.2457,-2.5253,0.77108,-0.7278,-0.41246,-1.0003,-1.0002,0,-1.0003,-1.017,-1.003,-1.6803,-1.0003,-1.0058,-1.0003,-1.052,-0.91814,-0.70131,-1.4285,-1.441,-1.3501,-1.3777,-0.39726,-1.1515,-1.2676,-1.253,-0.77287,-1.1359,-1.4483,-1.4356,-1.3728
-1.0273,-1.2457,-2.5253,0.77108,-0.7278,-0.41246,-1.0003,-1.0002,0,-1.0003,-1.017,-1.003,-1.6803,-1.0003,-1.0058,-1.0003,-1.052,-0.74201,-0.5565,-1.4485,-1.441,-1.3701,-1.3777,-0.49726,-1.1915,-1.2676,-1.233,0.44713,-1.1359,-1.4483,-1.4356,-1.3728
-1.0273,-1.2457,-0.52535,-1.2289,-1.7925,-1.4831,-1.0003,-1.0002,0,-1.0003,-1.017,-1.003,-1.6803,-1.0003,-1.0058,-1.0003,-1.052,-1.3056,-1.0849,0.55149,0.559,-1.3701,-1.3777,-1.3573,0.78847,-1.2676,-1.133,-1.5529,-1.1359,0.55171,0.56445,-1.3728
-1.0273,-1.2457,-2.5253,0.77108,-0.7278,-0.41246,-1.0003,-1.0002,0,-1.0003,-1.017,-1.003,-1.6803,-1.0003,-1.0058,-1.0003,-1.052,-0.7381,-0.55258,-1.4485,-1.441,-1.3701,-1.3777,-0.49726,-1.1915,-1.2676,-1.233,0.44713,-1.1359,-1.4483,-1.4356,-1.3728
-1.0273,-1.2457,-0.52535,-1.2289,-1.7802,-2.1137,-1.0003,-1.0002,0,-1.0003,-1.017,-1.003,-1.6803,-1.0003,-1.0058,-1.0003,-1.052,-0.98076,-1.0183,-1.4485,-1.441,0.62995,0.6223,-1.9373,-1.0715,-1.2676,-1.153,-1.5529,-1.1359,-1.4483,-1.4356,0.62716
-1.0273,-1.2457,-0.52535,-1.2289,-1.7993,-2.1137,-1.0003,-1.0002,0,-1.0003,-1.017,-1.003,-1.6803,-1.0003,-1.0058,-1.0003,-1.052,-1.059,-1.0418,-1.4485,-1.441,0.62995,0.6223,-1.9973,-1.0515,-1.2676,-1.133,-1.5529,-1.1359,-1.4483,-1.4356,0.62716
-1.0273,0.75427,-2.5253,-1.2289,-1.584,-0.41246,-1.0003,-1.0002,0,-1.0003,-1.017,-1.003,-1.6803,-1.0003,-1.0058,-1.0003,-1.052,-1.3095,-1.0849,-1.4485,-1.441,-1.3701,-1.3777,-0.35726,-1.2115,-1.2676,-1.293,0.44713,-0.11586,-1.4483,-1.4356,-1.3728
-1.0123,-1.2457,-0.52535,-1.2289,-1.6948,-2.372,-1.0003,-1.0002,0,-1.0003,-1.017,-1.003,0.31969,-1.0003,-1.0058,-1.0003,-1.052,-0.72245,-1.0849,0.53149,-1.441,-1.3501,0.6223,-2.3373,-1.0915,-1.2676,-1.293,-1.2129,-1.1359,-1.4483,-1.4356,-1.0328
-1.0273,-1.2457,-2.5253,0.77108,-0.7278,-0.41246,-1.0003,-1.0002,0,-1.0003,-1.017,-1.003,-1.6803,-1.0003,-1.0058,-1.0003,-1.052,-0.73419,-0.65434,-1.4485,-1.441,-1.3701,-1.3777,-0.85726,-1.1315,-1.2676,-1.193,0.44713,-1.1359,-1.4483,-1.4356,-1.3728
-1.0273,0.75427,-2.5253,-1.2289,-1.6589,-0.41246,-1.0003,-1.0002,0,-1.0003,-1.017,-1.003,-1.6803,-1.0003,-1.0058,-1.0003,-1.052,-1.3095,-1.077,-1.4485,-1.441,-1.3701,-1.3777,-0.35726,-1.2115,0.072434,-1.293,0.44713,0.0041369,-1.4483,-1.4356,-1.3728
-1.0273,-1.2457,-2.5253,0.77108,-0.7278,-0.41246,-1.0003,-1.0002,0,-1.0003,-1.017,-1.003,-1.6803,-1.0003,-1.0058,-1.0003,-1.052,-1.3056,-1.081,-1.4485,-1.441,-1.3701,-1.3777,-0.35726,-1.2115,-1.2676,-1.153,-1.3329,-1.1359,-1.4483,-1.4356,-1.3728
-1.0273,0.75427,-2.5253,-1.2289,-1.6589,-0.41246,-1.0003,-1.0002,0,-1.0003,-1.017,-1.003,-1.6803,-1.0003,-1.0058,-1.0003,-1.052,-1.3095,-1.077,-1.4485,-1.441,-1.3701,-1.3777,-0.35726,-1.2115,0.072434,-1.293,0.44713,-0.85586,-1.4483,-1.4356,-1.3728
-1.0273,-1.2457,-0.52535,-1.2289,-1.7728,-2.372,-1.0003,-1.0002,0,-1.0003,-1.017,-1.003,-1.6803,-1.0003,-1.0058,-1.0003,-1.052,-0.84769,-1.034,-1.4485,-1.441,0.62995,0.6223,-2.1173,-1.0515,-1.2676,-1.153,-1.5529,-1.1359,-1.4483,-1.4356,0.62716
-1.0273,-1.2457,-2.5253,0.77108,-0.7278,-0.41246,-1.0003,-1.0002,0,-1.0003,-1.017,-1.003,-1.6803,-1.0003,-1.0058,-1.0003,-1.052,-1.2547,-1.0301,-1.4485,-1.441,-1.3701,-1.3777,-0.35726,-1.2115,-1.2676,-1.273,-1.4329,-1.1359,-1.4483,-1.4356,-1.3728
-1.0273,-1.2457,-2.5253,0.77108,-1.5953,-0.41246,-1.0003,-1.0002,0,-1.0003,-1.017,-1.003,-1.6803,-1.0003,-1.0058,-1.0003,-1.052,-1.3095,-1.0849,-1.4485,-1.441,-1.3701,-1.3777,-0.35726,-1.2115,-1.2676,-1.253,-1.5329,-1.1359,-1.4483,-1.4356,-1.3728
-1.0273,-1.2457,-2.5253,0.77108,-0.7278,-0.41246,-1.0003,-1.0002,0,-1.0003,-1.017,-1.003,-1.6803,-1.0003,-1.0058,-1.0003,-1.052,-1.286,-1.0614,-1.4485,-1.441,-1.3701,-1.3777,-0.35726,-1.2115,-1.2676,-1.153,-1.2929,-1.1359,-1.4483,-1.4356,-1.3728
-1.0273,-1.2457,-2.5253,0.77108,-1.5953,-0.41246,-1.0003,-1.0002,0,-1.0003,-1.017,-1.003,-1.6803,-1.0003,-1.0058,-1.0003,-1.052,-1.0943,-1.0849,-1.4485,-1.441,-1.3701,-1.3777,-2.3173,-0.93153,-1.2676,-1.093,-0.91287,-1.1359,-1.4483,-1.4356,-1.3728
-1.0273,0.75427,-2.5253,-1.2289,-1.584,-0.41246,-1.0003,-1.0002,0,-1.0003,-1.017,-1.003,-1.6803,-1.0003,-1.0058,-1.0003,-1.052,-1.3095,-0.88526,-1.4485,-1.441,-1.3701,-1.3777,-0.35726,-1.2115,0.73243,-1.293,0.44713,-0.11586,-1.4483,-1.4356,-1.3728
-1.0273,-1.2457,-0.52535,-1.2289,-0.7278,-2.349,-1.0003,-1.0002,0,-1.0003,-1.017,-1.003,-1.6803,-1.0003,-1.0058,-1.0003,-1.052,-1.3095,-1.0849,-1.4485,-1.441,0.62995,0.6223,-0.35726,-1.2115,-1.2676,-1.073,-1.3929,-1.1359,-1.4483,-1.4356,0.62716
-1.0263,-1.2457,-0.52535,-1.2289,-1.7245,-0.41246,-1.0003,-1.0002,0,-1.0003,-0.99098,-1.003,0.31969,-1.0003,-1.0058,-1.0003,-1.052,-1.3095,-1.0849,-1.4485,-1.441,-1.3701,-1.3777,-0.35726,-1.2115,-1.2676,-1.253,-1.5529,-1.1359,-1.4483,-1.4356,-1.3728
-1.0273,-1.2457,-2.5253,0.77108,-0.7278,-0.41246,-1.0003,-1.0002,0,-1.0003,-1.017,-1.003,-1.6803,-1.0003,-1.0058,-1.0003,-1.052,-0.75376,-0.56824,-1.4485,-1.441,-1.3701,-1.3777,-0.49726,-1.1915,-1.2676,-1.233,0.44713,-1.1359,-1.4483,-1.4356,-1.3728
-1.0273,-1.2457,-2.5253,0.77108,-0.7278,-0.41246,-1.0003,-1.0002,0,-1.0003,-1.017,-1.003,-1.6803,-1.0003,-1.0058,-1.0003,-1.052,-1.2234,-0.99877,-1.4485,-1.441,-1.3701,-1.3777,-0.35726,-1.2115,-1.2676,-1.253,-1.3729,-1.1359,-1.4483,-1.4356,-1.3728
-1.0273,0.75427,-2.5253,-1.2289,-1.6589,-0.41246,-1.0003,-1.0002,0,-1.0003,-1.017,-1.003,-1.6803,-1.0003,-1.0058,-1.0003,-1.052,-1.3056,-1.0731,-1.4485,-1.441,-1.3701,-1.3777,-0.35726,-1.2115,-0.26757,-0.49298,0.047131,-1.0759,-1.0483,-1.4356,-1.3728
-1.0273,-1.2457,-2.5253,0.77108,-0.7278,-0.41246,-1.0003,-1.0002,0,-1.0003,-1.017,-1.003,-1.6803,-1.0003,-1.0058,-1.0003,-1.052,-1.2743,-1.0496,-1.4485,-1.441,-1.3701,-1.3777,-0.35726,-1.2115,-1.2676,-1.193,-1.3129,-1.1359,-1.4483,-1.4356,-1.3728
-1.0273,-1.2457,-0.52535,-1.2289,-1.7874,-2.1137,-1.0003,-1.0002,0,-1.0003,-1.017,-1.003,-1.6803,-1.0003,-1.0058,-1.0003,-1.052,-1.0356,-1.077,-1.4485,-1.441,0.62995,0.6223,-2.2773,-1.0715,-1.2676,-1.153,-1.5529,-1.1359,-1.4483,-1.4356,0.62716
-1.0273,-1.2457,-0.52535,-1.2289,-1.4713,-0.41246,-1.0003,-1.0002,0,-1.0003,-1.017,-1.003,0.31969,-1.0003,-1.0058,-1.0003,-1.052,-1.3056,-1.081,-1.4485,-1.441,-1.3701,-1.3777,-0.35726,-1.2115,-1.2676,-1.133,-1.3929,-1.1359,-1.4483,-1.4356,-1.3728
-1.0273,-1.2457,-2.5253,0.77108,-0.7278,-0.41246,-1.0003,-1.0002,0,-1.0003,-1.017,-1.003,-1.6803,-1.0003,-1.0058,-1.0003,-1.052,-0.69896,-0.55258,-1.4485,-1.441,-1.3701,-1.3777,-0.61726,-1.1515,-1.2676,-1.213,0.44713,-1.1359,-1.4483,-1.4356,-1.3728
-1.0273,0.75427,-2.5253,-1.2289,-1.584,-0.41246,-1.0003,-1.0002,0,-1.0003,-1.017,-1.003,-1.6803,-1.0003,-1.0058,-1.0003,-1.052,-1.3095,-1.0849,-1.4485,-1.441,-1.3701,-1.3777,-0.35726,-1.2115,-1.2676,-1.293,0.44713,-1.1359,-1.4483,-1.4356,-1.3728
-1.0273,-1.2457,-2.5253,0.77108,-0.7278,-0.41246,-1.0003,-1.0002,0,-1.0003,-1.017,-1.003,-1.6803,-1.0003,-1.0058,-1.0003,-1.052,-1.106,-0.88135,-1.4485,-1.441,-1.3701,-1.3777,-0.35726,-1.2115,-1.2676,-1.233,-0.71287,-1.1359,-1.4483,-1.4356,-1.3728
-1.0273,-1.2457,-2.5253,0.77108,-0.7278,-0.41246,-1.0003,-1.0002,0,-1.0003,-1.017,-1.003,-1.6803,-1.0003,-1.0058,-1.0003,-1.052,-1.1217,-1.077,-1.4485,-1.441,-1.3701,-1.3777,-2.2373,-1.0115,-1.2676,-1.253,-1.5329,-1.1359,-1.4483,-1.4356,-1.3728
-1.0273,-1.2457,-0.52535,-1.2289,-0.7278,-2.349,-1.0003,-1.0002,0,-1.0003,-1.017,-1.003,-1.6803,-1.0003,-1.0058,-1.0003,-1.052,-1.3095,-1.0849,-1.4485,-1.441,0.62995,0.6223,-0.35726,-1.2115,-1.2676,-1.133,-1.4329,-1.1359,-1.4483,-1.4356,0.62716
-1.0273,-1.2457,-2.5253,0.77108,-0.7278,-0.41246,-1.0003,-1.0002,0,-1.0003,-1.017,-1.003,-1.6803,-1.0003,-1.0058,-1.0003,-1.052,-0.67939,-0.53301,-1.4485,-1.441,-1.3701,-1.3777,-0.59726,-1.1715,-1.2676,-1.213,0.44713,-1.1359,-1.4483,-1.4356,-1.3728
-1.0273,-1.2457,-0.52535,-1.2289,-0.7278,-2.1137,-1.0003,-1.0002,0,-1.0003,-1.017,-1.003,-1.6803,-1.0003,-1.0058,-1.0003,-1.052,-1.3095,-1.0849,-1.4485,-1.441,0.62995,0.6223,-0.35726,-1.2115,-1.2676,-1.033,-1.5329,-1.1359,-1.4483,-1.4356,0.62716
-1.0273,-1.2457,-2.5253,0.77108,-0.7278,-0.41246,-1.0003,-1.0002,0,-1.0003,-1.017,-1.003,-1.6803,-1.0003,-1.0058,-1.0003,-1.052,-1.1217,-0.89701,-1.4485,-1.441,-1.3701,-1.3777,-0.35726,-1.2115,-1.2676,-1.253,-1.1729,-1.1359,-1.4483,-1.4356,-1.3728
-1.0273,-1.2457,-2.5253,0.77108,-0.7278,-0.41246,-1.0003,-1.0002,0,-1.0003,-1.017,-1.003,-1.6803,-1.0003,-1.0058,-1.0003,-1.052,-1.2391,-1.0144,-1.4485,-1.441,-1.3701,-1.3777,-0.35726,-1.2115,-1.2676,-1.173,-1.0529,-1.1359,-1.4483,-1.4356,-1.3728
-1.0273,-1.2457,-2.5253,0.77108,-0.7278,-0.41246,-1.0003,-1.0002,0,-1.0003,-1.017,-1.003,-1.6803,-1.0003,-1.0058,-1.0003,-1.052,-1.0669,-0.84221,-1.4485,-1.441,-1.3701,-1.3777,-0.35726,-1.2115,-1.2676,-1.273,-1.0529,-1.1359,-1.4483,-1.4356,-1.3728
-1.0273,-1.2457,-2.5253,0.77108,-0.7278,-0.41246,-1.0003,-1.0002,0,-1.0003,-1.017,-1.003,-1.6803,-1.0003,-1.0058,-1.0003,-1.052,-1.1256,-0.90092,-1.4485,-1.441,-1.3701,-1.3777,-0.35726,-1.2115,-1.2676,-1.273,-1.1729,-1.1359,-1.4483,-1.4356,-1.3728
-1.0273,-1.2457,-2.5253,0.77108,-0.7278,-0.41246,-1.0003,-1.0002,0,-1.0003,-1.017,-1.003,-1.6803,-1.0003,-1.0058,-1.0003,-1.052,-0.94554,-0.72088,-1.4485,-1.441,-1.3701,-1.3777,-0.35726,-1.2115,-1.2676,-1.213,-0.81287,-1.1359,-1.4083,-1.4356,-1.3728
-1.0273,-1.2457,-2.5253,0.77108,-0.7278,-0.41246,-1.0003,-1.0002,0,-1.0003,-1.017,-1.003,-1.6803,-1.0003,-1.0058,-1.0003,-1.052,-0.67548,-0.5291,-1.4485,-1.441,-1.3701,-1.3777,-0.59726,-1.1715,-1.2676,-1.213,0.44713,-1.1359,-1.4483,-1.4356,-1.3728
-1.0273,-1.2457,-0.52535,-1.2289,-1.5953,-1.4831,-1.0003,-1.0002,0,-1.0003,-1.017,-1.003,-1.6803,-1.0003,-1.0058,-1.0003,-1.052,0.68656,-1.0849,-0.58851,0.559,-0.23005,-1.3777,-2.3573,0.78847,-1.2676,0.70702,-1.5529,-1.1359,-0.36829,0.56445,-1.3728
-1.0273,-1.2457,-0.52535,-1.2289,-0.7278,-2.1137,-1.0003,-1.0002,0,-1.0003,-1.017,-1.003,-1.6803,-1.0003,-1.0058,-1.0003,-1.052,-1.2626,-1.0849,-1.4485,-1.441,0.62995,0.6223,-2.1973,-0.13153,-1.2676,-1.193,-1.4129,-1.1359,-1.4283,-1.4356,0.62716
-1.0273,-1.2457,-2.5253,0.77108,-0.7278,-0.41246,-1.0003,-1.0002,0,-1.0003,-1.017,-1.003,-1.6803,-1.0003,-1.0058,-1.0003,-1.052,-1.2665,-1.0418,-1.4485,-1.441,-1.3701,-1.3777,-0.35726,-1.2115,-1.2676,-1.153,-1.2529,-1.1359,-1.4483,-1.4356,-1.3728
-1.0273,-1.2457,-2.5253,0.77108,-0.7278,-0.41246,-1.0003,-1.0002,0,-1.0003,-1.017,-1.003,-1.6803,-1.0003,-1.0058,-1.0003,-1.052,-1.3095,-1.0849,-1.4485,-1.441,-1.3701,-1.3777,-0.35726,-1.2115,-1.2676,-1.253,-1.2929,-1.1359,-1.4483,-1.4356,-1.3728
-1.0273,0.75427,-2.5253,-1.2289,-1.584,-0.41246,-1.0003,-1.0002,0,-1.0003,-1.017,-1.003,-1.6803,-1.0003,-1.0058,-1.0003,-1.052,-1.3095,-1.0849,-1.4485,-1.441,-1.3701,-1.3777,-0.35726,-1.2115,-1.2676,-1.133,-1.3729,-1.1359,-0.38829,-1.4356,-1.3728
-1.0273,-1.2457,-2.5253,0.77108,-0.7278,-0.41246,-1.0003,-1.0002,0,-1.0003,-1.017,-1.003,-1.6803,-1.0003,-1.0058,-1.0003,-1.052,-1.0864,-0.86178,-1.4485,-1.441,-1.3701,-1.3777,-0.35726,-1.2115,-1.2676,-1.273,-1.0929,-1.1359,-1.4483,-1.4356,-1.3728
-1.0273,0.75427,-2.5253,-1.2289,-1.6589,-0.41246,-1.0003,-1.0002,0,-1.0003,-1.017,-1.003,-1.6803,-1.0003,-1.0058,-1.0003,-1.052,-1.3056,-1.0731,-1.4485,-1.441,-1.3701,-1.3777,-0.35726,-1.2115,-0.26757,-1.293,0.44713,-0.13586,-1.4483,-1.4356,-1.3728
-1.0273,-1.2457,-2.5253,0.77108,-1.5953,-0.41246,-1.0003,-1.0002,0,-1.0003,-1.017,-1.003,-1.6803,-1.0003,-1.0058,-1.0003,-1.052,-1.3095,-1.0849,-1.4485,-1.441,-1.3701,-1.3777,-0.35726,-1.2115,-1.2676,-1.253,-1.5529,-1.1359,-1.4483,-1.4356,-1.3728
-1.0273,-1.2457,-0.52535,-1.2289,-1.7728,-2.372,-1.0003,-1.0002,0,-1.0003,-1.017,-1.003,-1.6803,-1.0003,-1.0058,-1.0003,-1.052,-0.8516,-1.0418,-1.4485,-1.441,0.62995,0.6223,-2.1573,-1.0715,-1.2676,-1.173,-1.5529,-1.1359,-1.4483,-1.4356,0.62716
-1.0273,-1.2457,-2.5253,0.77108,-0.7278,-0.41246,-1.0003,-1.0002,0,-1.0003,-1.017,-1.003,-1.6803,-1.0003,-1.0058,-1.0003,-1.052,-1.2978,-1.0731,-1.4485,-1.441,-1.3701,-1.3777,-0.35726,-1.2115,-1.2676,-1.273,-1.5129,-1.1359,-1.4483,-1.4356,-1.3728
-1.0273,-1.2457,-0.52535,-1.2289,-0.7278,-2.349,-1.0003,-1.0002,0,-1.0003,-1.017,-1.003,-1.6803,-1.0003,-1.0058,-1.0003,-1.052,-1.3095,-1.0849,-1.4485,-1.441,0.62995,0.6223,-0.35726,-1.2115,-1.2676,-1.073,-1.3929,-1.1359,-1.4483,-1.4356,0.62716
-1.0273,-1.2457,-2.5253,0.77108,-0.7278,-0.41246,-1.0003,-1.0002,0,-1.0003,-1.017,-1.003,-1.6803,-1.0003,-1.0058,-1.0003,-1.052,-1.1569,-0.93223,-1.4485,-1.441,-1.3701,-1.3777,-0.35726,-1.2115,-1.2676,-0.012981,-1.2329,-1.1359,-1.4083,-1.4356,-1.3728
-1.0273,-1.2457,-2.5253,0.77108,-0.7278,-0.41246,-1.0003,-1.0002,0,-1.0003,-1.017,-1.003,-1.6803,-1.0003,-1.0058,-1.0003,-1.052,-0.68331,-0.53693,-1.4485,-1.441,-1.3701,-1.3777,-0.59726,-1.1715,-1.2676,-1.213,0.44713,-1.1359,-1.4483,-1.4356,-1.3728
-1.0273,-1.2457,-2.5253,0.77108,-0.7278,-0.41246,-1.0003,-1.0002,0,-1.0003,-1.017,-1.003,-1.6803,-1.0003,-1.0058,-1.0003,-1.052,-1.1804,-0.95571,-1.4485,-1.441,-1.3701,-1.3777,-0.35726,-1.2115,-1.2676,-1.213,-0.91287,-1.1359,-1.4483,-1.4356,-1.3728
-1.0273,-1.2457,-2.5253,0.77108,-0.7278,-0.41246,-1.0003,-1.0002,0,-1.0003,-1.017,-1.003,-1.6803,-1.0003,-1.0058,-1.0003,-1.052,-1.2782,-1.0536,-1.4485,-1.441,-1.3701,-1.3777,-0.35726,-1.2115,-1.2676,-1.273,-0.95287,-1.1359,-1.4483,-1.4356,-1.3728
-1.0273,-1.2457,-0.52535,-1.2289,-1.7728,-2.372,-1.0003,-1.0002,0,-1.0003,-1.017,-1.003,-1.6803,-1.0003,-1.0058,-1.0003,-1.052,-0.87117,-1.0575,-1.4485,-1.441,0.62995,0.6223,-2.2173,-1.0715,-1.2676,-1.173,-1.5529,-1.1359,-1.4483,-1.4356,0.62716
-1.0273,-1.2457,-2.5253,0.77108,-0.7278,-0.41246,-1.0003,-1.0002,0,-1.0003,-1.017,-1.003,-1.6803,-1.0003,-1.0058,-1.0003,-1.052,-1.243,-1.0183,-1.4485,-1.441,-1.3701,-1.3777,-0.35726,-1.2115,-1.2676,-1.173,-1.0729,-1.1359,-1.4483,-1.4356,-1.3728
-1.0273,-1.2457,-0.52535,-1.2289,-0.7278,-2.1137,-1.0003,-1.0002,0,-1.0003,-1.017,-1.003,-1.6803,-1.0003,-1.0058,-1.0003,-1.052,-1.3095,-1.0849,-1.4485,-1.441,0.62995,0.6223,-0.35726,-1.2115,-1.2676,-1.133,-1.4529,-1.1359,-1.4483,-1.4356,0.62716
-1.0273,-1.2457,-2.5253,0.77108,-0.7278,-0.41246,-1.0003,-1.0002,0,-1.0003,-1.017,-1.003,-1.6803,-1.0003,-1.0058,-1.0003,-1.052,-1.2704,-1.0457,-1.4485,-1.441,-1.3701,-1.3777,-0.35726,-1.2115,-1.2676,-1.153,-1.2529,-1.1359,-1.4483,-1.4356,-1.3728
-1.0273,0.75427,-2.5253,-1.2289,-1.584,-0.41246,-1.0003,-1.0002,0,-1.0003,-1.017,-1.003,-1.6803,-1.0003,-1.0058,-1.0003,-1.052,-1.3095,-1.0849,-1.4485,-1.441,-1.3701,-1.3777,-0.35726,-1.2115,-1.2676,-1.293,0.44713,-0.59586,-1.4483,-1.4356,-1.3728
-1.0273,-1.2457,-0.52535,-1.2289,-0.7278,-2.349,-1.0003,-1.0002,0,-1.0003,-1.017,-1.003,-1.6803,-1.0003,-1.0058,-1.0003,-1.052,-1.3095,-1.0849,-1.4485,-1.441,0.62995,0.6223,-0.35726,-1.2115,-1.2676,-1.173,-1.5129,-1.1359,-1.4483,-1.4356,0.62716
-1.0273,-1.2457,-2.5253,0.77108,-0.7278,-0.41246,-1.0003,-1.0002,0,-1.0003,-1.017,-1.003,-1.6803,-1.0003,-1.0058,-1.0003,-1.052,-1.2782,-1.0536,-1.4485,-1.441,-1.3701,-1.3777,-0.35726,-1.2115,-1.2676,-1.193,-1.4729,-1.1359,-1.4083,-1.4356,-1.3728
-1.0273,-1.2457,-2.5253,0.77108,-0.7278,-0.41246,-1.0003,-1.0002,0,-1.0003,-1.017,-1.003,-1.6803,-1.0003,-1.0058,-1.0003,-1.052,-1.2078,-1.077,-1.4485,-1.441,-1.3701,-1.3777,-2.1373,-0.99153,-1.2676,0.46702,-1.2929,-1.1359,-1.1283,-1.4356,-1.3728
-1.0273,-1.2457,-2.5253,0.77108,-0.7278,-0.41246,-1.0003,-1.0002,0,-1.0003,-1.017,-1.003,-1.6803,-1.0003,-1.0058,-1.0003,-1.052,-1.196,-1.0731,-1.4485,-1.441,-1.3701,-1.3777,-2.0973,-1.0115,-1.2676,0.30702,-1.1329,-1.1359,-1.1283,-1.4356,-1.3728
-1.0273,-1.2457,-0.52535,-1.2289,-0.7278,-2.1137,-1.0003,-1.0002,0,-1.0003,-1.017,-1.003,-1.6803,-1.0003,-1.0058,-1.0003,-1.052,-0.92205,-1.0849,-1.4485,-1.441,0.62995,0.6223,-2.3373,-1.0715,-1.2676,-1.293,0.44713,-1.1359,-1.4483,-1.4356,0.62716
-1.0273,-1.2457,-2.5253,0.77108,-0.7278,-0.41246,-1.0003,-1.0002,0,-1.0003,-1.017,-1.003,-1.6803,-1.0003,-1.0058,-1.0003,-1.052,-1.1569,-0.93223,-1.4485,-1.441,-1.3701,-1.3777,-0.35726,-1.2115,-1.2676,-1.213,-0.83287,-1.1359,-1.4483,-1.4356,-1.3728
-1.0273,-1.2457,-2.5253,0.77108,-0.7278,-0.41246,-1.0003,-1.0002,0,-1.0003,-1.017,-1.003,-1.6803,-1.0003,-1.0058,-1.0003,-1.052,-1.29,-1.0653,-1.4485,-1.441,-1.3701,-1.3777,-0.35726,-1.2115,-1.2676,-1.193,-1.3929,-1.1359,-1.4483,-1.4356,-1.3728
-1.0268,-1.2457,-0.52535,-1.2289,-1.796,-2.372,-1.0003,-1.0002,0,-1.0003,-1.017,-1.003,0.31969,-1.0003,-1.0058,-1.0003,-1.052,0.68656,-1.0849,-1.3085,-1.441,0.46995,0.6223,-2.3573,0.78847,-1.2676,0.70702,-1.5529,-1.1359,-1.1883,-1.4356,0.62716
-1.0269,-1.2457,-0.52535,-1.2289,-1.7968,-0.41246,-1.0003,-1.0002,0,-1.0003,-1.017,-1.003,0.31969,-1.0003,-1.0058,-1.0003,-1.052,0.67873,-1.0849,-1.4085,-1.441,0.56995,-1.3777,-2.3573,0.78847,-1.2676,0.70702,-1.5529,-1.1359,-1.4083,-1.4356,-1.3728
-1.0273,-1.2457,-0.52535,-1.2289,-0.7278,-2.349,-1.0003,-1.0002,0,-1.0003,-1.017,-1.003,-1.6803,-1.0003,-1.0058,-1.0003,-1.052,-1.3095,-1.0849,-1.4485,-1.441,0.62995,0.6223,-0.35726,-1.2115,-1.2676,-1.053,-1.4329,-1.1359,-1.2083,-1.4356,0.62716
-1.0273,0.75427,-2.5253,-1.2289,-1.584,-0.41246,-1.0003,-1.0002,0,-1.0003,-1.017,-1.003,-1.6803,-1.0003,-1.0058,-1.0003,-1.052,-1.3095,-1.0849,-1.4485,-1.441,-1.3701,-1.3777,-0.35726,-1.2115,-1.2676,-1.293,0.44713,-0.63586,-1.4483,-1.4356,-1.3728
-1.0273,-1.2457,-2.5253,0.77108,-0.7278,-0.41246,-1.0003,-1.0002,0,-1.0003,-1.017,-1.003,-1.6803,-1.0003,-1.0058,-1.0003,-1.052,-1.2978,-1.0731,-1.4485,-1.441,-1.3701,-1.3777,-0.35726,-1.2115,-1.2676,-1.153,-1.3129,-1.1359,-1.4483,-1.4356,-1.3728
-1.0273,-1.2457,-2.5253,0.77108,-0.7278,-0.41246,-1.0003,-1.0002,0,-1.0003,-1.017,-1.003,-1.6803,-1.0003,-1.0058,-1.0003,-1.052,-1.2626,-1.0379,-1.4485,-1.441,-1.3701,-1.3777,-0.35726,-1.2115,-1.2676,-1.173,-1.1529,-1.1359,-1.4483,-1.4356,-1.3728
-1.0273,0.75427,-2.5253,-1.2289,-1.584,-0.41246,-1.0003,-1.0002,0,-1.0003,-1.017,-1.003,-1.6803,-1.0003,-1.0058,-1.0003,-1.052,-1.3095,-0.88526,-1.4485,-1.441,-1.3701,-1.3777,-0.35726,-1.2115,0.73243,-1.293,0.44713,-0.63586,-1.4483,-1.4356,-1.3728
-1.0273,-1.2457,-0.52535,-1.2289,-1.7848,-2.372,-1.0003,-1.0002,0,-1.0003,-1.017,-1.003,-1.6803,-1.0003,-1.0058,-1.0003,-1.052,-0.8516,-1.077,-1.4485,-1.441,0.62995,0.6223,-2.2973,-1.0715,-1.2676,-1.153,-1.5529,-1.1359,-1.4483,-1.4356,0.62716
-1.0273,0.75427,-2.5253,-1.2289,-1.6589,-0.41246,-1.0003,-1.0002,0,-1.0003,-1.017,-1.003,-1.6803,-1.0003,-1.0058,-1.0003,-1.052,-1.3056,-1.081,-1.4485,-1.441,-1.3701,-1.3777,-0.35726,-1.2115,-1.2676,-1.293,0.44713,-1.1359,-1.4483,-1.4356,-1.3728
-1.0273,0.75427,-2.5253,-1.2289,-1.6589,-0.41246,-1.0003,-1.0002,0,-1.0003,-1.017,-1.003,-1.6803,-1.0003,-1.0058,-1.0003,-1.052,-1.3095,-1.077,-1.4485,-1.441,-1.3701,-1.3777,-0.35726,-1.2115,0.072434,-1.293,0.44713,-0.095863,-1.4483,-1.4356,-1.3728
-1.0273,-1.2457,-0.52535,-1.2289,0.18882,-0.41246,-1.0002,-1.0002,0,-1.0003,-0.96501,-1.003,0.31969,-0.99659,-1.0058,-1.0003,-1.052,-1.2978,-1.077,-1.4485,-1.441,-1.3701,-1.3777,-0.85726,-0.21153,-1.2676,-1.293,-1.5129,-1.1359,-1.4483,-1.4356,-1.3128
-1.0273,-1.2457,-2.5253,0.77108,-0.7278,-0.41246,-1.0003,-1.0002,0,-1.0003,-1.017,-1.003,-1.6803,-1.0003,-1.0058,-1.0003,-1.052,-0.92597,-0.70914,-1.4285,-1.441,-1.3501,-1.3777,-0.39726,-1.1515,-1.2676,-1.253,-0.79287,-1.1359,-1.4483,-1.4356,-1.3728
-1.0273,-1.2457,-2.5253,0.77108,-0.7278,-0.41246,-1.0003,-1.0002,0,-1.0003,-1.017,-1.003,-1.6803,-1.0003,-1.0058,-1.0003,-1.052,-0.7655,-0.57998,-1.4485,-1.441,-1.3701,-1.3777,-0.49726,-1.1915,-1.2676,-1.233,0.44713,-1.1359,-1.4483,-1.4356,-1.3728
-1.0273,0.75427,-2.5253,-1.2289,-1.6589,-0.41246,-1.0003,-1.0002,0,-1.0003,-1.017,-1.003,-1.6803,-1.0003,-1.0058,-1.0003,-1.052,-1.2939,-1.0692,-1.4485,-1.441,-1.3701,-1.3777,-0.35726,-1.2115,-1.2676,-1.293,0.44713,-1.1359,-1.4483,-1.4356,-1.3728
-1.0273,-1.2457,-2.5253,0.77108,-1.5953,-0.41246,-1.0003,-1.0002,0,-1.0003,-1.017,-1.003,-1.6803,-1.0003,-1.0058,-1.0003,-1.052,-1.3095,-1.0849,-1.4485,-1.441,-1.3701,-1.3777,-0.35726,-1.2115,-1.2676,-1.253,-1.5529,-1.1359,-1.4483,-1.4356,-1.3728
-1.0273,-1.2457,-2.5253,0.77108,-0.7278,-0.41246,-1.0003,-1.0002,0,-1.0003,-1.017,-1.003,-1.6803,-1.0003,-1.0058,-1.0003,-1.052,-0.74593,-0.59955,-1.4485,-1.441,-1.3701,-1.3777,-0.63726,-1.1515,-1.2676,-1.213,0.44713,-1.1359,-1.4483,-1.4356,-1.3728
-1.0273,-1.2457,-2.5253,0.77108,-0.7278,-0.41246,-1.0003,-1.0002,0,-1.0003,-1.017,-1.003,-1.6803,-1.0003,-1.0058,-1.0003,-1.052,-1.2743,-1.0496,-1.4485,-1.441,-1.3701,-1.3777,-0.35726,-1.2115,-1.2676,-1.173,-1.2129,-1.1359,-1.4483,-1.4356,-1.3728
-1.0273,-1.2457,-2.5253,0.77108,-0.7278,-0.41246,-1.0003,-1.0002,0,-1.0003,-1.017,-1.003,-1.6803,-1.0003,-1.0058,-1.0003,-1.052,-1.2586,-1.0849,-1.4485,-1.441,-1.3701,-1.3777,-2.2173,-0.93153,-1.2676,-1.153,-1.2329,-1.1359,-1.4483,-1.4356,-1.3728
-1.0273,-1.2457,-2.5253,0.77108,-1.5953,-0.41246,-1.0003,-1.0002,0,-1.0003,-1.017,-1.003,-1.6803,-1.0003,-1.0058,-1.0003,-1.052,-1.1021,-1.077,-1.4485,-1.441,-1.3701,-1.3777,-2.2373,-0.99153,-1.2676,-1.113,-0.93287,-1.1359,-1.4483,-1.4356,-1.3728
-1.0273,-1.2457,-0.52535,-1.2289,-1.7993,-1.4831,-1.0003,-1.0002,0,-1.0003,-1.017,-1.003,-1.6803,-1.0003,-1.0058,-1.0003,-1.052,-1.2939,-1.077,0.55149,0.559,-1.3701,-1.3777,-1.1573,-0.011531,-1.2676,-1.133,-1.5529,-1.1359,0.55171,0.56445,-1.3728
-1.0273,0.75427,-2.5253,-1.2289,-1.6589,-0.41246,-1.0003,-1.0002,0,-1.0003,-1.017,-1.003,-1.6803,-1.0003,-1.0058,-1.0003,-1.052,-1.059,-0.83438,-1.4485,-1.441,-1.3701,-1.3777,-0.35726,-1.2115,-1.2676,-1.293,0.44713,-1.1359,-1.4483,-1.4356,-1.3728
-1.0273,-1.2457,-0.52535,-1.2289,-1.6948,-1.4831,-1.0003,-1.0002,0,-1.0003,-1.017,-1.003,-1.6803,-1.0003,-1.0058,-1.0003,-1.052,-1.29,-1.0692,0.21149,0.559,-1.3701,-1.3777,-0.69726,-0.55153,-1.2676,-1.293,-1.1529,-0.47586,0.55171,0.22445,-1.3728
-1.0273,0.75427,-2.5253,-1.2289,-1.6589,-0.41246,-1.0003,-1.0002,0,-1.0003,-1.017,-1.003,-1.6803,-1.0003,-1.0058,-1.0003,-1.052,-1.3017,-1.077,-1.4485,-1.441,-1.3701,-1.3777,-0.35726,-1.2115,-1.2676,-1.173,-1.5129,-1.1359,-1.4283,-1.4356,-1.3728
-1.0273,-1.2457,-2.5253,0.77108,-0.7278,-0.41246,-1.0003,-1.0002,0,-1.0003,-1.017,-1.003,-1.6803,-1.0003,-1.0058,-1.0003,-1.052,-1.1647,-0.94006,-1.4485,-1.441,-1.3701,-1.3777,-0.35726,-1.2115,-1.2676,-1.193,-1.2329,-1.1359,-1.4083,-1.4356,-1.3728
-1.0273,-1.2457,-0.52535,-1.2289,-0.7278,-2.349,-1.0003,-1.0002,0,-1.0003,-1.017,-1.003,-1.6803,-1.0003,-1.0058,-1.0003,-1.052,-1.3095,-1.0849,-1.4485,-1.441,0.62995,0.6223,-0.35726,-1.2115,-1.2676,-1.153,-1.3929,-1.1359,-1.4483,-1.4356,0.62716
-1.0273,-1.2457,-2.5253,0.77108,-0.7278,-0.41246,-1.0003,-1.0002,0,-1.0003,-1.017,-1.003,-1.6803,-1.0003,-1.0058,-1.0003,-1.052,-1.2821,-1.0575,-1.4485,-1.441,-1.3701,-1.3777,-0.35726,-1.2115,-1.2676,-1.153,-1.2929,-1.1359,-1.4483,-1.4356,-1.3728
-1.0273,-1.2457,-2.5253,0.77108,-0.7278,-0.41246,-1.0003,-1.0002,0,-1.0003,-1.017,-1.003,-1.6803,-1.0003,-1.0058,-1.0003,-1.052,-1.3095,-1.0849,-1.4485,-1.441,-1.3701,-1.3777,-0.35726,-1.2115,-1.2676,-1.273,-1.2329,-1.1359,-1.4483,-1.4356,-1.3728
-1.0273,-1.2457,-0.52535,-1.2289,-1.7728,-2.372,-1.0003,-1.0002,0,-1.0003,-1.017,-1.003,-1.6803,-1.0003,-1.0058,-1.0003,-1.052,-0.83986,-1.0262,-1.4485,-1.441,0.62995,0.6223,-2.0973,-1.0715,-1.2676,-1.153,-1.5529,-1.1359,-1.4483,-1.4356,0.62716
-1.0273,-1.2457,-0.52535,-1.2289,-0.7278,-2.1137,-1.0003,-1.0002,0,-1.0003,-1.017,-1.003,-1.6803,-1.0003,-1.0058,-1.0003,-1.052,-0.91814,-1.081,-1.4485,-1.441,0.62995,0.6223,-2.3173,-1.0715,-1.2676,-1.293,-0.55287,-1.1359,-1.4483,-1.4356,0.62716
-1.0273,-1.2457,-2.5253,0.77108,-1.5953,-0.41246,-1.0003,-1.0002,0,-1.0003,-1.017,-1.003,-1.6803,-1.0003,-1.0058,-1.0003,-1.052,-1.1021,-1.077,-1.4485,-1.441,-1.3701,-1.3777,-2.2373,-0.99153,-1.2676,-1.113,-0.93287,-1.1359,-1.4483,-1.4356,-1.3728
-1.0273,-1.2457,-0.52535,-1.2289,0.18882,-0.41246,-1.0002,-1.0002,0,-1.0003,-0.96501,-1.003,0.31969,-0.99659,-1.0058,-1.0003,-1.052,-1.3095,-1.081,-1.4485,-1.441,-1.3701,-0.3777,-0.35726,-1.2115,0.73243,-1.293,0.44713,-1.1359,-1.4483,-1.4356,-1.3728
-1.0273,0.75427,-2.5253,-1.2289,-1.584,-0.41246,-1.0003,-1.0002,0,-1.0003,-1.017,-1.003,-1.6803,-1.0003,-1.0058,-1.0003,-1.052,-0.92205,-1.0849,0.53149,-1.441,-1.3701,-1.3777,-2.3373,-1.0515,-1.2676,-0.99298,-1.0929,-0.63586,-1.4483,-1.4356,-1.3728
-1.0273,0.75427,-2.5253,-1.2289,-1.584,-0.41246,-1.0003,-1.0002,0,-1.0003,-1.017,-1.003,-1.6803,-1.0003,-1.0058,-1.0003,-1.052,-1.3056,-1.081,-1.4485,-1.441,-1.3701,-1.3777,-0.35726,-1.2115,-1.2676,0.24702,-1.5329,-1.1359,-1.3883,-1.4356,-1.3728
-1.0273,-1.2457,-2.5253,0.77108,-1.5953,-0.41246,-1.0003,-1.0002,0,-1.0003,-1.017,-1.003,-1.6803,-1.0003,-1.0058,-1.0003,-1.052,-1.2156,-1.0575,-1.4485,-1.441,-1.3701,-1.3777,-1.7173,-0.97153,-1.2676,-1.133,-1.1529,-1.1359,-1.4483,-1.4356,-1.3728
-1.0273,-1.2457,-2.5253,0.77108,-0.7278,-0.41246,-1.0003,-1.0002,0,-1.0003,-1.017,-1.003,-1.6803,-1.0003,-1.0058,-1.0003,-1.052,-1.1843,-0.95963,-1.4485,-1.441,-1.3701,-1.3777,-0.35726,-1.2115,-1.2676,-1.253,-1.2929,-1.1359,-1.4483,-1.4356,-1.3728
-1.0123,-1.2457,-0.52535,-1.2289,-1.6948,-2.372,-1.0003,-1.0002,0,-1.0003,-1.017,-1.003,0.31969,-1.0003,-1.0058,-1.0003,-1.052,-0.72245,-1.0849,0.53149,-1.441,-1.3501,0.6223,-2.3373,-1.0915,-1.2676,-1.293,-1.2129,-1.1359,-1.4483,-1.4356,-1.0328
-1.0273,-1.2457,-0.52535,-1.2289,-1.7793,-2.4064,-1.0003,-1.0002,0,-1.0003,-1.017,-1.003,-1.6803,-1.0003,-1.0058,-1.0003,-1.052,-1.3056,-0.60738,0.55149,0.078996,-1.3701,-1.2977,-0.35726,-1.2115,-0.52757,-1.293,-0.052869,-1.1359,-0.20829,-0.19555,-1.3728
-1.0273,-1.2457,-0.52535,-1.2289,-0.7278,-2.1137,-1.0003,-1.0002,0,-1.0003,-1.017,-1.003,-1.6803,-1.0003,-1.0058,-1.0003,-1.052,-1.286,-1.0849,-1.4485,-1.441,0.62995,0.6223,-2.0773,-0.071531,-1.2676,-1.213,-1.4729,-1.1359,-1.4283,-1.4356,0.62716
-1.0273,0.75427,-2.5253,-1.2289,-1.584,-0.41246,-1.0003,-1.0002,0,-1.0003,-1.017,-1.003,-1.6803,-1.0003,-1.0058,-1.0003,-1.052,-1.3095,-1.0849,-1.4485,-1.441,-1.3701,-1.3777,-0.35726,-1.2115,-1.2676,-1.253,-1.5529,-1.1359,-1.4483,-1.4356,-1.3728
-1.0273,-1.2457,-2.5253,0.77108,-0.7278,-0.41246,-1.0003,-1.0002,0,-1.0003,-1.017,-1.003,-1.6803,-1.0003,-1.0058,-1.0003,-1.052,-1.196,-0.97137,-1.4485,-1.441,-1.3701,-1.3777,-0.35726,-1.2115,-1.2676,-1.273,-0.79287,-1.1359,-1.4483,-1.4356,-1.3728
-1.0273,-1.2457,-2.5253,0.77108,-0.7278,-0.41246,-1.0003,-1.0002,0,-1.0003,-1.017,-1.003,-1.6803,-1.0003,-1.0058,-1.0003,-1.052,-1.196,-1.0731,-1.4485,-1.441,-1.3701,-1.3777,-2.0973,-1.0115,-1.2676,0.56702,-1.3929,-1.1359,-1.1883,-1.4356,-1.3728
-1.0273,-1.2457,-2.5253,0.77108,-1.5953,-0.41246,-1.0003,-1.0002,0,-1.0003,-1.017,-1.003,-1.6803,-1.0003,-1.0058,-1.0003,-1.052,-1.106,-1.081,-1.4485,-1.441,-1.3701,-1.3777,-2.2773,-0.99153,-1.2676,-1.113,-0.93287,-1.1359,-1.4483,-1.4356,-1.3728
-1.0273,-1.2457,-2.5253,0.77108,-0.7278,-0.41246,-1.0003,-1.0002,0,-1.0003,-1.017,-1.003,-1.6803,-1.0003,-1.0058,-1.0003,-1.052,-1.2665,-1.0418,-1.4485,-1.441,-1.3701,-1.3777,-0.35726,-1.2115,-1.2676,-1.173,-1.1729,-1.1359,-1.4483,-1.4356,-1.3728
-1.0273,-1.2457,-2.5253,0.77108,-0.7278,-0.41246,-1.0003,-1.0002,0,-1.0003,-1.017,-1.003,-1.6803,-1.0003,-1.0058,-1.0003,-1.052,-1.2391,-1.0144,-1.4485,-1.441,-1.3701,-1.3777,-0.35726,-1.2115,-1.2676,-1.253,-1.4129,-1.1359,-1.4483,-1.4356,-1.3728
-1.0273,-1.2457,-2.5253,0.77108,-0.7278,-0.41246,-1.0003,-1.0002,0,-1.0003,-1.017,-1.003,-1.6803,-1.0003,-1.0058,-1.0003,-1.052,-1.1451,-0.92049,-1.4485,-1.441,-1.3701,-1.3777,-0.35726,-1.2115,-1.2676,-1.253,-1.2129,-1.1359,-1.4483,-1.4356,-1.3728
-1.0273,-1.2457,-0.52535,-1.2289,-0.7278,-2.349,-1.0003,-1.0002,0,-1.0003,-1.017,-1.003,-1.6803,-1.0003,-1.0058,-1.0003,-1.052,-1.3095,-1.0849,-1.4485,-1.441,0.62995,0.6223,-0.35726,-1.2115,-1.2676,-1.053,-1.3729,-1.1359,-1.4483,-1.4356,0.62716
-1.0273,-1.2457,-2.5253,0.77108,-0.7278,-0.41246,-1.0003,-1.0002,0,-1.0003,-1.017,-1.003,-1.6803,-1.0003,-1.0058,-1.0003,-1.052,-1.2978,-1.0731,-1.4485,-1.441,-1.3701,-1.3777,-0.35726,-1.2115,-1.2676,-1.273,-1.5129,-1.1359,-1.4483,-1.4356,-1.3728
-1.0273,-1.2457,-0.52535,-1.2289,-0.7278,-2.349,-1.0003,-1.0002,0,-1.0003,-1.017,-1.003,-1.6803,-1.0003,-1.0058,-1.0003,-1.052,-1.3095,-1.0849,-1.4485,-1.441,0.62995,0.6223,-0.35726,-1.2115,-1.2676,-1.073,-1.3929,-1.1359,-1.4483,-1.4356,0.62716
-1.0273,-1.2457,-2.5253,0.77108,-0.7278,-0.41246,-1.0003,-1.0002,0,-1.0003,-1.017,-1.003,-1.6803,-1.0003,-1.0058,-1.0003,-1.052,-1.0982,-0.87352,-1.4485,-1.441,-1.3701,-1.3777,-0.35726,-1.2115,-1.2676,-1.273,-1.1129,-1.1359,-1.4483,-1.4356,-1.3728
-1.0273,0.75427,-2.5253,-1.2289,-1.6589,-0.41246,-1.0003,-1.0002,0,-1.0003,-1.017,-1.003,-1.6803,-1.0003,-1.0058,-1.0003,-1.052,-1.3056,-1.0731,-1.4485,-1.441,-1.3701,-1.3777,-0.35726,-1.2115,-0.26757,0.047019,-0.21287,-1.0759,-0.78829,-1.4356,-1.3728
-1.0262,-1.2457,-0.52535,-1.2289,-0.7278,-2.349,-1.0003,-1.0002,0,-1.0003,-1.017,-1.003,-1.6803,-1.0003,-1.0058,-1.0003,-1.052,-1.3095,-1.0849,-1.4485,-1.441,0.62995,0.6223,-0.35726,-1.2115,-1.2676,-1.133,-1.4129,-1.1359,-1.4483,-1.4356,0.62716
-1.0273,0.75427,-2.5253,-1.2289,-1.6589,-0.41246,-1.0003,-1.0002,0,-1.0003,-1.017,-1.003,-1.6803,-1.0003,-1.0058,-1.0003,-1.052,-0.9925,-0.76785,-1.4485,-1.441,-1.3701,-1.3777,-0.35726,-1.2115,-1.2676,-1.293,0.44713,-1.1359,-1.4483,-1.4356,-1.3728
-1.0273,-1.2457,-0.52535,-1.2289,0.18882,-2.349,-1.0002,-1.0002,0,-1.0003,-0.99098,-1.003,0.31969,-1.0003,-1.0058,-1.0003,-1.052,-1.2978,-1.0731,-1.4485,-1.441,-0.87005,-0.8777,-0.35726,-1.2115,-1.2676,-1.293,-1.5529,-1.1359,-1.4483,-1.4356,-1.2928
-1.0273,0.75427,-2.5253,-1.2289,-1.584,-0.41246,-1.0003,-1.0002,0,-1.0003,-1.017,-1.003,-1.6803,-1.0003,-1.0058,-1.0003,-1.052,-1.3095,-1.0849,-1.4485,-1.441,-1.3701,-1.3777,-0.35726,-1.2115,-1.2676,-0.67298,-1.5529,-1.1359,-1.4483,-1.4356,-1.3728
-1.0273,-1.2457,-0.52535,-1.2289,-0.7278,-2.349,-1.0003,-1.0002,0,-1.0003,-1.017,-1.003,-1.6803,-1.0003,-1.0058,-1.0003,-1.052,-1.3095,-1.0849,-1.4485,-1.441,0.62995,0.6223,-0.35726,-1.2115,-1.2676,-1.173,-1.5129,-1.1359,-1.4483,-1.4356,0.62716
-1.0273,-1.2457,-2.5253,0.77108,-0.7278,-0.41246,-1.0003,-1.0002,0,-1.0003,-1.017,-1.003,-1.6803,-1.0003,-1.0058,-1.0003,-1.052,-1.106,-1.0614,-1.4485,-1.441,-1.3701,-1.3777,-2.0973,-1.0315,-1.2676,-1.253,-1.4929,-1.1359,-1.4483,-1.4356,-1.3728
-1.0273,0.75427,-2.5253,-1.2289,-1.584,-0.41246,-1.0003,-1.0002,0,-1.0003,-1.017,-1.003,-1.6803,-1.0003,-1.0058,-1.0003,-1.052,-1.3095,-1.0849,-1.4485,-1.441,-1.3701,-1.3777,-0.35726,-1.2115,-1.2676,-1.173,-1.4529,-1.1359,-1.4483,-1.4356,-1.3728
-1.0273,0.75427,-2.5253,-1.2289,-1.6589,-0.41246,-1.0003,-1.0002,0,-1.0003,-1.017,-1.003,-1.6803,-1.0003,-1.0058,-1.0003,-1.052,-1.2626,-1.0379,-1.4485,-1.441,-1.3701,-1.3777,-0.35726,-1.2115,-1.2676,-1.293,0.44713,-1.1359,-1.4483,-1.4356,-1.3728
-1.0273,-1.2457,-2.5253,0.77108,-0.7278,-0.41246,-1.0003,-1.0002,0,-1.0003,-1.017,-1.003,-1.6803,-1.0003,-1.0058,-1.0003,-1.052,-1.196,-0.97137,-1.4485,-1.441,-1.3701,-1.3777,-0.35726,-1.2115,-1.2676,-1.193,-1.2929,-1.1359,-1.4083,-1.4356,-1.3728
-1.0273,0.75427,-2.5253,-1.2289,-1.6589,-0.41246,-1.0003,-1.0002,0,-1.0003,-1.017,-1.003,-1.6803,-1.0003,-1.0058,-1.0003,-1.052,-1.3095,-1.077,-1.4485,-1.441,-1.3701,-1.3777,-0.35726,-1.2115,0.072434,-1.293,0.44713,-0.015863,-1.4483,-1.4356,-1.3728
-1.0273,-1.2457,-2.5253,0.77108,-0.7278,-0.41246,-1.0003,-1.0002,0,-1.0003,-1.017,-1.003,-1.6803,-1.0003,-1.0058,-1.0003,-1.052,-1.059,-0.83438,-1.4485,-1.441,-1.3701,-1.3777,-0.35726,-1.2115,-1.2676,-0.57298,-0.25287,-1.1359,-1.2683,-1.4356,-1.3728
-1.0273,-1.2457,-2.5253,0.77108,-0.7278,-0.41246,-1.0003,-1.0002,0,-1.0003,-1.017,-1.003,-1.6803,-1.0003,-1.0058,-1.0003,-1.052,-1.0395,-0.81873,-1.4285,-1.441,-1.3701,-1.3777,-0.37726,-1.1515,-1.2676,-1.273,-1.0129,-1.1359,-1.4483,-1.4356,-1.3728
-1.0273,-1.2457,-0.52535,-1.2289,0.18882,-2.349,-1.0002,-1.0002,0,-1.0003,-1.017,-1.003,0.31969,-1.0003,-1.0058,-1.0003,-1.052,-1.3056,-1.081,-1.4485,-1.441,-0.37005,-0.3777,-0.35726,-1.2115,-1.2676,-1.293,-1.5529,-1.1359,-1.4283,-1.4156,-1.2728
-1.0273,-1.2457,-0.52535,-1.2289,-0.7278,-2.349,-1.0003,-1.0002,0,-1.0003,-1.017,-1.003,-1.6803,-1.0003,-1.0058,-1.0003,-1.052,-1.3095,-1.0849,-1.4485,-1.441,0.62995,0.6223,-0.35726,-1.2115,-1.2676,-1.073,-1.3929,-1.1359,-1.4483,-1.4356,0.62716
-1.0273,-1.2457,-0.52535,-1.2289,-0.7278,-2.1137,-1.0003,-1.0002,0,-1.0003,-1.017,-1.003,-1.6803,-1.0003,-1.0058,-1.0003,-1.052,-1.3095,-1.0849,-1.4485,-1.441,0.62995,0.6223,-0.35726,-1.2115,-1.2676,-1.153,-1.4729,-1.1359,-1.4483,-1.4356,0.62716
-1.0273,-1.2457,-2.5253,0.77108,-0.7278,-0.41246,-1.0003,-1.0002,0,-1.0003,-1.017,-1.003,-1.6803,-1.0003,-1.0058,-1.0003,-1.052,-0.68722,-0.5017,-1.4485,-1.441,-1.3701,-1.3777,-0.47726,-1.1915,-1.2676,-1.233,0.44713,-1.1359,-1.4483,-1.4356,-1.3728
-1.0273,-1.2457,-2.5253,0.77108,-0.7278,-0.41246,-1.0003,-1.0002,0,-1.0003,-1.017,-1.003,-1.6803,-1.0003,-1.0058,-1.0003,-1.052,-1.2821,-1.0575,-1.4485,-1.441,-1.3701,-1.3777,-0.35726,-1.2115,-1.2676,-0.13298,-0.71287,-1.1359,-1.2683,-1.4356,-1.3728
-1.0273,-1.2457,-2.5253,0.77108,-0.7278,-0.41246,-1.0003,-1.0002,0,-1.0003,-1.017,-1.003,-1.6803,-1.0003,-1.0058,-1.0003,-1.052,-1.1608,-0.93614,-1.4485,-1.441,-1.3701,-1.3777,-0.35726,-1.2115,-1.2676,0.0070188,-1.2529,-1.1359,-1.4083,-1.4356,-1.3728
-1.0273,-1.2457,-2.5253,0.77108,-0.7278,-0.41246,-1.0003,-1.0002,0,-1.0003,-1.017,-1.003,-1.6803,-1.0003,-1.0058,-1.0003,-1.052,-1.1999,-0.97528,-1.4485,-1.441,-1.3701,-1.3777,-0.35726,-1.2115,-1.2676,-1.273,-1.3329,-1.1359,-1.4483,-1.4356,-1.3728
-0.99426,-1.2457,-0.52535,-1.2289,-1.6948,-0.41246,-1.0003,-1.0002,0,-1.0003,-1.017,-1.003,0.31969,-0.97797,-1.0058,-0.9774,-1.052,-1.3095,-1.0849,-1.4485,-1.441,-1.3701,-1.3777,-0.35726,-1.2115,-1.2676,-1.253,-1.5529,-1.1359,-1.4483,-1.4356,-1.3728
-1.0273,-1.2457,-0.52535,-1.2289,-1.7793,-0.41246,-1.0003,-1.0002,0,-1.0003,-0.96501,-1.003,-1.6803,-1.0003,-1.0058,-1.0003,-1.052,-1.2978,-0.59955,-0.44851,0.058996,-1.3701,-1.2977,-0.35726,-1.2115,-0.54757,-1.293,0.047131,-1.1359,-0.44829,-0.43555,-1.3728
-1.0273,-1.2457,-0.52535,-1.2289,0.18882,-2.349,-1.0003,-1.0002,0,-1.0003,-0.96501,-1.003,0.31969,-0.99659,-1.0058,-1.0003,-1.052,-1.29,-1.0653,-1.4485,-1.441,-1.0301,-1.0377,-0.35726,-1.2115,-1.2676,-1.293,-1.5529,-1.1359,-1.4483,-1.4356,-1.2728
-1.0273,-1.2457,-2.5253,0.77108,-0.7278,-0.41246,-1.0003,-1.0002,0,-1.0003,-1.017,-1.003,-1.6803,-1.0003,-1.0058,-1.0003,-1.052,-1.1686,-0.94789,-1.4485,-1.441,-1.3101,-1.3777,-0.41726,-1.1115,-1.2676,-1.253,-1.2729,-1.1359,-1.4483,-1.4356,-1.3728
-1.0273,-1.2457,-2.5253,0.77108,-0.7278,-0.41246,-1.0003,-1.0002,0,-1.0003,-1.017,-1.003,-1.6803,-1.0003,-1.0058,-1.0003,-1.052,-0.83986,-1.0066,0.21149,-1.441,-1.3701,-1.3777,-2.0173,-1.0915,-1.2676,0.54702,-1.3929,-1.1359,-1.2683,-1.4356,-1.3728
