-1.0319,-1.1828,-0.61845,-1.1988,-1.707,-2.48,-1.0265,-1.0009,-1.0087,0,-1.1199,-1.0058,-1.9151,-1.0007,-1.0092,-1.0008,-1.138,-0.79434,-1.0134,-1.3503,-1.3457,0.68594,-2.2208,-1.0301,-1.2275,-0.20358,-1.5948,-1.1246,-1.6352,-1.1315,-1.3558,-1.3436,0.68902
-1.0319,0.81721,-2.6184,-1.1988,-1.5931,-0.52043,-1.0259,-1.0009,-0.34205,0,-1.1199,-1.0058,-1.9151,-1.0007,-1.0092,-1.0008,-1.138,-1.2444,-1.0643,-1.3503,-1.3457,-1.3141,-0.5008,-1.1701,0.11245,-2.2036,-1.5869,-1.2446,0.36478,-0.071485,-1.3558,-1.3436,-1.311
-1.0319,-1.1828,-0.61845,-1.1988,-1.629,-1.591,-1.0265,-1.0009,-1.0087,0,-1.1199,-1.0058,-1.9151,-1.0007,-1.0092,-1.0008,-1.138,-1.2405,-1.0722,-0.35035,0.65434,-1.3141,-1.5008,0.82985,-1.2275,-2.2036,-1.705,-1.2446,0.36478,0.86851,0.64419,-0.34361,-1.311
-1.0319,0.81721,-2.6184,-1.1988,-1.5183,-0.52043,-1.0265,-1.0009,-1.0087,0,-1.1199,-1.0058,-1.9151,-1.0007,-1.0092,-1.0008,-1.138,-1.2444,-1.0722,-1.3503,-1.3457,-1.3141,-0.5008,-1.1701,-1.2275,-2.1957,0.28713,-1.2446,0.36478,-0.63149,-1.3558,-1.3436,-1.311
-1.0319,0.81721,-2.6184,-1.1988,-1.5931,-0.52043,-1.0263,-1.0009,-1.0087,0,-1.1199,-1.0058,-1.9151,-1.0007,-1.0092,-1.0008,-1.138,-0.83739,-0.66511,-1.3503,-1.3457,-1.3141,-0.5008,-1.1701,-1.2275,-0.20358,0.28713,-1.2446,0.36478,-1.1315,-1.3558,-1.3436,-1.311
-0.79592,-1.1828,-0.61845,-1.1988,-1.4056,-0.52043,0.9728,-1.0009,-1.0087,0,-0.91992,-1.0058,0.084857,-1.0007,-1.0092,-1.0008,-1.138,-1.2444,-1.0722,-1.3503,-1.3457,-1.3141,-0.5008,-1.1701,-1.2275,-0.20358,-1.1774,-1.0846,-0.99522,-1.1315,-1.3358,-1.3236,-1.311
-1.0319,0.81721,-2.6184,-1.1988,-1.5183,-0.52043,-1.0265,-1.0009,-1.0087,0,-1.1199,-1.0058,-1.9151,-1.0007,-1.0092,-1.0008,-1.138,-1.2444,-0.87255,-1.3503,-1.3457,-1.3141,-0.5008,-1.1701,0.77245,-2.1957,0.28713,-1.2446,0.36478,-0.63149,-1.3558,-1.3436,-1.311
-1.0319,0.81721,-2.6184,-1.1988,-1.5931,-0.52043,-1.0263,-1.0009,-1.0087,0,-1.1199,-1.0058,-1.9151,-1.0007,-1.0092,-1.0008,-1.138,-1.0057,-0.83341,-1.3503,-1.3457,-1.3141,-0.5008,-1.1701,-1.2275,-0.20358,0.28713,-1.2446,0.36478,-1.1315,-1.3558,-1.3436,-1.311
-1.0319,-1.1828,-0.61845,-1.1988,-1.7217,-2.2217,-1.0265,-1.0009,-1.0087,0,-1.1199,-1.0058,-1.9151,-1.0007,-1.0092,-1.0008,-1.138,-0.86087,-1.0017,-1.3503,-1.3457,0.68594,-2.1208,-1.0501,-1.2275,-0.20358,-1.5711,-1.1246,-1.6352,-1.1315,-1.3558,-1.3436,0.68902
-1.0319,-1.1828,-0.61845,-1.1988,-1.3831,-1.591,-1.0265,-1.0009,-1.0087,0,-1.0533,-1.0058,-1.9151,-1.0007,-1.0092,-1.0008,-1.138,-0.49297,-1.0722,-0.030347,0.65434,-0.63406,-2.4808,-0.35015,-1.2275,-0.20358,-1.7129,-0.62465,-0.11522,-1.1315,-0.35581,0.65639,-1.311
-1.0319,0.81721,-2.6184,-1.1988,-1.5183,-0.52043,-1.0265,-1.0009,-1.0087,0,-1.1199,-1.0058,-1.9151,-1.0007,-1.0092,-1.0008,-1.138,-1.2444,-1.0722,-1.3503,-1.3457,-1.3141,-0.5008,-1.1701,-1.2275,-2.1878,0.19264,-1.2446,0.36478,-0.63149,-1.3558,-1.3436,-1.311
-1.0319,-1.1828,-0.61845,-1.1988,0.2544,-0.52043,-1.0053,-1.0008,-1.0087,0,-0.98659,-1.0058,0.084857,-0.99032,-1.0092,-1.0008,-1.138,-1.2366,-1.0643,-1.3503,-1.3457,-1.3141,-0.5008,-1.1701,-1.2275,-1.8099,-1.3192,-1.2446,-1.5952,-1.1315,-1.3158,-1.3036,-1.271
-1.0319,-1.1828,-0.61845,-1.1988,-0.66215,-2.2217,-1.0265,-1.0009,-1.0087,0,-1.1199,-1.0058,-1.9151,-1.0007,-1.0092,-1.0008,-1.138,-1.221,-1.0722,-1.3503,-1.3457,0.68594,-2.2208,-0.030149,-1.2275,-0.81775,-1.7129,-1.1646,-1.5552,-1.1315,-1.3358,-1.3436,0.68902
-1.0319,0.81721,-2.6184,-1.1988,-1.5931,-0.52043,-1.0261,-1.0009,-1.0087,0,-1.1199,-1.0058,-1.9151,-1.0007,-1.0092,-1.0008,-1.138,-0.90392,-0.73165,-1.3503,-1.3457,-1.3141,-0.5008,-1.1701,-1.2275,-0.20358,0.28713,-1.2446,0.36478,-1.1315,-1.3558,-1.3436,-1.311
-1.0319,0.81721,-2.6184,-1.1988,-1.5931,-0.52043,-1.0263,-1.0009,-1.0087,0,-1.1199,-1.0058,-1.9151,-1.0007,-1.0092,-1.0008,-1.138,-0.93915,-0.76687,-1.3503,-1.3457,-1.3141,-0.5008,-1.1701,-1.2275,-0.20358,0.28713,-1.2446,0.36478,-1.1315,-1.3558,-1.3436,-1.311
-1.0319,-1.1828,-0.61845,-1.1988,-1.7136,-0.52043,-1.0265,-1.0009,-1.0087,0,-1.1199,-1.0058,-1.9151,-1.0007,-1.0092,-1.0008,-1.138,-1.2366,-0.59075,-0.010347,0.17434,-1.3141,-0.5008,-1.1701,-0.50755,-2.1406,-1.6499,-1.2446,-0.075216,-1.1315,-0.23581,-0.22361,-1.311
-1.0319,0.81721,-2.6184,-1.1988,-1.5183,-0.52043,-1.0265,-1.0009,-1.0087,0,-1.1199,-1.0058,-1.9151,-1.0007,-1.0092,-1.0008,-1.138,-1.2444,-1.0722,-1.3503,-1.3457,-1.3141,-0.5008,-1.1701,-1.2275,-2.1957,0.24776,-1.2446,0.36478,-0.63149,-1.3558,-1.3436,-1.311
-1.0319,-1.1828,-0.61845,-1.1988,0.2544,-0.52043,-1.0053,-1.0008,-1.0087,0,-0.98659,-1.0058,0.084857,-0.99032,-1.0092,-1.0008,-1.138,-1.2327,-1.0604,-1.3503,-1.3457,-1.3141,-0.5008,-1.1701,-1.2275,-2.0697,-1.579,-1.2446,-1.5152,-1.1315,-1.3558,-1.3436,-1.191
-1.0319,0.81721,-2.6184,-1.1988,-1.5183,-0.52043,-1.0265,-1.0009,-1.0087,0,-1.1199,-1.0058,-1.9151,-1.0007,-1.0092,-1.0008,-1.138,-1.2444,-1.0722,-1.3503,-1.3457,-1.3141,-0.5008,-1.1701,-1.2275,-2.1957,0.28713,-1.2446,0.36478,-0.13149,-1.3558,-1.3436,-1.311
-1.0319,-1.1828,-0.61845,-1.1988,-1.7136,-2.5119,-1.0259,-0.99761,-1.0087,0,-1.1199,-1.0058,-1.9151,-1.0007,-1.0092,-1.0008,-1.138,-1.2444,-1.0722,0.64965,0.65434,-1.3141,-0.5008,-1.1701,-1.2275,-2.1248,-1.6341,-1.2446,-1.4552,-1.1315,-0.25581,-0.24361,-1.311
-1.0318,-1.1828,-0.61845,-1.1988,-0.66215,-2.5189,-1.0265,-1.0009,-1.0087,0,-1.1199,-1.0058,-1.9151,-1.0007,-1.0092,-1.0008,-1.138,-0.673,-1.0682,0.069653,-0.34566,-0.73406,-2.4808,-0.43015,-1.2275,-0.20358,-1.705,-0.80465,-0.47522,-1.1315,-0.53581,-0.34361,-0.31098
-1.0319,-1.1828,-0.61845,-1.1988,-1.7217,-2.2217,-1.0265,-1.0009,-1.0087,0,-1.1199,-1.0058,-1.9151,-1.0007,-1.0092,-1.0008,-1.138,-0.8961,-1.0252,-1.3503,-1.3457,0.68594,-2.2208,-1.0301,-1.2275,-0.20358,-1.6184,-1.1246,-1.6352,-1.1315,-1.3558,-1.3436,0.68902
-1.0319,-1.1828,-0.61845,-1.1988,0.2544,-0.52043,-1.0053,-1.0008,-1.0087,0,-0.98659,-1.0058,0.084857,-0.99032,-1.0092,-1.0008,-1.138,-1.2366,-1.0643,-1.3503,-1.3457,-1.3141,-0.5008,-1.1701,-1.2275,-2.1642,-1.6735,-1.2446,-1.2952,-1.1315,-1.3558,-1.3436,-1.311
-1.0319,0.81721,-2.6184,-1.1988,-1.5931,-0.52043,-1.0259,-1.0009,-0.34205,0,-1.1199,-1.0058,-1.9151,-1.0007,-1.0092,-1.0008,-1.138,-1.2444,-1.0643,-1.3503,-1.3457,-1.3141,-0.5008,-1.1701,0.11245,-2.2036,-1.6341,-1.2446,0.36478,-0.031485,-1.3558,-1.3436,-1.311
0.96813,-1.1828,-0.61845,-1.1988,-0.66215,-2.457,-1.0265,-1.0009,-1.0087,0,-1.1199,-1.0058,-1.9151,-1.0007,-1.0092,-1.0008,-1.138,-1.2405,-1.0682,-1.3503,-1.3457,0.68594,-0.5008,-1.1701,-1.2275,-1.2508,-1.705,-1.1846,-1.5952,-1.1315,-1.3558,-1.3436,0.68902
-1.0319,-1.1828,-0.61845,-1.1988,-1.7194,-2.2217,-1.0265,-1.0009,-1.0087,0,-1.1199,-1.0058,-1.9151,-1.0007,-1.0092,-1.0008,-1.138,-0.96655,-1.0526,-1.3503,-1.3457,0.68594,-2.3408,-1.0101,-1.2275,-0.20358,-1.6735,-1.1246,-1.6352,-1.1315,-1.3558,-1.3436,0.68902
-1.0319,0.81721,-2.6184,-1.1988,-1.5183,-0.52043,-1.0265,-1.0009,-1.0087,0,-1.1199,-1.0058,-1.9151,-1.0007,-1.0092,-1.0008,-1.138,-1.2444,-1.0722,-1.3503,-1.3457,-1.3141,-0.5008,-1.1701,-1.2275,-2.1957,0.21626,-1.2446,0.36478,-0.63149,-1.3558,-1.3436,-1.311
-1.0319,-1.1828,-0.61845,-1.1988,-0.66215,-2.457,-1.0265,-1.0009,-1.0087,0,-1.1199,-1.0058,-1.9151,-1.0007,-1.0092,-1.0008,-1.138,-1.2444,-1.0722,-1.3503,-1.3457,0.68594,-0.5008,-1.1701,-1.2275,-0.8335,-1.7129,-1.1046,-1.5552,-1.1315,-1.3558,-1.3436,0.68902
-1.0319,-1.1828,-0.61845,-1.1988,-1.4056,-0.52043,-1.0264,-1.0009,-1.0087,0,-1.1199,-1.0058,0.084857,-1.0007,-1.0092,-1.0008,-1.138,-1.2444,-1.0722,-1.3503,-1.3457,-1.3141,-0.5008,-1.1701,-1.2275,-0.20358,-1.3192,-1.1846,-1.2352,-1.1315,-1.3558,-1.3436,-1.311
-1.0319,-1.1828,-0.61845,-1.1988,0.2544,-1.591,-1.0265,-1.0009,-1.0087,0,-1.1199,-1.0058,-1.9151,-1.0007,-1.0092,-1.0008,-1.138,-0.72389,-1.0722,-1.3103,0.65434,0.64594,-2.4808,-0.010149,-1.2275,-0.20358,-1.7129,-0.62465,-0.57522,-1.1315,-1.3358,0.65639,-1.311
-1.0319,-1.1828,-0.61845,-1.1988,-1.6587,-0.52043,-1.0265,-1.0009,-1.0087,0,-1.1199,-1.0058,0.084857,-1.0007,-1.0092,-1.0008,0.862,-1.2444,-1.0722,-1.3503,-1.3457,-1.3141,-0.5008,-1.1701,-1.2275,-0.20358,-1.7129,-1.1446,-1.6352,-1.1315,-0.57581,-1.3436,-1.311
-1.0319,0.81721,-2.6184,-1.1988,-1.5183,-0.52043,-1.0265,-1.0009,-1.0087,0,-1.1199,-1.0058,-1.9151,-1.0007,-1.0092,-1.0008,-1.138,-1.2444,-1.0722,-1.3503,-1.3457,-1.3141,-0.5008,-1.1701,-1.2275,-2.1957,0.28713,-1.2446,0.36478,-0.63149,-1.3558,-1.3436,-1.311
-1.0319,-1.1828,-0.61845,-1.1988,-0.66215,-2.2217,-1.0265,-1.0009,-1.0087,0,-1.1199,-1.0058,-1.9151,-1.0007,-1.0092,-1.0008,-1.138,-1.2131,-1.0722,-1.3503,-1.3457,0.68594,-2.2808,-0.050149,-1.2275,-0.80201,-1.7129,-1.1646,-1.5352,-1.1315,-1.3358,-1.3436,0.68902
-1.0319,0.81721,-2.6184,-1.1988,-1.5931,-0.52043,-1.0259,-1.0009,-0.34205,0,-1.1199,-1.0058,-1.9151,-1.0007,-1.0092,-1.0008,-1.138,-1.2405,-1.0604,-1.3503,-1.3457,-1.3141,-0.5008,-1.1701,-0.22755,-2.1957,-0.53177,-1.2446,0.36478,-0.85149,-1.3558,-1.3436,-1.311
-1.0319,-1.1828,-0.61845,-1.1988,0.2544,-2.457,-1.0053,-1.0008,-1.0087,0,-1.0533,-1.0058,0.084857,-1.0007,-1.0092,-1.0008,-1.138,-1.2249,-1.0487,-1.3503,-1.3457,-0.97406,-0.5008,-1.1701,-0.64755,-0.20358,0.28713,-1.2446,-1.6352,-1.1315,-1.3558,-1.3436,-1.211
-1.0319,-1.1828,-0.61845,-1.1988,-1.4056,-0.52043,-1.0264,-1.0009,-1.0087,0,-1.1199,-1.0058,0.084857,-1.0007,-1.0092,-1.0008,-1.138,-1.2444,-1.0722,-1.3503,-1.3457,-1.3141,-0.5008,-1.1701,-1.2275,-0.20358,-1.3192,-1.1846,-1.2352,-1.1315,-1.3558,-1.3436,-1.311
-1.0319,-1.1828,-0.61845,-1.1988,-1.629,-1.591,-1.0265,-1.0009,-1.0087,0,-1.1199,-1.0058,-1.9151,-1.0007,-1.0092,-1.0008,-1.138,-1.2288,-1.0604,0.24965,0.65434,-1.3141,-0.9008,-0.37015,-1.2275,-2.18,-1.6814,-1.2446,-1.1352,-0.33149,0.64419,0.25639,-1.311
-1.0319,-1.1828,-0.61845,-1.1988,-0.66215,-2.457,-1.0265,-1.0009,-1.0087,0,-1.1199,-1.0058,-1.9151,-1.0007,-1.0092,-1.0008,-1.138,-1.2444,-1.0722,-1.3503,-1.3457,0.68594,-0.5008,-1.1701,-1.2275,-1.4004,-1.7129,-1.0646,-1.5352,-1.1315,-1.3558,-1.3436,0.68902
-1.0316,-1.1828,-0.61845,-1.1988,0.2544,-0.52043,-1.0265,-1.0008,-1.0087,0,-0.98659,-1.0058,0.084857,-1.0007,0.9908,-1.0008,-1.138,-1.2444,-1.0722,-1.3503,-1.3457,-1.3141,-0.5008,-1.1701,-1.2275,-0.20358,0.23989,-1.2246,-1.6352,-1.1315,-1.3558,-1.3436,-1.311
-1.0179,-1.1828,-0.61845,-1.1988,-1.629,-0.52043,-1.0265,-1.0009,-1.0087,0,-1.1199,-1.0058,-1.9151,-1.0007,-1.0092,-1.0008,-1.138,-1.2444,-1.0722,-1.3503,-1.3457,-1.3141,-0.5008,-1.1701,-1.2275,-0.20358,-1.3428,-1.2046,-1.6352,-1.1315,-0.91581,-0.72361,-1.311
-1.0319,-1.1828,-0.61845,-1.1988,-1.7145,-2.2217,-1.0265,-1.0009,-1.0087,0,-1.1199,-1.0058,-1.9151,-1.0007,-1.0092,-1.0008,-1.138,-0.99786,-1.0643,-1.3503,-1.3457,0.68594,-2.4008,-0.99015,-1.2275,-0.20358,-1.6971,-1.1046,-1.6352,-1.1315,-1.3558,-1.3436,0.68902
-1.0319,0.81721,-2.6184,-1.1988,-1.5931,-0.52043,-1.0263,-1.0009,-1.0087,0,-1.1199,-1.0058,-1.9151,-1.0007,-1.0092,-1.0008,-1.138,-1.1975,-1.0252,-1.3503,-1.3457,-1.3141,-0.5008,-1.1701,-1.2275,-0.20358,0.28713,-1.2446,0.36478,-1.1315,-1.3558,-1.3436,-1.311
-1.0319,-1.1828,-0.61845,-1.1988,0.2544,-0.52043,-1.0053,-1.0008,-1.0087,0,-0.98659,-1.0058,0.084857,-0.99032,-1.0092,-1.0008,-1.138,-1.2444,-1.0722,-1.3503,-1.3457,-1.3141,-0.5008,-1.1701,-1.2275,-1.9831,-1.4924,-1.2446,-1.5752,-1.1315,-1.3558,-1.3436,-1.311
-1.0319,-1.1828,-0.61845,-1.1988,-0.66215,-2.2217,-1.0265,-1.0009,-1.0087,0,-1.1199,-1.0058,-1.9151,-1.0007,-1.0092,-1.0008,-1.138,-1.1114,-1.0722,-1.3503,-1.3457,0.68594,-2.4408,-0.030149,-1.2275,-0.20358,-1.7129,-1.0646,-1.3552,-1.1315,-1.3558,-1.3436,0.68902
-1.0319,-1.1828,-0.61845,-1.1988,-0.66215,-2.457,-1.0265,-1.0009,-1.0087,0,-1.1199,-1.0058,-1.9151,-1.0007,-1.0092,-1.0008,-1.138,-1.2444,-1.0722,-1.3503,-1.3457,0.68594,-0.5008,-1.1701,-1.2275,-1.8178,-1.7129,-1.0446,-1.5552,-1.1315,-1.1158,-1.3436,0.68902
-1.0319,-1.1828,-0.61845,-1.1988,-1.7136,-2.5119,-1.0259,-0.99761,-1.0087,0,-1.1199,-1.0058,-1.9151,-1.0007,-1.0092,-1.0008,-1.138,-1.2444,-1.0722,0.64965,0.65434,-1.3141,-0.5008,-1.1701,-1.2275,-2.1248,-1.6341,-1.2446,-1.4552,-1.1315,-0.25581,-0.24361,-1.311
-1.0319,-1.1828,-0.61845,-1.1988,-1.4056,-0.52043,-1.0264,-1.0009,-1.0087,0,-1.1199,-1.0058,0.084857,-1.0007,-1.0092,-1.0008,-1.138,-1.2444,-1.0722,-1.3503,-1.3457,-1.3141,-0.5008,-1.1701,-1.2275,-0.20358,-1.3192,-1.1846,-1.2352,-1.1315,-1.3558,-1.3436,-1.311
-1.0319,-1.1828,-0.61845,-1.1988,-0.66215,-2.457,-1.0265,-1.0009,-1.0087,0,-1.1199,-1.0058,-1.9151,-1.0007,-1.0092,-1.0008,-1.138,-1.2444,-1.0722,-1.3503,-1.3457,0.68594,-0.5008,-1.1701,-1.2275,-1.8178,-1.7129,-1.0446,-1.5552,-1.1315,-1.1158,-1.3436,0.68902
-1.0317,-1.1828,-0.61845,-1.1988,-1.7418,-0.52043,-1.0265,-1.0009,-1.0087,0,-1.1199,-1.0058,0.084857,-1.0007,-1.0092,-1.0008,-1.138,-1.2444,-1.0722,-1.3503,-1.3457,-1.3141,-0.5008,-1.1701,-1.2275,-0.20358,-1.7129,-1.1646,-1.6352,-1.1315,-1.3558,-1.3436,-1.311
-1.0319,0.81721,-2.6184,-1.1988,-1.5931,-0.52043,-1.0263,-1.0009,-1.0087,0,-1.1199,-1.0058,-1.9151,-1.0007,-1.0092,-1.0008,-1.138,-0.84913,-0.67685,-1.3503,-1.3457,-1.3141,-0.5008,-1.1701,-1.2275,-0.20358,0.28713,-1.2446,0.36478,-1.1315,-1.3558,-1.3436,-1.311
-1.0319,-1.1828,-0.61845,-1.1988,-1.7309,-2.2217,-1.0265,-1.0009,-1.0087,0,-1.1199,-1.0058,-1.9151,-1.0007,-1.0092,-1.0008,-1.138,-0.88044,-1.0604,-1.3503,-1.3457,0.68594,-2.4208,-0.99015,-1.2275,-0.20358,-1.6892,-1.1246,-1.6352,-1.1315,-1.3558,-1.3436,0.68902
-1.0319,-1.1828,-0.61845,-1.1988,-0.66215,-2.2217,-1.0265,-1.0009,-1.0087,0,-1.1199,-1.0058,-1.9151,-1.0007,-1.0092,-1.0008,-1.138,-0.79434,-1.0213,-1.3503,-1.3457,0.68594,-2.2608,-1.0501,-1.2275,-2.0776,-1.6578,-1.0046,-1.5152,-1.1315,-1.3558,-1.3436,0.68902
-1.0319,-1.1828,-0.61845,-1.1988,-1.7414,-1.591,-1.0265,-1.0009,-1.0087,0,-1.1199,-1.0058,-1.9151,-1.0007,-1.0092,-1.0008,-1.138,-1.2288,-1.0682,0.64965,0.65434,-1.3141,-1.7008,0.42985,-1.2275,-0.20358,-1.6814,-1.0646,-1.6352,-1.1315,0.64419,0.65639,-1.311
-1.0319,-1.1828,-0.61845,-1.1988,-0.66215,-2.2217,-1.0265,-1.0009,-1.0087,0,-1.1199,-1.0058,-1.9151,-1.0007,-1.0092,-1.0008,-1.138,-1.2249,-1.0526,-1.3503,-1.3457,0.68594,-0.5008,-1.1701,-1.2275,-0.20358,-1.5318,-1.1446,-1.6352,-1.1315,-1.3558,-1.3436,0.68902
-1.0319,-1.1828,-0.61845,-1.1988,-1.7116,-2.2217,-1.0265,-1.0009,-1.0087,0,-1.1199,-1.0058,-1.9151,-1.0007,-1.0092,-1.0008,-1.138,-0.82956,-1.0174,-1.3503,-1.3457,0.68594,-2.2208,-1.0301,-1.2275,-0.20358,-1.6971,-1.1046,-1.6352,-1.1315,-1.3558,-1.3436,0.68902
-1.0179,-1.1828,-0.61845,-1.1988,-1.629,-0.52043,-1.0265,-1.0009,-1.0087,0,-1.1199,-1.0058,-1.9151,-1.0007,-1.0092,-1.0008,-1.138,-1.2444,-1.0722,-1.3503,-1.3457,-1.3141,-0.5008,-1.1701,-1.2275,-0.20358,-1.3428,-1.2046,-1.6352,-1.1315,-0.91581,-0.72361,-1.311
-1.0319,-1.1828,-0.61845,-1.1988,-0.66215,-2.457,-1.0265,-1.0009,-1.0087,0,-1.1199,-1.0058,-1.9151,-1.0007,-1.0092,-1.0008,-1.138,-1.2444,-1.0722,-1.3503,-1.3457,0.68594,-0.5008,-1.1701,-1.2275,-0.79413,-1.7129,-1.0646,-1.4952,-1.1315,-1.3558,-1.3436,0.68902
-1.0319,0.81721,-2.6184,-1.1988,-1.5183,-0.52043,-1.0265,-1.0009,-1.0087,0,-1.1199,-1.0058,-1.9151,-1.0007,-1.0092,-1.0008,-1.138,-1.2444,-0.88038,-1.3503,-1.3457,-1.3141,-0.5008,-1.1701,0.77245,-2.1878,0.27926,0.095354,-0.29522,-0.63149,-0.69581,-1.3436,-1.311
-1.0319,0.81721,-2.6184,-1.1988,-1.5183,-0.52043,-1.0265,-1.0009,-1.0087,0,-1.1199,-1.0058,-1.9151,-1.0007,-1.0092,-1.0008,-1.138,-1.2444,-1.0722,-1.3503,-1.3457,-1.3141,-0.5008,-1.1701,-1.2275,-2.2036,0.27138,-1.2446,0.36478,-0.63149,-1.3558,-1.3436,-1.311
-1.0319,0.81721,-2.6184,-1.1988,-1.5931,-0.52043,-1.0263,-1.0009,-1.0087,0,-1.1199,-1.0058,-1.9151,-1.0007,-1.0092,-1.0008,-1.138,-0.95481,-0.78253,-1.3503,-1.3457,-1.3141,-0.5008,-1.1701,-1.2275,-0.20358,0.28713,-1.2446,0.36478,-1.1315,-1.3558,-1.3436,-1.311
-1.0319,0.81721,-2.6184,-1.1988,-1.5183,-0.52043,-1.0265,-1.0009,-1.0087,0,-1.1199,-1.0058,-1.9151,-1.0007,-1.0092,-1.0008,-1.138,-1.2444,-0.87646,-1.3503,-1.3457,-1.3141,-0.5008,-1.1701,0.77245,-2.18,0.28713,-1.2446,0.36478,-0.63149,-1.3558,-1.3436,-1.311
-1.0318,-1.1828,-0.61845,-1.1988,-0.66215,-2.457,-1.0265,-1.0009,-1.0087,0,-1.1199,-1.0058,-1.9151,-1.0007,-1.0092,-1.0008,-1.138,-1.127,-1.0682,-1.3503,-1.3457,0.68594,-2.3808,-0.13015,-1.2275,-0.62878,-1.705,-1.0646,-1.3352,-1.1315,-1.3358,-1.3436,0.68902
-1.0318,-1.1828,-0.61845,-1.1988,-0.66215,-2.5189,-1.0265,-1.0009,-1.0087,0,-1.1199,-1.0058,-1.9151,-1.0007,-1.0092,-1.0008,-1.138,-0.71997,-1.0682,0.10965,-0.34566,-0.77406,-2.4808,-0.45015,-1.2275,-0.20358,-1.705,-0.86465,-0.57522,-1.1315,-0.59581,-0.34361,-0.31098
-1.0304,-1.1828,-0.61845,-1.1988,-1.7136,-0.52043,-1.026,-1.0008,-1.0087,0,-1.1199,-1.0058,0.084857,-0.83488,-1.0092,-0.83322,-1.138,-1.2444,-1.0722,-1.3503,-1.3457,-1.3141,-0.5008,-1.1701,-1.2275,-0.20358,-1.7129,-1.2246,-1.6352,-1.1315,-1.3558,-1.3436,-1.311
-1.0313,-1.1828,-0.61845,-1.1988,0.2544,-2.457,-1.0134,-1.0008,-1.0087,0,-1.0533,-1.0058,0.084857,-1.0007,-1.0092,-1.0008,-1.138,-1.2366,-1.0643,-1.3503,-1.3457,0.68594,-0.5008,-1.1701,-1.2275,-2.0855,-1.5948,-1.2446,-1.5152,-1.1315,-1.3558,-1.3436,-0.31098
-1.0314,-1.1828,-0.61845,-1.1988,-0.66215,-2.457,-1.0265,-1.0009,-1.0087,0,-1.1199,-1.0058,-1.9151,-1.0007,-1.0092,-1.0008,-1.138,-1.2444,-1.0722,-1.3503,-1.3457,0.68594,-0.5008,-1.1701,-1.2275,-0.20358,-1.7129,-1.2046,-1.6152,-1.1315,-1.3558,-1.3436,0.68902
-1.0319,0.81721,-2.6184,-1.1988,-1.5931,-0.52043,-1.0263,-1.0009,-1.0087,0,-1.1199,-1.0058,-1.9151,-1.0007,-1.0092,-1.0008,-1.138,-0.94698,-0.7747,-1.3503,-1.3457,-1.3141,-0.5008,-1.1701,-1.2275,-0.20358,0.28713,-1.2446,0.36478,-1.1315,-1.3558,-1.3436,-1.311
-1.0318,-1.1828,-0.61845,-1.1988,-0.66215,-2.5189,-1.0265,-1.0009,-1.0087,0,-1.1199,-1.0058,-1.9151,-1.0007,-1.0092,-1.0008,-1.138,-0.65735,-1.0682,0.049653,-0.34566,-0.71406,-2.4808,-0.41015,-1.2275,-0.20358,-1.705,-0.80465,-0.45522,-1.1315,-0.51581,-0.34361,-0.31098
-1.0319,-1.1828,-0.61845,-1.1988,0.2544,-0.52043,-1.0053,-1.0008,-1.0087,0,-0.98659,-1.0058,0.084857,-0.99032,-1.0092,-1.0008,-1.138,-1.2366,-1.0604,-1.3503,-1.3457,-1.3141,-0.5008,-1.1701,-0.22755,-1.7705,-1.2798,-1.2446,-1.5952,-1.1315,-1.3158,-1.3036,-1.271
-1.0319,-1.1828,-2.6184,0.80123,-0.66215,-0.52043,-1.0265,-1.0009,0.99128,0,-1.1199,-1.0058,-1.9151,-1.0007,-1.0092,-1.0008,-1.138,-1.221,-1.0487,-1.3503,-1.3457,-1.3141,-0.5008,-1.1701,-1.2275,-0.47917,-1.6656,0.23535,-1.5752,-1.1315,-1.2958,-1.3436,-1.311
-1.0319,-1.1828,-0.61845,-1.1988,-0.66215,-2.457,-1.0265,-1.0009,-1.0087,0,-1.1199,-1.0058,-1.9151,-1.0007,-1.0092,-1.0008,-1.138,-1.2444,-1.0722,-1.3503,-1.3457,0.68594,-0.5008,-1.1701,-1.2275,-0.20358,-1.7129,-0.98465,-1.3952,-1.1315,-1.3558,-1.3436,0.68902
-1.0319,-1.1828,-0.61845,-1.1988,-0.66215,-2.2217,-1.0265,-1.0009,-1.0087,0,-1.1199,-1.0058,-1.9151,-1.0007,-1.0092,-1.0008,-1.138,-1.2366,-1.0722,-1.3503,-1.3457,0.025941,-1.8408,0.82985,-1.2275,-0.20358,-1.7129,-1.0046,-1.5552,-1.1315,-0.37581,-1.3436,0.68902
-1.0319,-1.1828,-2.6184,0.80123,-1.5296,-0.52043,-1.0265,-1.0009,-1.0087,0,-1.1199,-1.0058,-1.9151,-1.0007,-1.0092,-1.0008,-1.138,-0.7004,-1.0722,-1.3503,-1.3457,-1.3141,-2.4808,-1.1501,-1.2275,-0.20358,-1.6341,-1.2046,-1.5552,-1.1315,-1.3558,-1.3436,-1.311
-1.0319,-1.1828,-0.61845,-1.1988,-1.629,-1.591,-1.0265,-1.0009,-1.0087,0,-1.1199,-1.0058,-1.9151,-1.0007,-1.0092,-1.0008,-1.138,-1.2366,-1.0682,-0.010347,0.65434,-1.3141,-1.1608,0.16985,-1.2275,-2.1957,-1.6971,-1.2446,-0.63522,0.20851,0.64419,-0.0036146,-1.311
-1.0319,-1.1828,-0.61845,-1.1988,0.2544,-0.52043,-1.0053,-1.0008,-1.0087,0,-0.98659,-1.0058,0.084857,-0.99032,-1.0092,-1.0008,-1.138,-1.2405,-1.0682,-1.3503,-1.3457,-1.3141,-0.5008,-1.1701,-1.2275,-1.9595,-1.4688,-1.2446,-1.5752,-1.1315,-1.2958,-1.2836,-1.251
-1.0319,-1.1828,-0.61845,-1.1988,-1.629,-1.591,-1.0265,-1.0009,-1.0087,0,-1.1199,-1.0058,-1.9151,-1.0007,-1.0092,-1.0008,-1.138,-1.2288,-1.0682,0.64965,0.65434,-1.3141,-1.7008,0.42985,-1.2275,-0.20358,-1.2404,-1.1646,-1.6352,-1.1315,0.64419,0.65639,-1.311
-1.0314,-1.1828,-0.61845,-1.1988,-0.66215,-0.52043,-1.0265,-1.0009,-1.0087,0,-1.1199,-1.0058,0.084857,-1.0007,-1.0092,-1.0008,-1.138,0.75165,-1.0722,-1.1703,-1.3457,0.48594,-2.5008,0.82985,-1.2275,-0.20358,-1.7129,0.75535,-1.6352,-1.1315,-1.0758,-1.3436,-1.311
-1.0319,-1.1828,-0.61845,-1.1988,-0.66215,-2.2217,-1.0265,-1.0009,-1.0087,0,-1.1199,-1.0058,-1.9151,-1.0007,-1.0092,-1.0008,-1.138,-1.1896,-1.0526,-1.3503,-1.3457,0.68594,-1.7008,-0.91015,-1.2275,-0.20358,-1.516,-1.1246,-1.6352,-1.1315,-1.3558,-1.3436,0.68902
-1.0317,-1.1828,-0.61845,-1.1988,-1.6587,-0.52043,-1.026,-1.0008,-1.0087,0,0.74675,-1.0058,0.084857,-1.0007,-1.0092,-1.0008,0.862,-1.2444,-1.0722,-1.3503,-1.3457,-1.3141,-0.5008,-1.1701,-1.2275,-0.20358,-1.4924,-1.2046,-1.6352,-1.1315,-1.1358,-1.3436,-1.311
-1.0319,-1.1828,-0.61845,-1.1988,-1.707,-2.48,-1.0265,-1.0009,-1.0087,0,-1.1199,-1.0058,-1.9151,-1.0007,-1.0092,-1.0008,-1.138,-0.79825,-1.033,-1.3503,-1.3457,0.68594,-2.3008,-1.0301,-1.2275,-0.20358,-1.6341,-1.1046,-1.6352,-1.1315,-1.3558,-1.3436,0.68902
-1.0319,-1.1828,-0.61845,-1.1988,0.2544,-0.52043,-1.0053,-1.0008,-1.0087,0,-0.98659,-1.0058,0.084857,-0.99032,-1.0092,-1.0008,-1.138,-1.2327,-1.0604,-1.3503,-1.3457,-1.3141,-0.5008,-1.1701,-1.2275,-1.9044,-1.4137,-1.2446,-1.5752,-1.1315,-1.2958,-1.2836,-1.251
-1.0319,-1.1828,-0.61845,-1.1988,-0.66215,-2.2217,-1.0265,-1.0009,-1.0087,0,-1.1199,-1.0058,-1.9151,-1.0007,-1.0092,-1.0008,-1.138,-0.84913,-1.0722,-1.3503,-1.3457,0.68594,-2.4808,-1.0301,-1.2275,-1.9989,-1.7129,-0.94465,-1.5552,-1.1315,-1.3558,-1.3436,0.68902
-1.0318,-1.1828,-0.61845,-1.1988,-0.66215,-2.5189,-1.0265,-1.0009,-1.0087,0,-1.1199,-1.0058,-1.9151,-1.0007,-1.0092,-1.0008,-1.138,-0.84522,-1.0643,0.14965,-0.0056628,-0.81406,-2.4408,-0.43015,-1.2275,-0.20358,-1.6971,-0.94465,-0.83522,-1.1315,-0.75581,-0.0036146,-0.65098
-1.0319,-1.1828,-0.61845,-1.1988,-1.629,-1.591,-1.0265,-1.0009,-1.0087,0,-1.1199,-1.0058,-1.9151,-1.0007,-1.0092,-1.0008,-1.138,-1.2444,-1.0722,0.64965,0.65434,-1.3141,-0.5008,-1.1701,-1.2275,-2.2036,-1.7129,-1.2446,0.36478,-1.1315,0.64419,0.65639,-1.311
-1.0319,-1.1828,-0.61845,-1.1988,-0.66215,-2.2217,-1.0265,-1.0009,-1.0087,0,-1.1199,-1.0058,-1.9151,-1.0007,-1.0092,-1.0008,-1.138,-0.80608,-1.0604,-1.3503,-1.3457,0.68594,-2.4208,-1.0101,-1.2275,-1.9122,-1.6892,-0.92465,-1.5752,-1.1315,-1.3558,-1.3436,0.68902
-1.0319,0.81721,-2.6184,-1.1988,-1.5183,-0.52043,-1.0265,-1.0009,-1.0087,0,-1.1199,-1.0058,-1.9151,-1.0007,-1.0092,-1.0008,-1.138,-1.2483,-1.0761,-1.3503,-1.3457,-1.3141,-2.5008,-1.1701,-1.2275,-2.2036,-1.39,-1.2446,0.36478,0.86851,-1.3558,-1.3436,-1.311
-1.0319,-1.1828,-2.6184,0.80123,-0.66215,-0.52043,-1.0265,-1.0009,-1.0087,0,-1.1199,-1.0058,-1.9151,-1.0007,-1.0092,-1.0008,-1.138,-1.0487,-1.0565,-1.3503,-1.3457,-1.3141,-2.3008,-0.97015,-1.2275,-0.20358,-1.6814,-1.2046,-1.5952,-1.1315,-1.3558,-1.3436,-1.311
-1.0319,0.81721,-2.6184,-1.1988,-1.5183,-0.52043,-1.0265,-1.0009,-1.0087,0,-1.1199,-1.0058,-1.9151,-1.0007,-1.0092,-1.0008,-1.138,-1.2444,-0.88429,-1.3503,-1.3457,-1.3141,-0.5008,-1.1701,0.77245,-2.1878,0.28713,-1.2446,0.36478,-0.63149,-1.3558,-1.3436,-1.311
