-0.54223,2.8024,-0.27759,-0.73354,0.25941,-0.13972,1.1039,-2.9985,-1.2074,-1.8494,-1.831,-1.2285,1.1161,-0.50893,0.69451,-0.86955
-2.8577,0.22438,-0.76123,-0.55248,-0.33096,-1.2461,-0.62626,-0.69598,-0.80462,-1.0609,-1.5779,-1.7796,1.2162,0.15213,1.5171,-0.58647
-0.019748,0.35379,-2.1773,0.9446,-1.9366,-0.13391,-0.75646,-0.60338,-1.9384,-1.9322,-3.515,-0.32611,0.40713,-1.0743,0.8606,-1.021
1.8417,-0.87784,1.149,0.92823,-0.14702,-0.77818,-0.39378,-0.85453,-0.81431,-1.7144,-2.0193,-1.3933,1.0567,-0.36515,0.9251,-0.7519
0.42352,0.21604,-1.8233,2.2009,-1.4447,-2.0351,0.026292,-0.87065,-1.9952,-1.4676,-1.8469,-0.79681,0.10957,-0.37612,0.7919,-0.86639
1.8417,-0.87784,1.149,0.92823,-0.14702,-0.77818,-0.39378,-0.85453,-0.81431,-1.7144,-2.0193,-1.3933,1.0567,-0.36515,0.9251,-0.7519
1.8417,-0.87784,1.149,0.92823,-0.14702,-0.77818,-0.39378,-0.85453,-0.81431,-1.7144,-2.0193,-1.3933,1.0567,-0.36515,0.9251,-0.7519
1.0698,-0.24726,-2.3072,1.9187,-1.033,-2.1982,0.14823,-0.94333,-0.73265,-1.2011,-1.4971,-1.6682,0.80902,0.21317,1.4659,-0.77072
2.4122,-0.20714,-3.6063,0.0053129,0.11781,0.77027,-0.54091,-1.0774,-1.0024,-1.5104,-1.5918,-1.0504,0.99519,-0.51073,1.9336,-0.74879
1.7659,-0.24438,0.60515,-0.56604,-0.1697,-1.0439,-0.46833,-1.655,-1.9965,-1.3934,-2.346,-1.6607,0.51932,-0.062016,0.37269,-0.79782
-2.8573,0.20761,-0.76307,-0.55456,-0.32937,-1.244,-0.62061,-0.69862,-0.80413,-1.0633,-1.5786,-1.7917,1.2207,0.15047,1.5182,-0.58604
0.94397,-0.25824,-2.1393,1.5163,-1.2583,-1.9579,0.23216,-1.5687,-2.3221,-1.4449,-2.1318,-1.6178,0.79652,0.34249,1.0888,-0.66093
-0.54223,2.8024,-0.27759,-0.73354,0.25941,-0.13972,1.1039,-2.9985,-1.2074,-1.8494,-1.831,-1.2285,1.1161,-0.50893,0.69451,-0.86955
0.5946,-0.24966,-1.9373,1.3626,-1.5499,-1.743,0.091295,-1.7484,-3.206,-1.6525,-2.5088,-1.5571,0.89568,0.31685,1.3476,-0.63818
-3.4857,-0.15602,-0.56065,0.03979,-0.89615,-1.0744,-2.0871,-1.5496,-1.079,-0.90377,-1.4373,0.14078,0.49055,-0.49198,0.83015,-1.3242
0.87735,-0.064422,-1.9829,2.1463,-1.0765,-2.0567,0.26975,-0.89681,-1.4533,-1.3394,-1.596,-1.1236,0.54295,-0.36033,1.0216,-0.82236
-0.82701,1.3658,-0.59334,-1.068,0.33556,-0.31582,1.1159,-2.8833,-1.4197,-1.6219,-1.7447,-0.96959,0.95296,-0.62305,0.58159,-0.89148
0.30806,-0.33542,-1.6993,2.1515,-1.8252,-1.736,0.17499,-1.1819,-2.4271,-1.9847,-2.3674,-1.7523,0.90126,0.26262,0.86658,-0.58396
2.2694,-0.19095,-3.3104,-0.075572,-0.10334,-0.089772,-0.2035,-1.4484,-0.64985,-0.80231,-2.9216,-0.91664,1.197,-1.2832,1.7766,-0.2785
-0.73097,0.22888,-1.7768,2.0152,-1.7644,-2.1349,-1.0799,-1.0077,-2.4736,-1.3052,-1.8233,-1.559,0.022834,-0.97513,1.0931,-0.83177
0.30711,-0.31842,-1.7334,1.9652,-1.8157,-1.7373,0.14658,-1.3007,-2.7439,-1.9391,-2.4463,-1.6961,0.89083,0.26456,0.92042,-0.57669
-3.0275,-2.3747,-0.82944,-0.48363,-0.83697,-0.71458,-0.10178,-1.3389,-1.405,-1.8187,-1.7513,-0.83055,1.8664,-0.43892,0.99576,-0.83871
0.82241,-0.61272,0.31705,-0.10716,-2.0077,-1.0668,-0.5596,-0.96403,-1.1225,-2.678,-2.2829,-1.3005,1.0329,-0.17542,1.2182,-0.69196
0.44059,-0.33523,-1.7713,2.1575,-1.6699,-1.7903,0.19012,-1.171,-2.174,-1.858,-2.2377,-1.6525,0.85194,0.27625,0.91577,-0.60234
1.8885,-0.69733,0.58589,-0.43113,-0.2378,-1.0544,-0.51093,-1.5527,-1.9259,-1.43,-2.3656,-1.6033,0.8156,0.13738,0.47565,-0.75254
-2.4463,2.8505,-0.029413,0.07073,-0.9731,-0.33901,-0.36987,-2.1816,-0.93837,-2.2407,-2.0247,-2.1685,0.61536,-0.58662,1.4858,-0.79204
-0.11088,-0.37751,-0.57568,0.35614,-2.054,-0.7767,-0.17488,-1.292,-1.6014,-2.7291,-2.729,-1.254,1.368,-0.025934,1.0628,-1.8077
-2.1555,-1.9577,-0.89709,-0.7929,-0.18621,-0.75926,-0.70451,-1.9953,-1.9009,-1.0225,-1.6712,-0.6235,2.3724,-0.30397,1.2265,-0.91135
0.7455,0.016694,-1.9341,2.1321,-1.1763,-2.0548,0.23038,-0.85171,-1.6613,-1.3826,-1.644,-1.062,0.46941,-0.48253,0.94692,-0.84423
1.1365,-0.17993,-3.1063,0.095278,-0.64494,0.25466,-0.86331,-0.74799,-2.1249,-1.4416,-2.2001,0.29676,0.80495,-0.51161,1.7371,-0.85754
-0.63196,0.37873,-1.7062,2.0666,-1.7847,-2.0931,-0.92348,-0.95576,-2.5728,-1.3649,-1.8574,-1.2691,-0.088,-1.0414,0.94589,-0.90606
2.2228,-0.41503,-0.34628,-1.5151,-0.33341,-1.8559,-0.41697,-0.89884,-1.4616,-0.9861,-2.0369,-1.9633,0.73726,0.3641,0.76928,-0.85899
-2.6906,-0.54209,-0.35167,-0.13618,-0.38992,-0.78294,-0.43924,-1.0971,-1.4238,-1.4524,-1.9227,-1.8889,1.785,0.03771,1.3392,-0.56686
1.1167,-0.25592,-2.3005,1.9569,-0.97615,-2.1839,0.15734,-0.97924,-0.65957,-1.1767,-1.4742,-1.6187,0.78813,0.23623,1.4641,-0.77389
-0.73567,0.24716,-1.6389,2.1508,-1.7714,-1.882,-1.4363,-1.5983,-2.3527,-1.3266,-1.8872,-2.4364,0.65866,-0.87956,1.0324,-0.95211
0.34926,-0.27422,-2.3015,0.78283,-1.9145,0.082112,-0.53784,-1.1265,-1.7938,-2.1568,-3.7906,-1.1883,1.2137,-0.22503,1.2124,-0.75057
2.0403,-0.38264,0.027828,-1.033,-0.12915,-0.83685,-0.65789,-1.2914,-2.1794,-1.5848,-1.6885,-1.8503,0.69844,0.56375,0.47126,-0.74647
0.65387,-0.33485,-1.8696,2.183,-1.4494,-1.8547,0.22352,-1.1744,-1.7779,-1.6943,-2.0598,-1.5683,0.791,0.31121,0.99514,-0.63379
-0.54223,2.8024,-0.27759,-0.73354,0.25941,-0.13972,1.1039,-2.9985,-1.2074,-1.8494,-1.831,-1.2285,1.1161,-0.50893,0.69451,-0.86955
-0.54171,2.8042,-0.28299,-0.74697,0.25804,-0.14257,1.1024,-3.0054,-1.2188,-1.8469,-1.8348,-1.2306,1.114,-0.50387,0.68952,-0.86919
-0.73567,0.24716,-1.6389,2.1508,-1.7714,-1.882,-1.4363,-1.5983,-2.3527,-1.3266,-1.8872,-2.4364,0.65866,-0.87956,1.0324,-0.95211
0.53097,-0.3344,-1.8127,2.174,-1.5749,-1.8141,0.17285,-1.1951,-1.987,-1.778,-2.1555,-1.6571,0.86342,0.30029,0.95051,-0.61847
0.7496,-0.24093,-2.0458,1.3399,-1.4276,-1.8363,0.14012,-1.6871,-2.8574,-1.5497,-2.3424,-1.5873,0.89672,0.3046,1.2752,-0.66408
1.8417,-0.87784,1.149,0.92823,-0.14702,-0.77818,-0.39378,-0.85453,-0.81431,-1.7144,-2.0193,-1.3933,1.0567,-0.36515,0.9251,-0.7519
-2.8221,0.097109,-0.66454,-0.46027,-0.34017,-1.1325,-0.58105,-0.80786,-0.92308,-1.1619,-1.6659,-1.8645,1.3467,0.16545,1.5046,-0.54727
0.49719,-0.59764,0.34665,-0.16291,-2.424,-0.95211,-0.6257,-1.1689,-1.4237,-2.9766,-2.4791,-1.2703,1.0013,-0.14703,1.1498,-0.65551
0.28019,-0.31861,-1.7189,1.9519,-1.8403,-1.7224,0.13859,-1.3189,-2.8267,-1.9572,-2.4814,-1.6989,0.89434,0.26553,0.92873,-0.57186
1.657,-0.31033,-2.7389,1.0766,-0.70487,-0.27427,-0.088097,-0.67988,0.53511,-1.4207,-2.5417,-1.1484,1.4519,-0.81435,1.6063,-0.98058
1.6585,-0.31031,-2.7381,1.0745,-0.70524,-0.27418,-0.085377,-0.67653,0.52933,-1.4222,-2.5403,-1.153,1.4592,-0.82441,1.6068,-0.98114
1.9018,-0.72727,0.70518,-0.13976,-0.22203,-0.99139,-0.49308,-1.4182,-1.7014,-1.4886,-2.2982,-1.5629,0.87092,0.044505,0.58068,-0.76075
-2.8714,-0.43694,-0.67813,-0.44544,-0.32303,-1.1006,-0.51419,-0.81445,-1.0236,-1.1893,-1.6904,-1.826,1.3593,0.069258,1.4689,-0.60301
-2.9641,-1.6066,-0.68713,-0.35384,-0.85024,-0.71436,-0.59601,-1.432,-1.3833,-1.6224,-1.6629,-0.82016,2.499,-0.35342,0.88543,-0.90897
-0.19497,-0.71866,-0.56212,0.37921,-1.6733,-0.70661,-0.012322,-1.3588,-1.3978,-2.5966,-2.5408,-1.1217,1.3963,-0.19122,1.0192,-1.79
0.49719,-0.59764,0.34665,-0.16291,-2.424,-0.95211,-0.6257,-1.1689,-1.4237,-2.9766,-2.4791,-1.2703,1.0013,-0.14703,1.1498,-0.65551
0.54773,0.12724,-1.8567,2.1165,-1.3281,-2.0448,0.17284,-0.79072,-1.9749,-1.4543,-1.7241,-0.97925,0.37047,-0.65116,0.84459,-0.87181
1.1694,0.025715,-3.0946,-0.29552,-1.2323,-0.33029,-0.62589,-1.3172,-1.9671,-1.2575,-3.4573,-0.58156,0.96545,-0.62918,1.0256,-0.4764
-2.4482,2.847,-0.028115,0.060455,-0.98355,-0.33779,-0.35458,-2.1662,-0.97089,-2.2563,-2.0285,-2.2142,0.65607,-0.62893,1.5009,-0.79133
1.8785,-0.67969,0.54071,-0.53663,-0.23978,-1.0797,-0.51428,-1.5951,-1.9948,-1.4061,-2.3842,-1.6175,0.78728,0.16702,0.44009,-0.75074
1.2047,-0.26001,-2.284,1.9567,-0.94166,-2.1661,0.25893,-0.94265,-0.68751,-1.1997,-1.4517,-1.6034,0.87148,0.13764,1.4539,-0.7851
1.6207,-0.31081,-2.7589,1.1291,-0.69564,-0.27658,-0.1561,-0.76365,0.67939,-1.3826,-2.5753,-1.0335,1.2687,-0.56285,1.5944,-0.9665
-0.55402,0.34451,-1.716,2.0766,-1.7419,-2.0813,-0.85622,-0.96438,-2.5023,-1.3699,-1.8487,-1.2681,-0.069571,-0.99727,0.96748,-0.89896
0.62759,-0.33656,-1.856,2.1845,-1.4757,-1.8406,0.19744,-1.1978,-1.8132,-1.7102,-2.0809,-1.6215,0.82427,0.31619,0.99126,-0.63149
0.43261,-0.33412,-1.7697,2.1432,-1.6792,-1.7872,0.1877,-1.1803,-2.2118,-1.8631,-2.2513,-1.6568,0.85495,0.27547,0.91542,-0.60074
0.19516,-0.30176,-2.199,1.0736,-2.081,0.095462,-0.5104,-0.86522,-1.4765,-2.3284,-3.7424,-1.3171,1.27,-0.26755,1.0449,-0.74115
-0.26347,0.065338,-1.9775,1.8598,-1.7314,-2.1148,-0.75574,-1.1204,-2.0054,-1.4229,-1.8666,-2.3377,0.484,-0.54158,1.2976,-0.83059
0.09134,0.19217,-1.6707,2.027,-1.7893,-1.7533,0.18495,-1.1411,-2.3929,-1.9283,-2.2107,-1.7155,0.21017,-0.50796,0.79243,-0.95022
1.9454,-0.65841,0.44365,-0.70943,-0.28154,-1.1482,-0.54203,-1.6357,-2.1027,-1.3682,-2.4215,-1.661,0.79717,0.25158,0.41391,-0.75253
-3.0784,-2.2719,-0.80262,-0.4122,-0.8089,-0.76395,-0.60591,-1.3845,-1.3845,-1.5311,-1.5642,-0.64057,2.4375,-0.44433,0.87283,-0.8872
-2.3818,2.8406,-0.019198,0.081751,-0.94164,-0.32177,-0.29152,-2.1731,-0.93004,-2.2574,-2.0273,-2.1628,0.64255,-0.59302,1.4739,-0.79614
-2.8378,-1.6164,-1.0103,-0.50839,-0.98084,-0.98727,-0.64348,-1.3644,-0.99509,-1.6399,-1.6564,-1.4631,1.4352,-0.49274,1.4584,-0.9993
-2.4562,2.8886,-0.01062,0.046742,-0.91217,-0.30148,-0.21914,-2.1683,-0.93235,-2.2651,-2.0051,-2.1675,0.70117,-0.58322,1.5054,-0.71674
1.6295,-0.31069,-2.7541,1.1165,-0.69786,-0.27603,-0.13978,-0.74354,0.64476,-1.3917,-2.5672,-1.0611,1.3127,-0.62321,1.5973,-0.96988
-0.54673,2.7804,-0.2922,-0.7636,0.25842,-0.14631,1.1031,-3.0098,-1.2305,-1.8436,-1.8381,-1.229,1.1209,-0.49221,0.68465,-0.86557
1.0194,-0.23518,-2.3149,1.8827,-1.0904,-2.2159,0.13255,-0.90484,-0.80374,-1.2206,-1.519,-1.6999,0.8203,0.1968,1.4657,-0.767
-1.1175,-1.5474,-1.6078,-1.3546,-0.34904,0.28539,0.17462,-1.4497,-2.8974,-2.3772,-1.0594,-0.48943,1.0191,0.21197,1.381,-0.81896
-2.9916,-2.4762,-0.7681,-0.2771,-0.43434,-0.67103,-0.45565,-1.6258,-1.054,-1.5301,-1.5006,-1.1452,1.9248,-0.70302,1.1894,-0.85089
0.88087,-0.25318,-2.111,1.468,-1.3187,-1.9299,0.21006,-1.6108,-2.5368,-1.4821,-2.2147,-1.6173,0.80561,0.33946,1.1012,-0.64967
-2.3154,2.844,-0.012611,0.095851,-0.92077,-0.3084,-0.22783,-2.1619,-0.91498,-2.2655,-2.0195,-2.0899,0.67983,-0.58635,1.4511,-0.80326
0.60834,-0.33356,-1.8071,2.1282,-1.5581,-1.8159,0.27763,-1.1145,-2.0694,-1.8128,-2.1168,-1.7521,0.98992,0.081012,0.9747,-0.63589
1.8938,-0.72897,0.67405,-0.21749,-0.22472,-1.0064,-0.49688,-1.4557,-1.7637,-1.4735,-2.3169,-1.5714,0.85851,0.070648,0.55096,-0.75701
-2.4416,2.8378,-0.022845,0.06392,-0.97119,-0.33209,-0.33939,-2.1694,-0.96664,-2.26,-2.0398,-2.2478,0.6432,-0.61414,1.503,-0.79051
-0.54696,2.7812,-0.29517,-0.76962,0.25785,-0.14776,1.1015,-3.0144,-1.2343,-1.8418,-1.8404,-1.2285,1.1174,-0.48633,0.682,-0.8652
0.81848,-0.023992,-1.9613,2.1408,-1.1188,-2.0575,0.25102,-0.87473,-1.544,-1.3555,-1.6143,-1.0893,0.50376,-0.41992,0.98799,-0.83431
-2.8519,-1.5983,-1.0085,-0.50737,-0.99193,-0.98977,-0.66677,-1.367,-1.002,-1.6403,-1.6607,-1.4898,1.4326,-0.49832,1.476,-0.9995
1.9129,-0.6159,0.49892,-0.63474,-0.26212,-1.1087,-0.53323,-1.6416,-2.0752,-1.3874,-2.4129,-1.646,0.76554,0.19914,0.4115,-0.75622
-2.5003,2.8896,-0.011661,0.041234,-0.91864,-0.31341,-0.27923,-2.1742,-0.94293,-2.2451,-2.0052,-2.2135,0.69286,-0.58368,1.5106,-0.71366
-2.7581,-2.3695,-0.80818,-0.47419,-0.80159,-0.66151,0.31546,-1.2267,-1.4054,-1.9445,-1.8064,-0.53942,1.8295,-0.35099,0.89001,-0.85647
0.074794,0.19905,-1.6641,2.0238,-1.8034,-1.7497,0.18374,-1.141,-2.4194,-1.9388,-2.2206,-1.7226,0.20437,-0.52065,0.7825,-0.95266
-2.8594,-0.56132,-0.7171,-0.41735,-0.86525,-0.76756,-0.45405,-1.4929,-1.0178,-1.6908,-1.6829,-1.6082,1.765,-0.19987,1.5529,-0.57621
1.6464,-0.31047,-2.7447,1.092,-0.70217,-0.27495,-0.10804,-0.70445,0.57743,-1.4095,-2.5515,-1.1147,1.3981,-0.74057,1.6028,-0.97645
0.5206,-0.61599,0.36852,-0.14107,-2.3759,-0.96204,-0.62941,-1.1238,-1.4404,-2.941,-2.4873,-1.2777,1.0226,-0.1066,1.1423,-0.64397
1.8056,-0.87027,1.1407,0.90493,-0.19053,-0.78916,-0.40274,-0.83638,-0.85117,-1.7303,-2.0432,-1.4081,1.0482,-0.34333,0.91872,-0.74792
0.11506,-0.11382,-2.1597,1.1018,-2.0464,0.0051673,-0.61468,-0.68489,-1.6069,-2.1964,-3.6641,-0.95614,1.0476,-0.48825,0.94391,-0.804
-0.54171,2.8042,-0.28299,-0.74697,0.25804,-0.14257,1.1024,-3.0054,-1.2188,-1.8469,-1.8348,-1.2306,1.114,-0.50387,0.68952,-0.86919
1.771,-0.21752,0.55505,-0.69185,-0.16428,-1.0505,-0.43515,-1.7048,-2.0329,-1.386,-2.3781,-1.6976,0.76708,0.22229,0.41341,-0.64997
1.8417,-0.87784,1.149,0.92823,-0.14702,-0.77818,-0.39378,-0.85453,-0.81431,-1.7144,-2.0193,-1.3933,1.0567,-0.36515,0.9251,-0.7519
-0.54696,2.7812,-0.29517,-0.76962,0.25785,-0.14776,1.1015,-3.0144,-1.2343,-1.8418,-1.8404,-1.2285,1.1174,-0.48633,0.682,-0.8652
0.62375,-0.24682,-1.9592,1.3537,-1.5277,-1.7619,0.099839,-1.7372,-3.1461,-1.6321,-2.4781,-1.5619,0.89631,0.31341,1.3323,-0.64304
0.42525,-0.27264,-2.3244,0.67835,-1.8126,0.078171,-0.53826,-1.2115,-1.9287,-2.0735,-3.8306,-1.2073,1.1892,-0.17719,1.279,-0.75572
1.9057,-0.71415,0.66463,-0.24048,-0.23233,-1.0127,-0.50395,-1.4703,-1.787,-1.4698,-2.3268,-1.5781,0.85494,0.082426,0.54327,-0.75807
-2.3178,2.863,-0.029488,0.059211,-0.99795,-0.31498,-0.16056,-2.1182,-0.9643,-2.3209,-2.063,-2.0179,0.66892,-0.52833,1.4174,-0.80092
0.78453,-0.24082,-2.0637,1.3456,-1.3965,-1.8524,0.14981,-1.6776,-2.7752,-1.5275,-2.3039,-1.5872,0.8962,0.30028,1.2537,-0.66938
-2.292,2.8441,-0.010623,0.10173,-0.91002,-0.30374,-0.20655,-2.1622,-0.90352,-2.2665,-2.017,-2.0639,0.68211,-0.57765,1.4401,-0.8054
0.7962,-0.23856,-2.0758,1.3449,-1.3884,-1.8643,0.15387,-1.6623,-2.7373,-1.5178,-2.2873,-1.5885,0.89409,0.30107,1.2559,-0.67216
1.1236,-0.25756,-2.301,1.9633,-0.97329,-2.1807,0.17201,-0.98217,-0.64567,-1.1811,-1.4812,-1.5997,0.76259,0.26147,1.4657,-0.77273
0.66719,-0.26782,-1.954,1.3832,-1.4885,-1.7482,0.13102,-1.7566,-3.0574,-1.6366,-2.4464,-1.6195,0.92694,0.29085,1.2965,-0.64765
1.2566,-0.27138,-2.2754,1.9949,-0.88209,-2.1492,0.28154,-0.97434,-0.61807,-1.1814,-1.4295,-1.56,0.84714,0.14837,1.4601,-0.78827
0.54751,-0.33578,-1.8187,2.1758,-1.5579,-1.8212,0.20655,-1.1721,-1.9702,-1.7759,-2.1477,-1.6074,0.81979,0.29493,0.95897,-0.61813
1.9347,-0.67372,0.49251,-0.62674,-0.27412,-1.1132,-0.53896,-1.6286,-2.0766,-1.3918,-2.4172,-1.6441,0.81065,0.22299,0.42392,-0.75081
-1.5678,2.8052,0.28363,0.16117,-0.60627,-0.31705,0.81868,-1.207,-1.5422,-2.3303,-2.4371,-1.7621,1.0263,-0.0029724,0.93128,-0.79051
-0.82701,1.3658,-0.59334,-1.068,0.33556,-0.31582,1.1159,-2.8833,-1.4197,-1.6219,-1.7447,-0.96959,0.95296,-0.62305,0.58159,-0.89148
0.3303,0.22144,-1.7879,2.1835,-1.5312,-2.0162,0.013315,-0.86072,-2.1537,-1.5277,-1.9099,-0.82113,0.12346,-0.40608,0.74661,-0.85704
0.3303,0.22144,-1.7879,2.1835,-1.5312,-2.0162,0.013315,-0.86072,-2.1537,-1.5277,-1.9099,-0.82113,0.12346,-0.40608,0.74661,-0.85704
-3.1835,-2.3525,-0.83131,-0.46152,-0.83802,-0.7551,-0.45464,-1.4088,-1.3931,-1.6733,-1.6673,-0.92736,2.0162,-0.50233,1.0379,-0.84107
-2.5161,0.045517,-0.19525,-0.024749,-0.44492,-0.67724,-0.45102,-1.1988,-1.4766,-1.542,-1.9984,-1.9164,2.032,0.17156,1.2883,-0.5049
0.74813,-0.26515,-2.0069,1.3683,-1.4274,-1.7931,0.16189,-1.7233,-2.8908,-1.5894,-2.3621,-1.6488,0.94082,0.26965,1.2618,-0.66153
0.67958,0.046125,-1.9055,2.1307,-1.2284,-2.0466,0.21221,-0.83582,-1.7669,-1.4111,-1.6761,-1.0409,0.44401,-0.52896,0.91926,-0.84993
-3.5582,-0.44698,-0.60029,-0.0033589,-0.86901,-1.0765,-2.0625,-1.521,-1.0782,-0.89257,-1.4383,0.18276,0.68204,-0.32084,0.85101,-1.2017
0.62826,-0.33553,-1.8561,2.184,-1.4744,-1.8454,0.21901,-1.1746,-1.8231,-1.7138,-2.0813,-1.5755,0.79671,0.30832,0.98963,-0.62998
-3.2796,0.29924,-0.25831,0.272,-0.52984,-1.1394,-2.1434,-1.194,-1.3183,-0.63752,-1.6035,-0.19566,0.26303,-0.39545,0.68709,-1.439
1.6377,-0.31059,-2.7495,1.1046,-0.69995,-0.2755,-0.12436,-0.72456,0.61206,-1.4004,-2.5596,-1.0871,1.3542,-0.68022,1.6,-0.97307
-2.8857,-2.4599,-0.75406,-0.27778,-0.43424,-0.65795,-0.30237,-1.5521,-1.0852,-1.5696,-1.5328,-1.0066,1.9558,-0.63602,1.1173,-0.86177
-2.9002,-2.3675,-0.6755,-0.19177,-0.33446,-0.72112,-0.70167,-1.4672,-1.1575,-1.2708,-1.4286,-0.89011,2.4305,-0.56378,0.95222,-0.90527
0.39066,-0.32513,-1.7618,2.0716,-1.7267,-1.7751,0.17172,-1.2204,-2.4044,-1.8849,-2.3172,-1.6654,0.86767,0.26822,0.91219,-0.59274
-2.9112,-0.53413,-0.82931,-0.51799,-0.86142,-0.853,-0.44946,-1.4522,-0.89226,-1.6912,-1.6232,-1.5551,1.6773,-0.19799,1.5993,-0.56911
-2.5151,2.8913,-0.016432,0.033387,-0.93596,-0.3164,-0.2796,-2.168,-0.9563,-2.2557,-2.0069,-2.2158,0.68664,-0.60187,1.5256,-0.71151
-2.8465,0.1893,-0.74796,-0.54001,-0.33238,-1.2254,-0.60756,-0.71516,-0.82188,-1.0839,-1.5965,-1.8077,1.2434,0.16172,1.5207,-0.57568
1.2343,-0.26644,-2.28,1.9781,-0.9028,-2.1579,0.26134,-0.96772,-0.64299,-1.1822,-1.4328,-1.5833,0.86438,0.13949,1.4496,-0.7873
0.7533,-0.24019,-2.0316,1.1952,-1.4076,-1.7765,0.10996,-1.8915,-3.2294,-1.5328,-2.4701,-1.5496,0.88646,0.32827,1.3674,-0.65393
0.074794,0.19905,-1.6641,2.0238,-1.8034,-1.7497,0.18374,-1.141,-2.4194,-1.9388,-2.2206,-1.7226,0.20437,-0.52065,0.7825,-0.95266
0.42745,-0.27104,-2.3301,0.67812,-1.8123,0.072166,-0.53698,-1.2007,-1.9133,-2.0703,-3.8247,-1.2079,1.1874,-0.17554,1.2856,-0.75688
-2.8465,0.1893,-0.74796,-0.54001,-0.33238,-1.2254,-0.60756,-0.71516,-0.82188,-1.0839,-1.5965,-1.8077,1.2434,0.16172,1.5207,-0.57568
-0.73053,0.14164,-1.5793,2.1861,-1.725,-1.7484,-0.97621,-1.7041,-2.3527,-1.6169,-2.0873,-2.6413,-0.071546,-0.92762,1.1417,-0.92201
0.49719,-0.59764,0.34665,-0.16291,-2.424,-0.95211,-0.6257,-1.1689,-1.4237,-2.9766,-2.4791,-1.2703,1.0013,-0.14703,1.1498,-0.65551
0.56331,-0.30668,-1.8422,1.774,-1.591,-1.7472,0.18486,-1.4132,-2.5371,-1.7836,-2.2969,-1.7148,1.0072,0.17794,1.1219,-0.64912
1.8859,-0.70607,0.61292,-0.36398,-0.23094,-1.0402,-0.50368,-1.5179,-1.8688,-1.4426,-2.3465,-1.5932,0.82625,0.1121,0.50059,-0.75433
2.0089,-0.036314,-4.0685,-0.85246,-0.52058,0.54976,-0.72191,-1.0876,-1.5721,-1.6376,-1.9774,-1.4991,0.81247,-0.37182,0.51253,-0.29579
-3.2683,0.35326,-0.24579,0.25659,-0.52726,-1.1335,-2.088,-1.1639,-1.3721,-0.66201,-1.5942,-0.24239,0.30889,-0.5204,0.68302,-1.4552
-2.4034,2.8507,-0.024239,0.072326,-0.96303,-0.33173,-0.31589,-2.1609,-0.95175,-2.2548,-2.0212,-2.1493,0.65833,-0.61488,1.4773,-0.79562
1.2132,-0.26156,-2.2837,1.9601,-0.93152,-2.1646,0.26009,-0.94998,-0.67653,-1.1951,-1.4461,-1.6002,0.8711,0.13669,1.4478,-0.78569
-1.3382,-1.7397,-0.88928,-1.2424,0.58189,-1.2822,0.55134,-0.61397,-2.7619,-0.65265,-2.1357,-0.30645,0.93931,0.15198,0.93845,-1.0458
0.20967,-0.30702,-2.1688,1.1014,-2.032,0.098406,-0.51178,-0.84477,-1.495,-2.3007,-3.7514,-1.3321,1.2636,-0.25723,1.0273,-0.74149
1.4811,-0.29364,-2.6669,1.0657,-0.87151,-0.2304,-0.12692,-0.6841,0.25811,-1.5352,-2.6757,-1.1828,1.4447,-0.8218,1.5318,-0.96327
1.7324,-0.088556,-3.4229,-0.62327,-0.88617,-0.64887,-0.24525,-1.53,-0.97552,-1.1136,-3.0259,-1.4412,1.2024,-0.22762,0.94595,-0.92742
-2.6268,-2.4291,-0.74011,-0.26916,-0.4174,-0.61323,0.0011713,-1.4725,-1.0746,-1.645,-1.5404,-0.6709,2.0813,-0.55051,0.96472,-0.89183
-2.4723,2.8875,-0.013444,0.040617,-0.9156,-0.306,-0.23891,-2.1743,-0.93669,-2.2608,-2.0027,-2.1936,0.7005,-0.59445,1.5056,-0.71505
-0.18248,0.064446,-1.9817,1.8554,-1.7264,-2.1073,-0.64192,-1.0828,-1.9937,-1.4535,-1.8801,-2.2505,0.48826,-0.4935,1.2695,-0.83272
0.90981,-0.25644,-2.1255,1.4812,-1.293,-1.9414,0.22192,-1.5985,-2.4503,-1.4674,-2.182,-1.6275,0.8044,0.34185,1.0944,-0.65451
-0.54249,2.8016,-0.27488,-0.72683,0.2601,-0.1383,1.1046,-2.995,-1.2017,-1.8507,-1.8291,-1.2275,1.1172,-0.51146,0.697,-0.86972
1.9039,-0.72027,0.68355,-0.19347,-0.22752,-1.0028,-0.49888,-1.446,-1.747,-1.4786,-2.3134,-1.571,0.8624,0.06473,0.56073,-0.75932
1.3529,-0.18303,-2.952,0.044442,-0.69211,-0.41282,-0.45471,-1.176,-1.4152,-0.99892,-2.964,-0.11586,1.0717,-0.68948,1.7616,-0.85974
-2.5023,2.8915,-0.019503,0.030932,-0.94237,-0.31237,-0.25139,-2.1671,-0.95139,-2.27,-2.0133,-2.1928,0.67466,-0.58804,1.52,-0.71158
-0.54274,2.8007,-0.27218,-0.72011,0.26079,-0.13688,1.1053,-2.9915,-1.196,-1.852,-1.8272,-1.2265,1.1182,-0.51399,0.6995,-0.8699
0.90907,-0.25732,-2.1231,1.4886,-1.2922,-1.94,0.22174,-1.5961,-2.4427,-1.4681,-2.1805,-1.625,0.80303,0.34268,1.0967,-0.6545
-2.2573,2.8387,-0.0091543,0.11214,-0.89778,-0.29019,-0.1634,-2.1719,-0.87678,-2.2795,-2.0192,-2.0332,0.67137,-0.55727,1.4392,-0.80754
-0.543,2.7998,-0.26948,-0.7134,0.26147,-0.13545,1.1061,-2.988,-1.1902,-1.8532,-1.8253,-1.2255,1.1193,-0.51651,0.70199,-0.87008
-2.4345,2.8412,-0.026297,0.06797,-0.96755,-0.33201,-0.34184,-2.1804,-0.9455,-2.2546,-2.033,-2.2095,0.62596,-0.59771,1.4912,-0.79148
1.9018,-0.72727,0.70518,-0.13976,-0.22203,-0.99139,-0.49308,-1.4182,-1.7014,-1.4886,-2.2982,-1.5629,0.87092,0.044505,0.58068,-0.76075
1.0515,-0.26827,-2.1724,1.6657,-1.1414,-2.005,0.26456,-1.4608,-1.8693,-1.3757,-1.9617,-1.5741,0.76434,0.34848,1.0816,-0.68178
-0.54171,2.8042,-0.28299,-0.74697,0.25804,-0.14257,1.1024,-3.0054,-1.2188,-1.8469,-1.8348,-1.2306,1.114,-0.50387,0.68952,-0.86919
-2.4421,2.8379,-0.025885,0.061365,-0.9768,-0.33096,-0.33796,-2.174,-0.96452,-2.2647,-2.0379,-2.2453,0.64649,-0.61873,1.505,-0.79048
0.13588,-0.32599,-1.874,1.9305,-2.3247,-1.5818,0.16675,-1.5929,-2.2774,-2.3663,-2.2693,-1.5148,1.1348,-0.016308,1.0688,-0.60129
-2.4104,2.8883,-0.0020135,0.067462,-0.87983,-0.29244,-0.18472,-2.1686,-0.9014,-2.2568,-2.0024,-2.1102,0.68899,-0.5472,1.4847,-0.72105
-3.1831,-2.3808,-0.83116,-0.45817,-0.81086,-0.74586,-0.39511,-1.4214,-1.3712,-1.702,-1.6871,-0.99436,1.8878,-0.51781,1.0799,-0.83037
-2.8612,0.22131,-0.77013,-0.56137,-0.32886,-1.2531,-0.62495,-0.68889,-0.79425,-1.0554,-1.5726,-1.7794,1.2118,0.15644,1.5198,-0.58587
-2.3998,2.8418,-0.024902,0.072352,-0.96063,-0.32401,-0.30205,-2.1757,-0.93886,-2.2652,-2.0293,-2.1748,0.64448,-0.60112,1.4826,-0.79462
-2.4447,2.8414,-0.026067,0.061821,-0.97769,-0.33425,-0.34287,-2.1689,-0.96707,-2.2608,-2.0356,-2.2314,0.64236,-0.62015,1.5033,-0.79045
0.37674,0.22687,-1.8054,2.1914,-1.4904,-2.028,0.017427,-0.86278,-2.0783,-1.4967,-1.8774,-0.80494,0.11117,-0.3982,0.76553,-0.86474
-0.54696,2.7812,-0.29517,-0.76962,0.25785,-0.14776,1.1015,-3.0144,-1.2343,-1.8418,-1.8404,-1.2285,1.1174,-0.48633,0.682,-0.8652
0.22471,-0.33448,-1.6641,2.1359,-1.9142,-1.7144,0.16325,-1.1773,-2.582,-2.0493,-2.4353,-1.7911,0.92832,0.24609,0.82651,-0.57183
-2.4794,2.8932,-0.0098545,0.047564,-0.90877,-0.31204,-0.26285,-2.1694,-0.93401,-2.2422,-2.0004,-2.1736,0.69101,-0.5764,1.4979,-0.71577
-0.7427,-1.4669,-1.8643,-1.8906,0.33233,-0.72376,1.0227,-1.9313,-1.199,-1.4756,-1.0279,-0.70334,1.4321,0.26911,0.88089,-0.84203
-2.5161,0.045517,-0.19525,-0.024749,-0.44492,-0.67724,-0.45102,-1.1988,-1.4766,-1.542,-1.9984,-1.9164,2.032,0.17156,1.2883,-0.5049
0.57366,-0.2518,-2.8241,0.84123,-1.5833,1.3126,-0.97539,-0.50282,-2.1771,-2.7785,-2.6662,-1.315,0.86665,-0.48873,0.7783,-0.14458
-2.242,2.8383,-0.0085783,0.11495,-0.88874,-0.28779,-0.152,-2.1752,-0.8675,-2.2783,-2.0155,-2.0203,0.67332,-0.55418,1.4282,-0.80883
0.54697,-0.33062,-1.8126,2.1725,-1.5787,-1.8132,0.20886,-1.1825,-1.9933,-1.7961,-2.1666,-1.647,0.8317,0.29786,0.95231,-0.61937
-0.71848,0.1724,-1.6339,2.1429,-1.7465,-1.8273,-1.1345,-1.6257,-2.3304,-1.5009,-2.0017,-2.582,0.20734,-0.89807,1.1301,-0.92472
0.1978,-0.33456,-1.6517,2.1332,-1.9421,-1.7063,0.15909,-1.1765,-2.631,-2.07,-2.4574,-1.8017,0.93602,0.24162,0.81629,-0.56788
-0.049811,0.3272,-1.6388,1.9623,-1.851,-1.9051,-0.10772,-0.93686,-3.033,-1.7096,-2.2041,-0.77233,0.13698,-0.60862,0.71061,-0.86863
-0.069968,-0.55616,-2.269,0.93681,-1.9195,0.036585,-0.42044,-0.72742,-1.4493,-2.217,-3.6466,-1.202,1.2219,-0.29976,0.97875,-0.66429
0.89085,-0.23548,-2.3278,1.8624,-1.134,-2.2416,-0.013163,-0.93166,-0.82577,-1.1939,-1.5246,-1.8163,0.7809,0.19016,1.5098,-0.7559
1.8417,-0.87784,1.149,0.92823,-0.14702,-0.77818,-0.39378,-0.85453,-0.81431,-1.7144,-2.0193,-1.3933,1.0567,-0.36515,0.9251,-0.7519
0.88796,-0.23657,-2.326,1.8574,-1.1339,-2.2423,-0.016149,-0.92675,-0.83947,-1.1946,-1.5191,-1.8382,0.79811,0.15929,1.5158,-0.7567
1.8056,-0.87027,1.1407,0.90493,-0.19053,-0.78916,-0.40274,-0.83638,-0.85117,-1.7303,-2.0432,-1.4081,1.0482,-0.34333,0.91872,-0.74792
0.55142,-0.61774,0.43697,-0.087252,-2.2463,-0.98561,-0.64164,-1.0122,-1.5052,-2.8433,-2.5166,-1.333,0.99191,-0.060964,1.0974,-0.64529
-2.4095,2.8467,-0.02555,0.069142,-0.96375,-0.33072,-0.32191,-2.1699,-0.95015,-2.256,-2.0223,-2.1754,0.66029,-0.61713,1.4789,-0.79477
