-2.3884,1.1613,-5.2641,-2.7645,0.0094765,-0.57323,0.53687,-1.3591,-0.29896,0.57798,1.0295,-0.50943
-2.901,0.19426,-4.2117,-1.5748,1.392,-0.27588,0.62086,-1.1016,0.49678,3.1995,1.1507,0.0022811
-0.015312,5.332,1.6126,-1.4648,-3.0675,0.86031,0.27511,0.071061,0.38552,2.7179,-2.4009,2.9663
-3.8036,-0.86706,1.6662,0.30595,-0.36105,0.65591,-0.11556,0.092178,1.848,0.14865,1.057,0.035813
-2.8467,0.59353,-4.2293,-1.64,0.59396,-1.3278,0.1608,-1.5835,0.60225,2.0946,1.4375,0.10686
-1.1976,0.80168,-3.8528,1.2567,-1.6843,-0.35132,-1.3041,-1.5073,-0.058947,-1.0362,-0.0049693,-0.34859
-4.0031,-0.67163,1.7165,-0.057404,-0.019562,0.22421,-0.16009,0.1192,2.4939,0.51106,1.4476,0.20238
-1.8462,-0.34066,0.55979,-0.49916,1.513,0.29981,-0.64824,-1.316,0.40355,0.054502,0.49163,-0.16632
-3.9541,-1.3198,1.7439,0.93511,-0.29065,1.1089,0.0088748,0.32196,0.84787,-0.1626,0.20671,-0.0069182
0.45617,2.222,-2.7586,1.1762,-1.7275,0.60442,2.4374,-2.063,0.062805,-1.0801,0.98842,0.56829
-1.3475,1.5893,-2.9478,0.85713,-1.4303,0.98895,-0.090785,-2.8556,-1.0058,-0.49272,1.8592,-0.85482
-2.0077,0.55844,-3.3646,-0.60188,-0.31936,-0.346,-0.070783,-1.8706,-0.96764,-1.3849,0.5504,0.05818
6.5127,-0.99905,-0.12235,-0.68843,-0.65268,0.38501,0.81714,-1.0085,0.70939,0.97506,-1.5089,-0.4759
-1.0927,0.88759,-3.685,1.0444,-1.8721,-0.1223,-1.1504,-1.6812,-0.14349,-1.116,0.26791,-0.47782
-3.6506,-1.1135,1.3108,-0.90139,-0.85131,0.14957,0.24822,-0.34384,-0.3873,-0.89823,0.40615,0.062759
5.4896,0.36515,-1.5025,-3.802,0.52367,3.4229,2.7671,-0.51746,-0.059612,1.7885,-0.79676,-1.6918
-3.7513,-1.1824,1.4607,-0.30303,-0.67529,0.49399,0.18032,-0.13205,-0.10752,-0.73446,0.24291,0.035313
-3.5002,-0.97935,1.0735,-1.824,-1.1016,-0.35119,0.36029,-0.63973,-0.80465,-1.1557,0.65274,0.10016
-3.1959,0.19985,-4.8164,0.3849,1.5614,1.5659,0.055023,1.0818,0.82446,-0.56334,-1.739,-0.22123
-1.3929,6.8966,-0.61618,-4.3286,2.357,0.38869,-1.2885,1.5136,-0.29515,-0.85266,-1.2497,-0.79262
5.1363,1.3335,-2.458,-2.7062,-0.73851,3.5303,2.7344,0.048161,0.42199,2.7527,-1.3597,-2.4621
-1.472,2.9086,0.85606,-0.28935,1.4822,2.2023,-0.82286,-0.75732,0.87619,0.14941,0.58706,-1.0149
-2.6691,-0.78361,0.79191,-2.5189,-1.8319,-0.2268,0.46706,-1.0579,-1.2298,-1.1874,1.2071,-0.12215
-1.1497,0.47753,-2.6309,2.2429,-0.28745,0.85477,0.67683,-0.49303,0.98061,-0.073708,-1.7595,5.3706
-1.1505,1.7977,-3.3144,0.68254,-1.1894,1.5027,0.70381,-1.9272,-0.43781,-0.55448,1.247,-0.66831
-1.1454,1.6501,-4.0781,0.46527,-1.5497,0.55137,-0.80549,-1.1352,0.001531,-1.3547,0.35235,-0.6526
-3.6492,-1.22,1.3076,-0.67362,-0.89363,0.33197,0.24364,-0.32041,-0.28397,-0.8211,0.36795,0.011667
-1.4787,0.6571,-3.6416,0.6258,-1.2122,-0.80252,-1.1325,-1.7455,2.0471,-0.24039,1.7585,-0.1146
0.71718,5.5611,0.048965,-2.5705,-1.1085,0.11407,-0.26119,-0.74708,-0.77412,1.8778,-1.8156,4.8079
-1.2226,7.1709,-0.75884,-4.5077,2.1308,0.79645,-1.7393,1.621,-0.35974,-0.35805,-1.4449,0.15212
-2.8296,0.76798,-5.7005,-3.1872,1.0188,-0.90034,0.3386,-0.00072615,1.4568,-0.49674,0.7832,0.15056
-1.4464,0.18297,-0.88395,-0.86047,-5.2415,1.8765,-2.3924,0.14682,-0.2703,0.38142,0.097735,3.3523
-1.4979,0.69668,-3.9473,1.367,-1.0341,-0.020219,-0.94255,-0.86681,-0.16122,-0.88662,0.078387,-0.29863
0.44215,7.9982,-0.59814,-2.4565,-0.8739,5.0828,0.33453,-0.12234,0.51855,1.424,-0.90046,2.612
-2.8891,0.27775,-4.2401,0.89329,1.7645,2.1671,0.96877,1.273,0.24412,-1.0437,-0.19204,-0.17538
-3.9482,-0.83844,2.0229,0.98724,-0.13631,1.2389,-0.11534,0.33523,0.56488,-0.31238,-0.21404,-0.034825
2.87,8.5875,1.0377,1.3211,-1.5084,-0.39102,3.2988,0.87573,-1.0471,2.9747,0.6048,-0.53573
-2.3717,0.44079,-3.7576,0.066833,0.4616,0.59815,0.23559,-0.91657,-0.64382,-1.4749,0.61461,-0.21015
-4.1031,-0.80646,1.8302,0.48525,0.10346,0.55569,-0.23296,0.31122,2.7358,0.68022,1.2755,0.24294
-3.7569,-1.4354,1.5994,0.8601,-0.70546,1.238,0.044409,0.11623,0.43665,-0.50975,0.054467,-0.12679
-3.0753,0.33672,-4.9694,-0.30903,1.3731,1.1626,0.12832,0.84728,0.4952,-0.75556,-1.5375,-0.18583
-3.5007,-1.0717,1.1545,-1.3224,-1.1193,-0.036029,0.30834,-0.552,-0.60042,-1.0191,0.58402,0.035718
-1.044,2.007,-2.7734,0.90754,-1.7382,1.3579,-0.025805,-2.916,-1.012,0.1103,1.9866,-0.97372
-3.6268,-1.0642,1.292,-1.0241,-0.87749,0.075255,0.25981,-0.37829,-0.45045,-0.93294,0.45004,0.07083
-1.2288,1.5102,-3.8091,0.58601,-0.75543,-1.5154,-0.53497,-0.42342,-2.0971,-0.59451,1.632,0.17266
-2.7682,0.85986,-5.7124,-3.2928,1.118,-0.58593,0.44914,-0.18578,-0.35307,-1.3792,-0.5964,-0.34385
-0.016534,-0.44046,0.66116,-2.8713,-0.71531,-0.60736,-1.8957,0.43093,1.525,1.8991,0.89955,0.00088588
-3.499,-0.9928,0.94877,-2.0092,-1.0695,-0.50115,0.40486,-0.59911,-0.84857,-1.1223,0.85306,0.098837
3.4933,-2.2464,-0.67558,-3.3108,1.6074,-0.66664,-2.1986,-0.43951,-1.2957,1.1483,-0.83461,-0.62728
-3.2506,0.12935,-4.7428,0.8112,1.6831,1.7775,0.035693,1.2831,0.95208,-0.43875,-1.7842,-0.23579
-4.0567,-0.95159,1.8349,0.66838,-0.00873,0.77136,-0.14295,0.30468,2.0152,0.32104,0.82393,0.11108
-1.7481,0.52298,-3.0734,0.38724,-0.76219,-0.044353,-0.47162,-2.1005,-0.4595,-1.4957,0.52459,-0.090561
-0.032819,4.4487,1.3053,-1.8285,-2.9404,1.0257,-1.4826,0.71265,0.054615,1.1298,-1.2339,4.4102
-2.3711,-0.18092,0.089678,-1.3934,-2.2393,-2.3543,2.9437,-0.1079,2.1171,2.6487,-0.74878,0.3516
-3.4339,-0.16,1.2416,-2.1872,-1.0775,-0.27419,0.19756,-0.66818,-0.94562,-1.144,0.79437,0.6095
-1.6515,1.3919,-4.0514,0.0069493,-0.7505,2.0759,0.35055,-1.2889,-0.044687,-1.2417,0.80455,-0.89801
6.006,-0.15996,-0.94791,-0.90032,-0.60419,0.47175,0.95579,0.39929,0.78559,0.1148,-1.315,-0.089385
-4.3666,-0.027105,2.265,-0.80413,0.70795,-0.15957,0.14555,0.15307,0.14541,0.024914,0.3135,0.5571
-1.3466,1.4851,-2.8378,1.0065,-1.0919,0.44106,-0.67803,-2.0544,-0.18679,-1.7265,1.0344,-0.32292
5.4171,-1.1407,0.81678,0.13275,0.58673,0.81892,1.3397,-0.23091,-0.20044,-1.0262,1.641,0.65118
1.2281,8.8758,-0.87274,-1.9196,-0.82787,2.7597,2.3054,0.43638,0.80016,2.151,-1.7038,-2.328
-3.1066,0.30113,-4.9296,-0.12861,1.4221,1.2675,0.10926,0.90825,0.58081,-0.70558,-1.5899,-0.19503
-0.33282,1.0498,-4.1424,2.7035,-1.3166,-0.74529,-0.36043,0.75497,-2.5546,-0.039118,3.086,-0.29844
-3.5341,-0.65916,1.3165,-1.4906,-0.91794,-0.19924,0.26574,-0.50218,-0.66142,-1.0783,0.61451,0.11103
-4.022,-1.1306,1.8149,0.81229,-0.13163,0.95534,-0.074737,0.30519,1.4031,0.045677,0.44481,0.056968
5.3726,2.0587,0.67111,-0.034675,-0.97519,1.0693,3.3756,-1.4446,-0.18414,2.2425,-0.11598,-0.64078
-3.6929,-1.4084,1.5764,0.81932,-0.77334,1.2612,0.054472,0.075685,0.40985,-0.50386,0.11023,-0.1587
-3.8799,1.8916,1.2878,-3.6601,2.7841,2.0348,0.66111,2.1034,0.01555,-0.37654,-1.1344,-0.20646
-3.9059,-1.4665,1.7035,0.97569,-0.45424,1.2382,0.044863,0.23721,0.474,-0.39771,-0.065529,-0.061304
-3.9168,-0.087278,2.3362,0.94718,0.094744,1.2439,-0.28255,0.38962,0.63286,-0.27066,-0.28816,-0.036672
-1.6501,1.4181,-3.1612,1.15,-0.82615,1.3855,0.10731,-2.033,-0.81444,-0.46958,1.6673,-0.83217
-2.7869,0.84691,-5.7001,-3.2734,1.1451,-0.58011,0.45083,-0.17322,-0.34886,-1.3584,-0.61457,-0.33557
1.1478,3.5352,0.50989,1.2053,-4.3959,-0.31591,5.0218,1.4175,-1.0382,2.2353,1.4835,-0.2138
0.1253,7.9044,-0.97703,-2.2933,0.20202,2.6975,-1.6773,1.4099,0.53568,-0.27357,-0.48661,-2.0745
-3.5526,-1.0018,1.1863,-1.4733,-1.0069,-0.18,0.30665,-0.54151,-0.65293,-1.0572,0.56618,0.09138
-0.53664,0.51342,-3.667,1.1838,-1.6629,-0.2055,-1.3494,-1.8561,-0.24503,-0.93799,0.40317,-0.48079
1.8623,7.4409,1.4822,0.29835,-0.78831,-0.66521,0.52032,-0.31212,1.1607,-0.45708,-1.5367,0.10072
-3.9888,-0.80287,1.9724,0.85479,-0.052916,1.0325,-0.13788,0.34576,1.1835,-0.034324,0.25061,0.031481
-3.432,-0.99846,1.0632,-1.9036,-1.101,-0.3816,0.35988,-0.65644,-0.84185,-1.1636,0.68009,0.10325
4.6276,-2.3366,0.64703,-1.3101,0.90982,2.2977,-1.7143,-1.9022,-0.33024,-0.26699,1.0406,-1.2743
2.7725,-0.92616,-0.93957,-2.9934,-0.021264,-0.64002,-2.0095,-1.0297,-1.4656,0.74378,-0.39557,-0.8188
-3.6218,-1.1488,1.2409,-1.0995,-0.92586,0.040768,0.27519,-0.4274,-0.47222,-0.9504,0.4449,0.067976
-2.9157,0.29015,-5.0579,1.7972,2.1097,1.4073,0.60362,3.1144,-0.53264,0.0047417,-0.015088,-0.098239
-3.8103,-1.475,1.6259,0.90227,-0.62007,1.2296,0.042635,0.16203,0.45335,-0.4826,0.0060867,-0.10057
-1.1608,0.79911,-0.59329,-2.2337,-4.7573,-1.1907,2.5215,-0.73454,-0.8307,1.7444,-1.5224,1.3058
-1.6515,1.3919,-4.0514,0.0069493,-0.7505,2.0759,0.35055,-1.2889,-0.044687,-1.2417,0.80455,-0.89801
-3.7583,-1.4414,1.6015,0.86243,-0.70005,1.2262,0.03453,0.12357,0.44498,-0.52854,0.045298,-0.11639
-2.7387,0.88093,-5.7701,-3.2995,1.0643,-0.63621,0.40389,-0.14158,-0.35132,-1.3482,-0.63632,-0.35474
-1.4833,0.60052,-3.0445,0.92539,-1.1365,0.12849,-0.60099,-2.4626,-0.50385,-1.6758,1.055,-0.36712
-3.9726,-1.4439,1.7665,1.0262,-0.32744,1.2288,0.03394,0.30047,0.49546,-0.36131,-0.1202,-0.024803
-2.8056,0.32099,-4.9789,2.0424,2.2246,1.3447,0.80834,3.7352,-1.0127,0.12427,0.58341,-0.088257
-3.0342,1.0147,3.0942,0.2907,1.1205,1.4912,-0.90191,0.52729,0.56687,0.3087,-0.63807,-0.32876
-1.151,0.82772,-3.7663,1.1762,-1.7235,-0.2379,-1.1973,-1.7032,-0.092685,-1.2333,0.2085,-0.36575
-1.2804,1.538,-4.5375,0.15673,-1.3429,1.0392,-0.47455,-0.70858,0.080852,-1.3287,0.22692,-0.79121
-3.7255,-1.2665,1.3724,-0.50272,-0.76399,0.38756,0.21216,-0.22574,-0.18905,-0.78509,0.27161,0.037534
-3.5161,-1.1765,1.3228,-0.43314,-1.0223,0.52894,0.1829,-0.29555,-0.16256,-0.85204,0.40721,-0.057256
-3.2132,0.14732,-4.778,0.9214,1.7308,1.7362,0.099167,1.4878,0.78614,-0.38918,-1.5865,-0.22042
-3.9378,-0.76064,2.0229,1.0192,-0.12087,1.1809,-0.032397,0.42657,0.44929,-0.38204,0.011403,0.017862
2.5856,-0.61435,-1.9714,-4.7071,2.3251,0.36987,-1.6391,1.0234,-0.099331,0.95331,-0.73646,-1.067
4.2431,0.49783,-0.70464,-3.2507,-0.095974,-1.8213,1.759,-1.3691,1.5683,3.1011,-0.70279,-0.16134
-3.0163,0.32768,2.8255,0.57076,0.81119,1.6181,-0.79333,0.49821,0.61304,0.23287,-0.54013,-0.37039
0.11337,-2.0876,-0.65956,-3.8282,4.6067,2.459,0.35473,0.68242,-0.47277,0.2766,-1.2581,-0.51511
-1.9872,0.20155,-2.9683,1.9961,-0.34577,-0.37067,-0.98216,-1.0393,-0.40698,-0.36758,0.11087,0.0055549
4.2431,-0.78522,-0.91621,-4.7909,1.4645,2.218,-0.80729,-1.0402,-1.6766,1.4477,0.43917,-1.6572
-3.7744,-1.2121,1.1837,-1.4721,-0.64425,-0.31006,0.40168,-0.35081,-0.57259,-0.73434,0.60945,0.19704
-3.9983,-0.60567,2.0344,0.78552,0.03794,0.96163,-0.20148,0.34915,1.4522,0.092174,0.37417,0.048845
-2.3412,0.45405,-3.7351,-0.014616,0.38931,0.51064,0.20852,-1.0327,-0.67748,-1.4987,0.62521,-0.19917
-1.8557,0.71788,0.11574,-0.11112,-3.4377,0.010441,-1.1822,0.39297,0.1829,-1.0059,0.4207,-0.69029
-3.6833,-1.1518,1.1511,-1.5649,-0.7961,-0.28834,0.3946,-0.4488,-0.74584,-0.91624,0.53715,0.14443
-2.1274,0.090866,-2.469,1.8075,-0.23614,0.21652,-0.72994,-1.8818,-0.010187,-0.91964,0.13429,-0.0022309
-1.6412,5.9094,2.6693,-1.7397,2.632,-0.15927,-1.5576,-1.2038,-0.71439,-0.64827,0.12407,-0.13311
-3.5753,-1.1453,1.2205,-1.1974,-0.94062,-0.012362,0.28409,-0.44878,-0.52701,-0.96965,0.48451,0.073313
-1.2958,1.0845,-4.0506,1.4386,-0.61358,0.26336,2.9093,-0.4851,1.2307,0.80572,-2.8012,-0.1964
4.9443,-0.70713,0.73208,-0.034845,0.059799,0.64016,1.4224,-0.73782,0.41474,-1.3492,1.4903,0.74156
-2.8061,1.5721,0.63935,-1.9302,-1.7862,-1.4678,-1.307,0.86318,-0.77748,-0.11856,-0.42153,0.52191
-1.3567,0.62924,-2.9831,1.2633,-1.3671,0.23883,-0.75854,-2.5464,-0.29458,-1.8132,1.0754,-0.44169
6.1811,-1.4801,-0.14104,-0.31397,-0.26569,0.27774,1.2684,-0.86838,0.85615,2.187,-2.4864,-0.6915
0.69128,1.2994,-3.1358,2.0432,-1.8653,-1.4567,1.3323,-0.64529,0.37274,-2.0463,0.060453,1.454
-3.1422,0.26963,-4.8588,-0.05127,1.4836,1.3643,0.1432,0.88052,0.62083,-0.7252,-1.5703,-0.19294
-3.5301,-1.0601,1.09,-1.653,-1.0665,-0.25405,0.35199,-0.58313,-0.7304,-1.1056,0.60511,0.088417
0.3186,-1.3742,1.406,-2.1733,0.47847,0.10193,-1.6502,0.81867,-0.65586,1.852,-1.2028,-0.64871
-1.5678,1.3055,-3.9105,0.17441,-0.62638,-0.93978,-0.62731,-0.80845,-1.194,-0.80257,0.62234,0.037392
-3.2585,0.12557,-4.7354,0.788,1.673,1.7863,0.02233,1.24,0.98702,-0.44918,-1.8259,-0.23903
-2.787,2.4826,3.624,0.36646,1.2669,1.6522,-1.2639,0.56479,0.75348,0.30898,-0.64428,-0.44956
0.79222,-1.2762,-2.9791,-4.1277,1.0905,-0.060626,-0.76262,0.96481,-0.11746,0.14242,-0.43619,-0.693
1.2926,-0.71904,0.13191,-1.6171,1.8388,-0.14989,-2.1512,-0.32401,-0.79305,1.487,-1.3887,-0.68525
-3.1238,0.068829,-3.8011,0.64163,1.5029,1.9792,0.34686,0.11545,0.72054,-1.0811,-0.88888,-0.21185
-3.544,-1.1097,1.1808,-1.3779,-0.98956,-0.11721,0.30315,-0.50974,-0.61262,-1.0196,0.5369,0.082516
-3.9628,-1.4629,1.7466,1.0588,-0.32008,1.2175,0.055579,0.35734,0.44694,-0.34554,-0.065382,-0.021648
-3.1259,0.27923,-4.9052,-0.017583,1.4522,1.332,0.097534,0.94576,0.63349,-0.67483,-1.6222,-0.2007
-0.3334,1.5462,-0.0049834,-0.17444,-4.4408,-1.082,3.0787,-0.48868,3.014,1.728,0.25879,-0.2699
-2.2976,0.47055,-3.6981,-0.11162,0.28842,0.38984,0.16823,-1.1919,-0.72465,-1.5266,0.64288,-0.18316
-2.0968,0.93343,-4.4203,-0.15841,-0.00022644,2.2368,0.4157,-0.45672,0.46504,-1.7885,0.071134,-0.71236
-1.4703,0.60376,-3.03,0.90983,-1.1651,0.095195,-0.61422,-2.5056,-0.51735,-1.68,1.0621,-0.36208
-3.6428,-1.2016,1.2596,-0.90596,-0.87429,0.12855,0.27699,-0.32533,-0.43242,-0.8912,0.44132,0.060766
0.19689,8.2113,-1.0665,-2.4271,-0.10946,3.3165,-1.231,1.05,0.11557,0.71157,-0.014802,-2.4648
-2.7636,0.41058,-5.2247,1.6158,2.0984,1.0771,0.7829,3.41,-1.0839,-0.004933,0.52729,-0.044231
-2.9391,2.4688,3.4096,-0.11076,1.5247,0.9428,-1.3599,0.55526,2.9281,1.2513,0.8745,-0.22592
0.46851,-1.5442,-0.38758,-1.079,-3.5575,2.4827,-2.5871,0.42674,-0.071305,1.1954,-0.12803,3.4088
-3.4194,-0.89242,0.82917,-2.4407,-1.2097,-0.56537,0.49475,-0.69998,-1.0516,-1.341,0.81011,0.098439
-3.4464,-1.0149,1.0815,-1.8203,-1.0785,-0.33321,0.35109,-0.62831,-0.80234,-1.1405,0.65591,0.099001
-3.6839,1.192,2.8098,-2.3041,2.1512,-0.2775,-0.47202,0.39815,1.0367,1.2112,0.33646,0.40637
-2.9263,0.73806,-5.7338,-3.2794,1.2265,-0.99623,0.35179,0.0026025,1.5511,-0.39323,0.77742,0.09801
-0.50904,0.5117,-3.6515,1.1839,-1.6946,-0.22362,-1.3682,-1.8958,-0.24753,-0.94287,0.41193,-0.48213
-1.6811,-1.1401,2.7381,0.22174,1.198,1.905,-0.88034,0.44561,0.52702,0.57237,-0.56961,-0.52159
-2.2812,0.11354,-3.1656,2.0803,0.24101,0.095284,-0.68812,-0.32628,-0.22829,-0.26591,-0.12951,0.015283
-1.524,0.58856,-3.0857,0.98884,-1.0456,0.23534,-0.5611,-2.3236,-0.46112,-1.6583,1.035,-0.38252
1.8975,-0.62742,0.031387,-0.36175,-3.222,-1.3767,1.2853,1.1707,2.7247,-0.34184,1.785,0.94936
-2.8696,0.29025,-4.9187,1.8539,2.143,1.4155,0.69977,3.3851,-0.72886,0.039485,0.24519,-0.11455
1.5797,6.9556,1.7224,-0.50513,-0.20996,-0.19453,1.0537,-0.78925,0.73895,-0.53825,-1.1979,0.4832
-1.1853,1.6177,-4.1127,0.46818,-1.4778,0.59274,-0.76701,-1.0489,0.0032409,-1.3309,0.33085,-0.65087
0.34443,1.6653,-2.745,1.4831,-0.79077,0.88565,1.8903,-1.576,-0.64124,-0.56456,1.7557,0.1611
5.1911,-1.929,-0.72922,-1.2705,-0.21243,1.0468,-2.9007,-0.61754,-0.21518,0.78862,-0.25051,-1.4675
-1.5659,4.982,1.65,-2.8906,2.5431,-0.077409,-1.0585,-1.0813,-0.90442,-0.97284,0.20722,-0.23966
1.5725,7.3408,1.3679,0.40616,-0.45851,-0.8016,-1.0936,0.45994,0.68347,-0.77407,-0.74562,0.21912
-3.8794,-1.2918,1.3321,-1.2683,-0.54287,-0.16894,0.36722,-0.36184,-0.6265,-0.69918,0.28352,0.22625
6.9499,-1.4249,-0.31968,-0.64531,-0.43058,-0.016983,-0.37001,-0.015306,0.5884,-0.16774,-0.83494,0.24897
-2.9002,0.27559,-4.89,1.764,2.1041,1.4493,0.64799,3.2181,-0.59349,-0.00095078,0.083882,-0.1271
-1.2547,1.7372,-3.3487,0.65967,-1.1078,1.5593,0.66461,-1.8878,-0.41103,-0.5217,1.1697,-0.71291
-2.8061,1.5721,0.63935,-1.9302,-1.7862,-1.4678,-1.307,0.86318,-0.77748,-0.11856,-0.42153,0.52191
-2.2718,0.30128,-3.6734,1.1758,0.65886,-0.58577,-0.075782,0.47929,-1.4084,-0.21488,0.70759,0.20745
-2.8272,0.77071,-5.7041,-3.2003,1.0155,-0.90849,0.33994,-0.004281,1.4489,-0.50033,0.78832,0.15107
-0.36658,6.2576,0.97866,-2.6443,-0.47615,1.9423,-3.1011,-1.4882,-1.2261,0.98515,-0.066557,3.6829
-2.8903,0.28032,-4.8992,1.793,2.1167,1.4384,0.66469,3.272,-0.63716,0.012093,0.13592,-0.12305
-3.9746,-1.4923,1.7472,1.0276,-0.34033,1.2301,0.040471,0.29572,0.49449,-0.35847,-0.12504,-0.027393
6.2447,-1.2452,-0.53755,-0.79121,-0.97452,0.51299,0.64446,-1.2803,0.46674,2.2149,-1.9152,-1.347
-3.8307,-1.3343,1.2866,-0.96502,-0.54639,-0.057257,0.26031,-0.26703,0.2532,-0.43286,0.72026,0.17941
-1.6325,0.65875,-4.0419,1.3729,-0.76743,0.12138,-0.81724,-0.56214,-0.15411,-0.8192,0.023771,-0.28752
7.2377,-1.2933,-0.40761,-0.15392,-0.25816,-0.24945,0.099916,0.99841,-0.15489,0.076876,0.16313,0.42068
1.1026,1.9573,-2.4452,1.4694,-1.3269,0.64082,2.1854,-2.1747,-0.59593,-0.58695,1.8839,0.33124
-2.0755,6.6753,0.1371,-5.4268,0.062038,2.2232,-2.0495,2.7125,-0.29724,0.54645,-1.3559,2.9303
-4.0962,-0.27746,2.1776,0.28491,0.27834,0.64045,0.038189,0.38994,0.27461,-0.21959,0.15656,0.24152
-2.8345,0.7625,-5.695,-3.1586,1.0268,-0.88429,0.33555,0.0097879,1.4687,-0.48879,0.77623,0.14894
-1.4165,0.61895,-2.9743,0.83083,-1.2845,-0.044948,-0.66733,-2.6875,-0.57358,-1.7017,1.0891,-0.34164
-3.1994,0.15395,-4.791,0.962,1.7483,1.7209,0.12255,1.5632,0.72501,-0.37092,-1.5137,-0.21475
-1.6965,0.63776,-4.0788,1.3887,-0.63938,0.1827,-0.75994,-0.41695,-0.15674,-0.77917,0.0014978,-0.27852
4.352,2.0954,-1.5228,-2.6424,-0.17708,4.0989,3.2944,-0.61557,0.42334,2.0336,-0.696,-2.3061
-3.8513,-1.5008,1.6476,0.91675,-0.57106,1.2377,0.039842,0.16367,0.47961,-0.4558,-0.045635,-0.08944
-3.4938,-0.92725,1.0879,-1.8334,-1.09,-0.36272,0.35857,-0.6289,-0.819,-1.1598,0.67202,0.10427
-2.3702,0.44306,-3.7597,0.050054,0.45658,0.59118,0.23539,-0.92665,-0.64604,-1.4801,0.61344,-0.20985
-4.0919,0.018347,-5.1711,-2.5567,3.0583,-0.91859,0.47107,0.58009,2.0758,0.88269,-0.20596,0.38873
-1.862,4.6262,1.9242,-2.3306,2.5733,-0.9201,-1.4519,-1.3793,1.3701,0.40371,1.5234,0.02638
-3.2835,0.1086,-4.6793,0.77046,1.7069,1.8391,0.058382,1.1626,1.005,-0.49708,-1.8029,-0.2343
-0.19235,8.2169,-0.71187,-2.9842,-0.41756,5.9211,-1.7389,0.1918,-0.14686,1.0633,0.4906,2.1476
-2.6528,0.74967,-2.8042,-4.8979,-3.3313,2.4889,-0.086092,1.4221,-0.98744,0.091818,-0.22848,2.6695
-2.8262,0.77088,-5.6972,-3.2113,1.0092,-0.90737,0.34158,-0.019033,1.4651,-0.5037,0.77414,0.15368
-3.6355,-0.53959,1.5686,-0.85611,-0.64825,0.19151,0.11343,-0.2643,-0.31164,-0.84139,0.33878,0.058017
6.4599,2.0255,-0.11675,0.54954,-1.1972,0.47155,3.6132,0.4422,-1.3479,3.4908,0.89853,-0.66931
-3.2476,0.13077,-4.7456,0.8199,1.6868,1.7743,0.040704,1.2993,0.93898,-0.43483,-1.7686,-0.23458
-4.0271,-1.4297,1.7865,0.68327,-0.19514,0.9975,0.08525,0.23195,0.32265,-0.31427,-0.14347,0.066476
-1.4842,1.4571,-3.0532,1.1364,-1.1325,1.2254,-0.038979,-2.3859,-0.82074,-0.54838,1.73,-0.8471
-3.0173,0.30348,2.8159,0.57154,0.80551,1.6189,-0.78953,0.49568,0.61283,0.23425,-0.54236,-0.37221
-3.4211,-0.76243,0.91998,-2.396,-1.1748,-0.56193,0.45107,-0.71197,-1.0193,-1.3339,0.79668,0.10915
-4.0165,-1.1198,1.8222,0.82699,-0.12752,0.9694,-0.077581,0.31734,1.3555,0.039899,0.41096,0.048709
5.4401,-0.38373,-0.20461,-0.69325,-0.2314,-0.24128,0.42494,-0.68186,2.2239,2.0763,-0.90455,-0.41028
-3.1238,0.068829,-3.8011,0.64163,1.5029,1.9792,0.34686,0.11545,0.72054,-1.0811,-0.88888,-0.21185
-1.8206,0.56893,-3.1184,-0.43946,-0.73154,-0.7391,-0.31303,-2.678,-1.2191,-1.5626,0.94902,-0.012175
2.3443,-1.7891,-0.21241,-1.955,1.326,-0.17135,-2.0437,-0.57784,-1.0384,1.3076,-0.92943,-0.60663
-3.9186,-0.80665,2.0451,0.97934,-0.11434,1.2431,-0.12658,0.34065,0.56591,-0.31018,-0.2082,-0.032662
-1.68,1.2327,-4.0521,0.27918,-0.41384,-0.70276,-0.51815,-0.46659,-1.0947,-0.78825,0.55397,0.0029913
-3.4464,-1.0149,1.0815,-1.8203,-1.0785,-0.33321,0.35109,-0.62831,-0.80234,-1.1405,0.65591,0.099001
-4.0233,-1.0806,1.8295,0.79793,-0.10273,0.93669,-0.094186,0.31414,1.4736,0.093252,0.4735,0.057202
-2.7114,-0.36146,-0.39672,-0.068766,-3.7789,1.9423,-2.2408,0.79981,-0.020424,1.2452,-0.79126,3.7309
-1.4552,0.71068,-3.9227,1.3564,-1.1194,-0.061095,-0.98074,-0.96361,-0.15947,-0.91331,0.093236,-0.30463
-1.0891,0.81912,-3.6885,1.3508,-1.857,-0.43294,-1.3239,-1.8855,-0.2034,-1.1735,0.32662,-0.38593
-2.65,0.53302,-5.3655,1.048,1.9491,0.71942,0.86263,3.2622,-1.4108,-0.15719,0.75261,-0.0097438
-3.9098,-0.82063,1.9725,1.1201,-0.11709,1.1715,0.016864,0.56419,0.34229,-0.34737,0.13843,0.021888
-3.6136,-1.1401,1.2308,-1.1382,-0.9359,0.015484,0.28126,-0.43608,-0.49635,-0.96062,0.46219,0.070504
4.1683,-0.58852,-0.3534,-2.3777,0.16388,-1.3185,0.6946,-0.56394,-0.57172,0.035465,-1.1305,0.77144
-3.0711,0.8147,2.9227,0.3063,1.0901,1.274,-0.94631,0.52669,1.7432,0.75001,0.17057,-0.26761
-1.3559,0.74014,-3.8569,1.3455,-1.3168,-0.16255,-1.072,-1.1885,-0.16171,-0.96704,0.13168,-0.31469
-1.2208,2.0379,-2.9284,0.79666,-1.5892,1.4233,0.01723,-2.6765,-0.84914,-0.14534,1.8048,-0.93709
-2.2188,1.0243,-5.9134,-1.4588,1.2678,-0.72901,1.1215,2.4019,-2.583,-0.85308,1.4624,0.11647
-3.5291,-1.0915,1.1612,-1.4808,-1.0184,-0.17148,0.31007,-0.55334,-0.64998,-1.0491,0.55471,0.086663
-3.9964,-1.1957,1.7986,0.80703,-0.13544,0.96213,-0.07291,0.30112,1.4021,0.053562,0.44097,0.053951
-4.0299,-1.5053,1.6753,0.8583,-0.26243,1.0056,0.0051212,0.26633,1.227,-0.046231,0.35685,0.039608
-1.8687,-0.42184,1.0449,0.91222,2.0785,1.2151,-0.90862,-0.8013,1.1365,0.5352,0.026729,-0.27659
-1.1942,1.4775,-4.2931,1.3297,-0.10734,-1.3341,0.043562,1.3503,-2.8966,-0.28399,2.6572,0.19045
-2.0359,0.55939,-3.4157,-0.60643,-0.25863,-0.2653,-0.0326,-1.7756,-0.93555,-1.3909,0.52979,0.042794
-3.776,-1.4472,1.6097,0.86201,-0.6856,1.2424,0.041131,0.11009,0.45362,-0.50025,0.025673,-0.12266
-2.7188,0.33435,-4.7677,1.4797,1.3938,1.2244,0.17383,1.9023,-0.11441,-0.26079,-0.40994,-0.17412
5.078,-0.55183,0.26451,-0.56889,-0.34543,0.70281,0.8124,-1.3038,0.63455,-0.021311,-0.87653,-0.29484
-2.9939,0.25111,-4.8121,1.2153,1.8958,1.4827,0.45491,2.4731,-0.12451,-0.21658,-0.52456,-0.16927
-3.9997,-1.3816,1.7416,0.94891,-0.23849,1.0998,-0.013822,0.32781,0.89169,-0.15123,0.15986,0.0018237
-1.087,6.3609,1.2964,-2.1771,1.5636,-1.5206,-2.5427,-0.12162,-0.8317,0.18917,-0.91798,-0.28117
-1.2283,1.6935,-2.7825,0.66853,-1.6692,0.74921,-0.15504,-3.0652,-1.1036,-0.29891,1.8056,-0.75035
1.5627,7.1208,2.739,0.90393,0.7919,0.038964,0.88428,0.19805,0.052353,-1.8562,1.3494,0.87594
-1.0546,0.83752,-3.6809,1.2931,-1.9104,-0.4441,-1.3349,-1.848,-0.16289,-1.1404,0.24581,-0.35168
-3.847,-0.92293,1.5685,-0.23362,-0.40168,0.37962,0.04567,-0.022763,0.92306,-0.24798,0.73773,0.10373
-0.83416,0.84257,-0.41469,-0.29423,-4.6707,-0.50173,2.8847,-0.81474,2.5373,2.564,0.64556,-0.89653
-3.7255,-1.2665,1.3724,-0.50272,-0.76399,0.38756,0.21216,-0.22574,-0.18905,-0.78509,0.27161,0.037534
4.6314,1.7264,0.35543,-1.0913,0.49085,2.1644,3.0216,-0.48344,0.63757,-0.65369,0.062586,-0.16101
-2.8151,0.82748,-5.6817,-3.2442,1.1858,-0.57138,0.45337,-0.15438,-0.34255,-1.3273,-0.64182,-0.32313
-3.0085,0.22357,-4.7881,1.445,1.9661,1.5691,0.46425,2.6257,-0.11314,-0.14443,-0.48849,-0.1716
-2.8262,0.77088,-5.6972,-3.2113,1.0092,-0.90737,0.34158,-0.019033,1.4651,-0.5037,0.77414,0.15368
-1.0818,0.81115,-3.6059,1.3176,-1.8606,-0.4192,-1.2995,-1.9053,-0.1756,-1.1631,0.29668,-0.33564
-2.8291,0.79702,-5.7358,-3.1755,1.0861,-0.75778,0.35611,-0.11185,0.56247,-0.91552,0.064319,-0.12668
-2.6007,0.57687,-4.3709,1.0189,0.75239,1.1272,-0.32943,0.53125,0.52207,-0.61131,-1.0146,-0.24691
-4.1718,-0.11743,2.2651,-0.10983,0.42511,0.39928,0.098995,0.31429,-0.14741,-0.25635,-0.013195,0.34482
-2.8665,0.77112,-5.7113,-3.1366,1.1404,-0.74614,0.35949,-0.08673,0.57089,-0.87397,0.027986,-0.11011
-3.5175,-1.0478,1.075,-1.6998,-1.0778,-0.28958,0.36286,-0.58573,-0.76984,-1.117,0.63684,0.092463
-3.6073,-1.1324,1.2225,-1.1828,-0.94844,-0.0076218,0.28399,-0.45553,-0.51174,-0.97346,0.46908,0.072223
-3.5151,-0.97383,1.1037,-1.7246,-1.0676,-0.29647,0.34843,-0.59914,-0.76243,-1.129,0.63216,0.096903
-2.4019,0.42392,-3.7803,0.13408,0.53534,0.66642,0.25339,-0.80327,-0.60397,-1.476,0.59334,-0.2131
-2.8747,0.78285,-5.772,-3.271,1.1602,-0.88878,0.34395,-0.11765,0.94206,-0.73377,0.31024,-0.090427
-2.9034,0.25554,-4.1284,0.66462,1.2539,0.87565,-0.024759,0.63166,-0.031696,-0.47339,-0.68278,-0.089897
-2.2928,0.94615,-5.8224,-1.1102,1.3581,-0.50145,1.0669,2.48,-2.3659,-0.76102,1.3068,0.093716
-1.6669,0.70768,-4.6684,2.5214,0.54442,0.13577,0.19993,2.4328,-1.8055,-0.09332,1.8405,-0.091377
-2.9207,0.74981,-5.7386,-3.2169,1.2246,-0.87041,0.34799,-0.084635,0.94952,-0.68263,0.26281,-0.066757
-2.9391,2.4688,3.4096,-0.11076,1.5247,0.9428,-1.3599,0.55526,2.9281,1.2513,0.8745,-0.22592
-2.2529,0.29943,-3.626,1.1318,0.6032,-0.69088,-0.1128,0.3616,-1.4436,-0.21824,0.71648,0.22613
-3.5261,-0.99078,0.96526,-2.2194,-1.0707,-0.54133,0.44262,-0.70425,-0.94935,-1.1905,0.68168,0.12863
-3.4972,-0.93046,1.0919,-1.8224,-1.0875,-0.35356,0.35543,-0.62959,-0.80804,-1.1573,0.66279,0.10315
-2.9374,0.27975,-5.0375,1.7334,2.0821,1.4312,0.56687,2.9959,-0.43657,-0.023955,-0.12956,-0.10714
0.40342,1.8529,-5.0872,0.22522,-1.1657,0.58748,2.5511,1.1115,0.9848,-2.7928,-0.3687,0.81826
-0.488,7.1323,0.4695,-2.5073,0.11119,4.6874,-2.1362,-0.84814,1.394,0.67087,1.7264,3.0438
-3.4327,-0.83852,0.96098,-2.2794,-1.1846,-0.55225,0.4216,-0.73751,-0.98663,-1.2923,0.76787,0.11274
-3.6097,-1.1351,1.2256,-1.1689,-0.94468,0.00044313,0.28252,-0.45084,-0.50515,-0.96962,0.46505,0.071515
-2.8084,0.3417,-5.1589,2.1133,2.2465,1.2886,0.78569,3.7015,-1.0086,0.14692,0.55208,-0.054141
-1.4982,1.4557,-3.0698,1.1262,-1.1059,1.2451,-0.024067,-2.3546,-0.81499,-0.54803,1.7212,-0.84905
-0.12388,4.0261,1.3115,-1.3789,-2.7128,2.4674,-3.5489,0.62494,0.12695,1.3726,-0.51801,2.7951
3.6869,-0.57407,-2.6411,-5.0542,2.2167,-0.98978,1.6337,1.8292,2.3883,0.23783,-0.25887,0.61778
-3.4316,-0.91137,0.86699,-2.3839,-1.2122,-0.54783,0.46585,-0.7323,-1.0069,-1.3242,0.76771,0.099862
-1.4317,5.7486,2.3894,-2.4439,2.5734,-0.39918,-1.4427,-1.3357,-0.93023,-0.79245,0.27906,-0.14685
6.2273,-0.93239,-0.20295,-0.55625,-0.5881,0.25849,0.64081,-0.84917,0.72573,1.4493,-1.8851,-0.6175
-1.3021,1.4821,-2.709,1.3226,-1.0623,0.23476,-0.42611,-2.3435,-0.23014,-1.7482,1.0875,-0.35397
-3.9736,-1.4681,1.7568,1.0269,-0.33388,1.2295,0.037205,0.29809,0.49498,-0.35989,-0.12262,-0.026098
-2.7702,0.33802,-5.0123,2.1468,2.2698,1.3055,0.86848,3.9291,-1.1699,0.17123,0.77073,-0.073693
5.8698,-1.5052,0.23723,-0.77412,-0.27789,1.208,1.2949,-1.9493,0.42488,1.7232,-1.2834,-1.2279
0.28588,2.3286,-2.5328,1.3426,-1.8159,0.58223,2.1102,-2.368,-0.23878,-0.66497,1.2961,0.38598
2.2759,-1.6778,-0.3931,-1.5302,1.1376,-0.16183,-2.2245,-0.46946,0.74299,1.6195,0.07629,-0.60508
-3.0516,0.95858,2.9707,0.24539,1.174,1.2106,-0.9951,0.54055,1.9729,0.86438,0.30977,-0.24759
-2.9581,0.26982,-5.018,1.6725,2.0558,1.4541,0.53179,2.8828,-0.34487,-0.051346,-0.23883,-0.11563
-3.4214,-0.88501,0.80699,-2.4764,-1.2062,-0.55126,0.50648,-0.69098,-1.0465,-1.3553,0.80363,0.093122
-3.5326,-1.0154,1.1142,-1.6464,-1.0539,-0.24526,0.33956,-0.58415,-0.71468,-1.1071,0.59515,0.090551
-3.4899,-0.96601,0.93925,-2.2441,-1.1152,-0.5509,0.44131,-0.71552,-0.95685,-1.2248,0.72641,0.10921
-3.4368,-1.0039,1.0693,-1.8759,-1.0935,-0.36547,0.35695,-0.64706,-0.82868,-1.1559,0.67203,0.10183
-3.0089,5.7057,1.2439,-3.2203,4.932,1.7786,-0.18703,1.156,-0.10411,-0.47961,-1.2739,-0.14878
-2.7778,0.35636,-5.1876,2.2032,2.2854,1.2548,0.83747,3.8684,-1.144,0.18735,0.71338,-0.041599
-3.7098,-1.1578,1.3969,-0.55508,-0.75075,0.35055,0.2083,-0.22423,-0.22218,-0.80354,0.30782,0.046356
-3.6121,-1.1378,1.2286,-1.155,-0.94091,0.0085081,0.28106,-0.44615,-0.49856,-0.96577,0.46102,0.070807
5.5937,-1.2044,0.64871,-0.64773,0.59161,0.21948,1.2261,-0.74201,2.1944,-0.33972,2.6987,0.84221
-2.7771,0.33471,-5.0058,2.1265,2.261,1.3131,0.85678,3.8914,-1.1393,0.1621,0.7343,-0.076525
-0.22385,2.651,-5.7468,-0.89618,-3.021,4.0463,2.5523,-1.0255,0.20789,1.2974,-0.68609,3.0202
-2.0311,0.5565,-3.3977,-0.60432,-0.27217,-0.29336,-0.044736,-1.8048,-0.94507,-1.3869,0.53393,0.048719
-3.8595,-1.4277,1.5668,0.30724,-0.55792,0.82618,0.11668,0.02249,0.17901,-0.55679,0.047209,0.0028031
-3.0466,0.0064733,2.7141,-0.80764,1.2899,0.85372,-0.58195,0.34138,0.04286,0.67055,-0.34958,0.26257
3.3618,-2.794,0.5055,-3.723,2.7724,0.6993,-1.0613,-1.6269,-1.3653,0.079691,0.37796,-0.49982
0.36348,2.5415,-5.5175,-0.78933,-2.6472,3.4588,2.1538,-0.32817,0.51432,-0.48078,-0.18902,3.7274
1.5295,6.9003,1.756,-0.53288,-0.18941,-0.26789,0.91904,-0.83502,0.70592,-0.57324,-1.1916,0.49946
-2.7869,0.84691,-5.7001,-3.2734,1.1451,-0.58011,0.45083,-0.17322,-0.34886,-1.3584,-0.61457,-0.33557
-3.4927,-1.0147,1.0591,-1.7477,-1.1342,-0.26468,0.38745,-0.63814,-0.8041,-1.0798,0.67572,0.065426
-2.8657,0.29214,-4.9224,1.8655,2.1481,1.4111,0.70645,3.4066,-0.74633,0.044702,0.266,-0.11294
-3.6858,-1.3891,1.5662,0.79924,-0.81728,1.2337,0.031622,0.053705,0.43217,-0.57771,0.10067,-0.15349
-4.0587,-1,1.8156,0.6697,-0.02162,0.77264,-0.13642,0.29993,2.0142,0.32388,0.81909,0.10849
-2.4882,1.137,-4.7428,-2.2719,0.054556,-0.20889,0.74493,-1.8077,-1.562,1.2809,0.47861,-0.74061
-3.7561,-1.1878,1.4668,-0.27527,-0.66777,0.51012,0.17739,-0.12268,-0.09435,-0.72677,0.23485,0.033897
-2.7717,0.80016,-5.6097,-2.9178,0.99007,-0.40361,0.39984,-0.091431,-0.51432,-1.3768,-0.71841,-0.2254
-2.9433,0.27691,-5.0319,1.716,2.0746,1.4378,0.55685,2.9636,-0.41037,-0.031781,-0.16078,-0.10957
-2.8747,0.78285,-5.772,-3.271,1.1602,-0.88878,0.34395,-0.11765,0.94206,-0.73377,0.31024,-0.090427
-3.6019,-1.1704,1.2159,-0.8761,-0.95021,0.14464,0.23703,-0.36773,0.026061,-0.71245,0.73642,0.038089
-2.4434,4.4015,-0.3093,-5.1428,0.11001,2.2915,-1.4485,2.4382,-0.24334,0.53102,-1.4529,2.4484
-3.7726,-1.4498,1.6086,0.85973,-0.68591,1.2287,0.031643,0.11416,0.46097,-0.52504,0.020723,-0.11701
-2.7682,0.85986,-5.7124,-3.2928,1.118,-0.58593,0.44914,-0.18578,-0.35307,-1.3792,-0.5964,-0.34385
-2.8997,0.40056,-4.9528,0.1079,1.5646,1.0223,0.44141,1.8081,-0.27093,-0.55639,-0.602,-0.14925
-3.8083,-1.3742,1.4233,-0.083036,-0.62405,0.58378,0.1671,-0.04414,0.092563,-0.60025,0.28328,0.021597
-3.681,-1.2065,1.2007,-1.0665,-0.826,-0.056395,0.25042,-0.36444,0.1155,-0.66412,0.80674,0.11346
2.4594,7.9497,2.3462,1.2181,-0.45076,0.88945,4.4847,-0.46677,-1.1617,1.9258,1.8914,-0.37645
-2.3122,0.46505,-3.7104,-0.079287,0.32205,0.43011,0.18166,-1.1388,-0.70893,-1.5173,0.63699,-0.1885
5.9803,-0.19899,-0.956,-0.90644,-0.57919,0.49425,0.91162,0.40144,0.76379,0.15061,-1.3025,-0.12284
-3.1848,5.7563,0.9775,-3.846,5.2963,0.97936,-0.27563,1.1033,2.1484,0.51252,0.29903,-0.0098139
-3.2628,0.13277,-4.7059,0.64266,1.6718,1.7676,0.069905,1.115,0.95009,-0.53298,-1.7718,-0.22834
-2.753,0.81311,-5.622,-2.9372,0.96294,-0.40943,0.39815,-0.10399,-0.51853,-1.3976,-0.70025,-0.23369
4.2422,-0.76859,-0.92219,-4.8166,1.4511,2.2416,-0.77632,-1.065,-1.7129,1.5091,0.46662,-1.6748
-3.8741,-1.3849,1.7128,0.94566,-0.48285,1.2322,0.031581,0.2185,0.47288,-0.43046,-0.039656,-0.070276
-4.1503,0.0014249,2.312,-0.099682,0.38902,0.46526,0.038884,0.23642,-0.022938,-0.3192,-0.058588,0.31174
-3.5735,-1.094,1.1797,-1.3771,-1.0011,-0.12053,0.30451,-0.52119,-0.60393,-1.0273,0.5255,0.082134
-2.9128,0.29157,-5.0607,1.8059,2.1135,1.404,0.60863,3.1305,-0.54574,0.0086548,0.00052188,-0.097025
0.38314,6.7655,2.0674,-1.8399,1.9035,-1.9877,0.56602,0.18795,-0.38512,-1.2037,-0.61135,1.4119
5.4211,-0.38539,-0.50042,-0.55797,-0.86372,0.073999,0.17875,-0.4928,0.68769,0.48152,-1.5106,-0.3427
0.99644,-0.79354,-1.4294,-0.37204,-1.9669,2.1676,-2.6448,-0.87572,-0.30998,0.84412,-0.18157,2.8404
-3.6316,-1.1011,1.0742,-1.7837,-0.86093,-0.47888,0.41923,-0.47238,-0.67192,-0.88103,0.8215,0.19114
0.76966,-0.71269,-0.74247,-2.5488,0.70347,-1.2857,-1.7192,-0.83428,0.84311,1.9217,0.81528,-0.24943
-3.9794,-1.1059,1.7583,0.71662,-0.19825,0.89587,-0.085123,0.25138,1.6079,0.12158,0.6333,0.043234
-3.4884,-1.0321,1.0991,-1.5957,-1.1362,-0.20671,0.36158,-0.61331,-0.75991,-1.046,0.66841,0.058246
-1.7885,0.61383,-4.1489,1.3841,-0.45811,0.28343,-0.67283,-0.20907,-0.14787,-0.73844,-0.03827,-0.27341
2.9618,-0.64414,0.64126,-1.7456,-2.0909,1.8415,-1.9247,0.083534,-0.43465,1.9608,0.33502,-2.0632
-3.7082,-0.89857,1.3818,-0.89181,-0.65865,0.034745,0.15873,-0.26435,0.32435,-0.55741,0.79666,0.11725
3.0192,-0.18832,-0.4819,-1.7544,0.04542,0.22482,-2.5864,-0.71744,-0.67093,0.78062,-0.61276,-1.2603
-2.7811,0.79369,-5.6036,-2.9081,1.0036,-0.4007,0.40068,-0.085151,-0.51222,-1.3664,-0.7275,-0.22126
0.96249,7.0246,2.1166,0.24361,0.16158,0.032903,-0.6823,-0.57227,0.75172,-1.1365,-0.37044,0.05908
-1.938,1.3663,-5.4827,-2.7021,0.56045,-1.5025,3.8993,-0.59931,2.2659,1.0805,-0.96811,0.26326
-3.7827,-1.3531,1.4085,-0.11048,-0.66358,0.5734,0.17298,-0.068431,0.20846,-0.55267,0.3822,0.017559
-4.2116,-0.085831,2.0492,-1.3672,0.424,-0.32476,0.29786,-0.014782,-0.71611,-0.37382,0.084958,0.50724
-2.7926,0.34927,-5.1737,2.1597,2.2666,1.2711,0.81242,3.7876,-1.0785,0.16779,0.63533,-0.047668
-3.432,0.32671,-5.2035,-2.2606,1.8629,-0.38478,0.40231,0.38915,0.58875,-0.24023,-0.64157,0.27558
4.5217,-1.0291,0.9821,-0.93018,0.84359,1.4196,0.57357,-2.0508,1.4254,0.96178,0.47549,-0.76206
-2.9374,0.27975,-5.0375,1.7334,2.0821,1.4312,0.56687,2.9959,-0.43657,-0.023955,-0.12956,-0.10714
-3.8208,-1.2837,1.5376,0.08333,-0.57759,0.72154,0.14087,-0.008506,0.080748,-0.62671,0.12244,0.013791
1.0893,3.8706,0.32383,1.2497,-4.5857,-0.56749,4.8136,1.6564,-1.0086,2.3715,1.2703,-0.22223
-2.6194,0.36381,-4.702,1.4688,1.1964,1.123,0.082533,1.6773,-0.11665,-0.31452,-0.37149,-0.18418
1.8366,7.6888,1.6125,-0.13925,-0.27889,0.62987,1.2636,-0.28453,1.0279,-0.584,-0.94197,0.73655
-3.9163,-1.2966,1.6886,0.80654,-0.37493,1.0476,-0.012293,0.22133,1.1056,-0.10032,0.38098,-0.022221
-2.0254,0.14983,-2.4976,1.751,-0.39115,0.18488,-0.7539,-1.969,-0.036675,-0.99962,0.21848,-0.03199
-3.2299,0.13928,-4.7623,0.8721,1.7094,1.7547,0.070771,1.3962,0.86038,-0.41135,-1.675,-0.22729
0.32402,2.351,-2.5221,1.3453,-1.825,0.56135,2.1537,-2.3663,-0.21648,-0.69547,1.2841,0.41971
-3.6172,-1.1874,1.2142,-0.82013,-0.8177,0.063814,0.32739,-0.13592,-0.50353,-0.80678,0.68602,0.080494
-3.5595,-1.0601,1.0987,-1.6039,-1.0134,-0.31111,0.31187,-0.56413,-0.4864,-0.96955,0.77427,0.10877
-1.334,1.6031,-2.9294,0.84152,-1.4562,0.95523,-0.1052,-2.8976,-1.0194,-0.49868,1.8692,-0.84889
-3.4887,-1.0118,1.0368,-1.9088,-1.1384,-0.39721,0.37395,-0.678,-0.84077,-1.1773,0.66688,0.10141
2.4181,-1.8559,-0.20197,-1.9002,1.3965,-0.12923,-2.0547,-0.51466,-1.022,1.3378,-0.91399,-0.61295
-1.278,0.7626,-3.8034,1.3399,-1.4714,-0.24357,-1.1443,-1.3651,-0.16483,-1.0074,0.1627,-0.32175
-2.9197,0.28826,-5.0542,1.7856,2.1047,1.4116,0.59694,3.0928,-0.51517,-0.00047585,-0.035902,-0.099857
-2.2201,6.4238,0.34259,-4.8529,3.9028,0.67577,-0.36249,0.45487,1.9347,-0.55669,1.2366,-0.43957
5.4298,-0.30665,-2.5534,-3.6222,0.43968,4.4778,-1.1964,0.66538,-0.23795,1.93,-0.051427,-2.919
-2.0311,0.5565,-3.3977,-0.60432,-0.27217,-0.29336,-0.044736,-1.8048,-0.94507,-1.3869,0.53393,0.048719
5.2161,-1.9128,-0.73907,-1.2955,-0.25728,1.0484,-2.9095,-0.64983,-0.2087,0.76371,-0.24504,-1.4774
-1.0829,1.9577,-2.784,0.93448,-1.6619,1.3536,-0.017395,-2.8344,-1.0008,0.10412,1.9514,-0.95091
-1.6464,1.4209,-3.1634,1.1422,-0.83418,1.3851,0.10522,-2.0415,-0.81113,-0.47608,1.6666,-0.83465
-1.3891,0.6851,-3.4926,1.0747,-1.3561,-0.12441,-1.0221,-1.6506,0.3833,-0.91461,0.57116,-0.32152
-1.9381,0.44015,-3.2624,1.1236,-0.42332,0.82689,-0.40601,-1.7355,0.020053,-1.6447,0.51701,-0.41025
-2.8657,0.29214,-4.9224,1.8655,2.1481,1.4111,0.70645,3.4066,-0.74633,0.044702,0.266,-0.11294
5.9914,-1.2862,-0.20831,-3.4783,0.94289,0.28038,1.7989,-0.84646,-1.3577,0.8405,0.3517,0.43758
-2.8881,0.27822,-4.241,0.89619,1.7658,2.166,0.97044,1.2784,0.23975,-1.0424,-0.18683,-0.17498
-3.3006,-0.8575,0.95705,-2.0491,-1.4462,-0.33054,0.42643,-0.84293,-0.97838,-1.1564,0.8736,0.013614
-2.0261,0.16056,-2.9366,2.2169,-0.25033,-0.28522,-0.97684,-0.89709,-0.37285,-0.29157,0.11383,0.0051925
-1.6037,1.4349,-3.1388,1.1317,-0.91955,1.3442,0.06702,-2.1383,-0.80937,-0.50277,1.6815,-0.84065
-1.7481,0.52298,-3.0734,0.38724,-0.76219,-0.044353,-0.47162,-2.1005,-0.4595,-1.4957,0.52459,-0.090561
-3.5092,-1.0709,1.137,-1.5693,-1.041,-0.23121,0.32534,-0.57001,-0.70918,-1.0721,0.59853,0.092832
-3.5246,-1.0591,1.0857,-1.6159,-1.0527,-0.2547,0.36388,-0.53535,-0.75875,-1.0913,0.64271,0.090946
-3.9225,-1.3851,1.7019,0.71221,-0.41402,1.0547,0.061178,0.18113,0.36369,-0.4498,-0.047148,-0.010442
-1.4313,0.97748,-3.8853,1.1818,-1.3265,0.65591,-0.32355,-1.1244,-0.54599,0.10151,0.50349,-0.69721
-4.0033,-0.7323,1.7788,0.4256,-0.026361,0.56245,-0.20699,0.23028,2.718,0.62349,1.3832,0.12602
-1.6313,1.941,-5.9094,-2.3363,-2.1625,3.711,-0.36884,-0.93335,-1.002,0.63469,0.28574,3.2145
-1.2476,0.80485,-0.97927,-0.58706,-4.5852,2.1958,2.1874,0.24623,0.81948,1.779,-1.8588,2.7628
-3.8024,-1.2916,1.4218,0.60242,-1.143,2.2279,-0.40877,-0.012659,0.28607,0.091013,0.021036,1.876
-0.26155,-0.31464,-0.41318,-2.5616,-2.4059,-1.429,1.6002,1.3404,-0.37091,-0.44138,-1.0096,3.5425
-2.9021,0.27464,-4.8881,1.7582,2.1016,1.4514,0.64465,3.2074,-0.58475,-0.0035595,0.073475,-0.1279
-1.2654,1.5011,-3.684,0.35529,-0.91989,-1.5205,-0.70189,-0.93413,-1.8058,-0.69812,1.2713,0.15862
1.2925,7.2722,2.0775,-1.6506,0.60228,-1.7243,0.70256,-0.45531,-0.562,-1.2035,-0.064994,1.2454
-2.8409,-0.77447,1.8896,1.4345,-1.2378,0.70383,3.587,-0.44749,1.1614,1.0089,-1.7253,0.05234
-2.9354,0.28069,-5.0394,1.7392,2.0846,1.429,0.57021,3.0067,-0.4453,-0.021346,-0.11916,-0.10633
-1.4679,4.3296,0.41803,-1.8047,0.60995,1.6847,-3.1506,-0.29113,-0.90042,2.311,-1.4892,3.9406
5.9761,2.3109,0.56643,0.57245,-0.73716,0.96123,4.1266,-0.11766,-1.3827,2.9239,1.4998,-0.55123
-3.5339,-1.097,1.1673,-1.453,-1.0109,-0.15535,0.30714,-0.54396,-0.63681,-1.0415,0.54665,0.085247
0.69752,6.9333,2.0645,0.1944,0.2487,0.17456,-1.0719,-0.57314,0.60045,-1.0117,-0.232,-0.15464
-1.2155,2.0572,-2.9286,0.78627,-1.601,1.4348,0.023017,-2.6912,-0.85431,-0.13406,1.8166,-0.9464
2.2307,4.0631,-1.1123,1.626,-3.4175,-0.18226,4.2594,0.36906,-1.3889,2.7041,1.081,0.61331
-3.2417,0.14784,-4.7583,0.64859,1.6329,1.7191,0.027171,1.1709,0.94958,-0.4903,-1.8156,-0.23468
-2.7729,0.85662,-5.7093,-3.2879,1.1248,-0.58448,0.44956,-0.18264,-0.35202,-1.374,-0.60094,-0.34178
-2.0194,0.55747,-3.3812,-0.6031,-0.29576,-0.31968,-0.057759,-1.8377,-0.95636,-1.3859,0.54217,0.05345
3.2739,-2.1257,0.20263,-3.9303,2.0187,1.2936,-0.59209,-1.9918,-1.7238,0.58541,0.85946,-0.86197
-3.7819,-1.4563,1.6147,0.86945,-0.67234,1.2316,0.032488,0.12044,0.46308,-0.51465,0.01164,-0.11286
-1.6706,0.52703,-3.0564,0.83411,-0.85902,0.26734,-0.55429,-2.005,-0.20304,-1.5253,0.52608,-0.2056
-3.9515,-1.2163,1.7171,0.75918,-0.28975,0.97633,-0.043704,0.22984,1.3663,0.029245,0.51146,0.0071866
-3.2575,0.12604,-4.7364,0.7909,1.6743,1.7852,0.024001,1.2454,0.98265,-0.44788,-1.8207,-0.23862
-3.5016,-0.91973,0.96944,-2.1402,-1.0247,-0.60677,0.43026,-0.60643,-0.82611,-1.0799,0.91323,0.13519
-1.3798,-0.040175,-0.0037107,-1.7947,-2.4845,-2.8629,1.9567,0.48631,2.2086,0.14525,0.44701,1.4514
-3.4192,-0.06391,1.1532,-2.4121,-1.2166,-0.084069,0.1063,-0.72614,-1.0451,-1.0433,0.82928,1.1193
3.0925,-1.158,-0.48633,-3.4124,1.72,-0.68015,-2.414,-0.36212,-1.2273,1.2544,-1.1329,-0.79541
-3.6131,-1.0435,1.0037,-2.1656,-0.94906,-0.5,0.46347,-0.63706,-0.937,-1.1116,0.5889,0.16929
-3.5134,-0.635,1.2899,-1.6185,-0.95307,-0.27074,0.27726,-0.54977,-0.71632,-1.1142,0.64558,0.117
-3.4159,-0.89232,0.82667,-2.4094,-1.1984,-0.56384,0.50331,-0.66298,-1.0712,-1.3293,0.8373,0.10016
-2.9128,0.29157,-5.0607,1.8059,2.1135,1.404,0.60863,3.1305,-0.54574,0.0086548,0.00052188,-0.097025
-1.0823,0.8201,-3.6691,1.3094,-1.8699,-0.44323,-1.3319,-1.8311,-0.15621,-1.1188,0.22398,-0.34307
-2.3276,1.0085,-4.986,-2.2728,-0.058396,-0.19618,0.43746,-0.98396,-1.2505,-0.44133,-0.11853,-0.2672
-1.9673,2.7431,-0.49069,-3.0845,-4.3221,1.5328,-1.1558,-0.78307,-1.7488,2.341,1.3486,2.8048
1.9954,8.4589,-0.081653,-0.71787,0.48572,1.8631,3.4243,2.5782,0.1331,-0.52036,0.69503,-0.29624
-2.138,1.069,-4.8103,-2.1868,-0.34964,-0.76143,0.2033,-1.6275,-1.3898,-0.1547,0.28217,-0.42086
-2.3924,0.55061,-0.17175,-1.7866,-2.8038,-1.2573,-1.0818,0.18683,1.6273,0.39233,1.8098,0.33206
-3.7554,-1.2225,1.2182,-1.5357,-0.68151,-0.28542,0.4058,-0.41693,-0.76987,-0.82852,0.43554,0.21098
0.636,6.9131,2.0546,0.18721,0.27246,0.20331,-1.1392,-0.5747,0.5703,-0.96893,-0.21399,-0.20394
-1.0261,1.142,-3.5879,1.2524,-2.034,-0.089513,-1.0693,-2.1307,-0.42643,-0.62253,0.62564,-0.54431
-2.7235,0.71521,2.4516,-1.1425,0.3741,0.65411,-0.60855,-0.05025,-0.18181,-0.2482,-0.048748,-0.28758
1.6964,-1.4554,-0.36736,-2.2597,1.2719,-0.59569,-1.8491,-0.61027,-0.72247,1.5398,-0.51611,-0.44768
-2.3274,0.2905,-3.759,1.3159,0.80535,-0.3581,0.00064798,0.75237,-1.3278,-0.18666,0.68513,0.17156
-2.3537,-0.82613,2.6123,0.41222,0.88743,1.7662,-0.75382,0.44082,0.53592,0.39299,-0.52825,-0.45387
-1.1589,2.2389,-5.3875,-2.6145,-1.177,0.57552,4.8116,-1.4861,-0.89922,1.7799,-1.3314,-0.79322
-3.224,0.14212,-4.7679,0.8895,1.717,1.7481,0.080793,1.4285,0.83418,-0.40353,-1.6437,-0.22487
-2.7758,0.35731,-5.1895,2.209,2.2879,1.2526,0.84081,3.8792,-1.1527,0.18996,0.72379,-0.04079
0.39377,1.6877,-2.7251,1.478,-0.83513,0.86892,1.9012,-1.626,-0.63956,-0.56847,1.7682,0.16793
-3.9032,-1.4471,1.5019,-0.16102,-0.4602,0.528,0.22004,-0.034837,-0.087643,-0.53944,0.088077,0.097783
-1.4208,1.6081,-3.8391,0.14756,-1.093,1.8437,0.23218,-1.6214,-0.26939,-1.1582,1.1531,-0.91229
-2.8588,0.29545,-4.9289,1.8858,2.1568,1.4035,0.71814,3.4444,-0.77689,0.053833,0.30242,-0.1101
4.9722,-0.77141,-0.60565,-2.405,-0.071362,-1.3614,0.15173,-0.49484,-0.304,-0.059891,-1.0292,0.49071
-3.6367,-1.2182,1.3052,-0.66778,-0.90702,0.3266,0.23137,-0.31853,-0.27284,-0.85026,0.36761,0.01335
-1.0968,1.9562,-2.8006,0.92424,-1.6353,1.3733,-0.0024829,-2.803,-0.99505,0.10447,1.9427,-0.95286
-3.222,0.14307,-4.7697,0.8953,1.7195,1.746,0.084134,1.4393,0.82544,-0.40092,-1.6333,-0.22406
2.1957,7.6632,1.5501,0.38835,-0.5303,-0.98986,-0.62086,0.48883,0.90552,-1.0688,-0.87581,0.54914
-2.3623,0.2846,-3.8166,1.409,0.89966,-0.20574,0.051305,0.93318,-1.2746,-0.16885,0.67153,0.14723
-3.2309,0.13881,-4.7614,0.8692,1.7082,1.7558,0.069101,1.3908,0.86475,-0.41266,-1.6802,-0.2277
-3.9446,-0.99183,1.7277,0.58624,-0.21475,0.77421,-0.12856,0.21259,1.9775,0.24637,0.91895,0.055506
2.0493,4.3606,-0.97056,1.7953,-3.2227,-0.69837,4.4453,0.46701,-1.3007,2.3836,1.0812,-0.28585
-2.5046,2.4325,2.8955,-2.085,0.60309,0.14449,-0.83117,-0.21396,-0.48711,-0.43377,0.12109,-0.23005
-3.95,-1.5578,1.7317,1.0194,-0.34539,1.238,0.040627,0.28625,0.49793,-0.35189,-0.13409,-0.030815
-2.9415,0.25573,-4.8511,1.6422,2.0514,1.495,0.57783,2.9919,-0.41008,-0.055735,-0.13466,-0.14409
-2.2841,0.13933,-3.256,2.0367,0.28887,0.16765,-0.62202,-0.19073,-0.24712,-0.28827,-0.09351,-0.0027517
-2.0466,2.2396,1.6612,-0.15517,2.1436,0.67104,-1.1149,-0.99615,-0.22556,-0.17841,-0.3125,-0.27199
0.1859,-1.5327,2.2251,-2.9689,1.0301,0.62765,-0.77993,-0.45603,-0.81125,0.17481,0.13213,-0.54346
-3.4782,-0.97655,0.97015,-2.1211,-1.1327,-0.50541,0.41513,-0.70424,-0.91863,-1.2117,0.72589,0.099383
-3.8629,-1.4309,1.5708,0.31822,-0.55542,0.83533,0.11354,0.021793,0.18996,-0.55425,0.037975,0.0016906
-3.8507,-1.3254,1.5993,0.27684,-0.53967,0.80748,0.10655,0.022609,0.16779,-0.57016,0.064954,0.0093995
-2.8084,0.3417,-5.1589,2.1133,2.2465,1.2886,0.78569,3.7015,-1.0086,0.14692,0.55208,-0.054141
-3.0143,0.3761,2.8448,0.56943,0.82408,1.6169,-0.79986,0.50296,0.61401,0.23003,-0.53528,-0.3678
-3.2794,-1.9202,1.8382,0.83037,-0.04698,1.3782,-0.07882,0.28614,0.48834,-0.16972,-0.18012,-0.10165
-1.3391,0.63348,-2.9687,1.2658,-1.4017,0.21875,-0.77555,-2.5863,-0.29702,-1.82,1.0835,-0.44221
-2.3717,0.44079,-3.7576,0.066833,0.4616,0.59815,0.23559,-0.91657,-0.64382,-1.4749,0.61461,-0.21015
2.2681,8.7915,-0.71592,-0.95453,-0.11386,1.582,2.4614,2.922,0.39137,0.21275,-0.35287,-0.039776
7.2278,-1.3045,-0.40605,-0.14329,-0.23754,-0.2671,0.090132,1.0211,-0.14646,0.070114,0.14489,0.4317
-2.6133,0.84497,-5.6086,-2.7345,0.63144,-0.34397,0.29287,0.12387,-0.64502,-1.3455,-0.93716,-0.07607
-3.4915,0.057991,-2.4159,-4.5905,-1.8708,2.0994,-0.17897,2.0004,-0.55476,-0.037245,-0.97212,3.0986
0.31849,1.9915,-2.1773,1.8064,-1.3831,-0.83009,1.538,-1.7546,0.51198,-2.5163,0.49907,1.3222
-3.0516,0.95858,2.9707,0.24539,1.174,1.2106,-0.9951,0.54055,1.9729,0.86438,0.30977,-0.24759
-4.037,-1.3751,1.7083,0.80802,-0.19083,0.93774,-0.035785,0.28394,1.4545,0.075897,0.48769,0.055001
-2.8669,0.45264,-5.0019,-0.27801,1.4491,0.86187,0.43671,1.5764,-0.32195,-0.67481,-0.62899,-0.14227
-2.6469,0.51031,-3.7422,1.0105,1.0404,2.0468,0.49742,-0.2634,-0.049759,-0.72765,0.36068,-0.55087
-4.7276,-1.4429,1.1325,-2.0733,0.022877,0.44007,-0.16859,-0.21642,1.2218,1.6873,1.2298,3.5558
-3.9549,-0.35109,-1.5569,-5.4252,0.12293,0.22267,1.5456,0.79294,2.0507,-1.2063,2.0501,-0.49685
2.0758,6.8129,1.1587,0.20311,-0.26047,-1.6269,-0.10212,0.75167,2.5805,-0.24219,1.483,0.90431
4.8975,-0.69343,-1.1881,-3.7025,1.5035,5.7326,-0.020092,-0.67178,-0.34015,0.83391,1.2468,-2.7403
-1.0641,0.82889,-3.6784,1.3377,-1.9077,-0.45374,-1.345,-1.9425,-0.19921,-1.1933,0.33338,-0.39141
-1.0875,0.80744,-3.6019,1.3195,-1.8551,-0.41665,-1.3007,-1.9075,-0.17019,-1.1592,0.28694,-0.33397
1.9172,7.4519,1.4219,0.44024,-0.58628,-0.98697,-0.70789,0.4796,0.84406,-1.0435,-0.825,0.48883
4.3682,-2.0268,-0.72488,-3.1516,0.7241,-0.34655,-2.3845,-0.86661,-1.2641,1.0601,-0.3542,-0.91079
1.5158,2.0627,-2.2909,1.4888,-1.553,0.48901,2.386,-2.4198,-0.54209,-0.62404,1.8989,0.46478
-4.0279,-0.70648,1.8136,0.44744,0.031253,0.55249,-0.2192,0.25841,2.7335,0.62406,1.356,0.14314
-2.1167,1.064,-3.36,0.90595,-0.023858,1.8363,0.2421,-1.5262,-0.27977,-0.53891,0.86643,-0.76692
-3.6762,-1.1875,1.3209,-0.78096,-0.83283,0.22562,0.23821,-0.31716,-0.32027,-0.8634,0.35463,0.052988
-2.0744,1.1081,-3.3294,0.8979,-0.10868,1.8195,0.22176,-1.6269,-0.29831,-0.52355,0.90691,-0.78411
-2.8783,0.43453,-4.9848,-0.14378,1.4893,0.91768,0.43834,1.657,-0.30421,-0.63362,-0.6196,-0.1447
-1.2245,2.0351,-2.9263,0.80442,-1.5812,1.4237,0.019323,-2.668,-0.85245,-0.13884,1.8054,-0.93462
-2.2997,0.88576,-3.4992,0.92794,0.34203,1.9233,0.33838,-1.0921,-0.19989,-0.6,0.69574,-0.70013
-3.4795,-1.0205,1.0492,-1.6457,-1.1453,-0.302,0.32923,-0.62603,-0.30722,-0.87035,0.99105,0.082203
-3.6881,-0.46503,1.7014,-0.53251,-0.51502,0.387,0.045108,-0.14505,-0.13757,-0.741,0.22315,0.039896
-0.66515,7.0943,1.8867,-2.8931,0.94627,0.7884,-0.7436,-2.6318,-1.47,0.80106,1.9277,-1.4444
1.8623,7.4409,1.4822,0.29835,-0.78831,-0.66521,0.52032,-0.31212,1.1607,-0.45708,-1.5367,0.10072
-0.46637,6.7811,0.81016,-2.0866,1.2005,2.2503,-1.1557,-0.58022,2.476,-0.34163,2.2551,-1.3626
-3.9482,-0.83844,2.0229,0.98724,-0.13631,1.2389,-0.11534,0.33523,0.56488,-0.31238,-0.21404,-0.034825
-1.6885,-1.2318,2.6794,0.20562,1.1815,1.9288,-0.85481,0.45504,0.53266,0.56883,-0.58442,-0.53292
-4.0291,-0.69243,1.9353,0.61226,0.10651,0.72266,-0.21406,0.32854,2.212,0.42498,0.92218,0.12531
-2.6838,0.48536,-3.773,1.0082,1.1134,2.0751,0.52355,-0.17745,-0.036398,-0.73173,0.33202,-0.54299
1.3403,7.4931,-0.44389,-2.0217,-0.36204,3.5065,3.1073,-0.37216,0.6818,1.6215,-0.92463,-2.2506
0.12639,2.3027,-2.6719,1.2156,-1.7743,0.69395,1.9833,-2.3056,-0.21713,-0.73093,1.2487,0.25817
2.3122,7.7947,2.2956,0.6011,-2.845,0.075456,3.4733,2.0489,-0.80658,3.2764,0.7191,-0.096985
-1.1776,1.0655,-3.7208,1.1827,-1.8093,0.41413,-0.43439,-1.6739,-0.55123,0.05489,0.5598,-0.72833
5.4448,-0.45982,0.2616,-0.55357,-0.34042,0.62079,1.2615,-1.0981,0.79069,-0.28196,-0.92439,0.024868
-2.5427,0.46898,-4.329,0.77438,1.4034,2.0895,1.1303,1.1653,0.22132,-1.2646,-0.019109,-0.15953
-3.001,0.23979,-4.8014,1.2992,1.9209,1.5176,0.45593,2.5235,-0.11342,-0.19084,-0.51869,-0.17079
-3.5842,-0.46646,1.1541,-2.1431,-0.76393,-0.79753,0.18389,-0.60222,0.7113,-0.46191,1.612,0.23754
-2.6194,0.36381,-4.702,1.4688,1.1964,1.123,0.082533,1.6773,-0.11665,-0.31452,-0.37149,-0.18418
-3.4159,-0.89232,0.82667,-2.4094,-1.1984,-0.56384,0.50331,-0.66298,-1.0712,-1.3293,0.8373,0.10016
-2.0077,0.55844,-3.3646,-0.60188,-0.31936,-0.346,-0.070783,-1.8706,-0.96764,-1.3849,0.5504,0.05818
-2.9571,0.27029,-5.019,1.6754,2.057,1.453,0.53346,2.8882,-0.34923,-0.050042,-0.23363,-0.11523
-3.3958,-0.11601,1.2216,-2.3645,-0.96971,-0.55804,0.29581,-0.65915,-0.95828,-1.2812,0.74474,0.11492
-3.1259,0.27923,-4.9052,-0.017583,1.4522,1.332,0.097534,0.94576,0.63349,-0.67483,-1.6222,-0.2007
-1.0678,0.81262,-3.5893,1.3278,-1.8872,-0.43891,-1.3144,-1.9366,-0.18136,-1.1634,0.30543,-0.33369
-2.8881,0.27822,-4.241,0.89619,1.7658,2.166,0.97044,1.2784,0.23975,-1.0424,-0.18683,-0.17498
-3.2614,0.12415,-4.7326,0.7793,1.6693,1.7895,0.017319,1.2238,1.0001,-0.45309,-1.8415,-0.24024
2.5707,-0.82821,0.8531,-1.4635,-1.5532,1.0234,-2.4778,0.62178,0.13351,0.76125,-0.37437,-1.5079
0.080541,5.8611,1.4444,-0.34031,-0.034255,0.75042,-2.5344,-0.95866,0.16061,-0.69568,-0.0052662,-1.1477
0.49399,2.3053,-2.5958,1.2913,-1.8512,0.52907,2.3921,-2.2907,-0.060074,-0.8668,1.1172,0.5338
-2.0689,0.54907,-3.4433,-0.57443,-0.19134,-0.20046,-0.005257,-1.6859,-0.90678,-1.3796,0.51157,0.03392
4.9563,0.049358,0.00941,-3.4241,0.38447,0.38821,2.7139,-2.1145,-0.9783,2.5591,-1.3679,-0.81164
-2.9896,-0.71148,0.92336,-1.8479,-1.8962,-0.14186,0.32589,-0.95641,-0.90384,-1.3221,1.0393,-0.090531
5.2342,0.062295,-0.10714,-3.5716,0.45438,0.56394,3.0069,-1.9509,-0.87908,2.5098,-1.4176,-0.76419
-3.95,-1.5103,1.7529,1.0123,-0.33501,1.2389,0.030756,0.28023,0.50764,-0.35734,-0.13965,-0.029034
-3.953,-1.5592,1.7345,1.0107,-0.34916,1.2413,0.035616,0.2701,0.51103,-0.3558,-0.1497,-0.032029
2.2391,7.6883,1.5203,0.45946,-0.52414,-1.0386,-0.55211,0.63672,0.8058,-1.0012,-0.76908,0.55952
1.921,-1.1052,-3.0055,-5.6608,2.3349,0.15032,-1.0149,1.1419,1.616,1.0831,0.20433,-1.067
-3.8467,-1.4977,1.6447,0.91164,-0.57891,1.2367,0.038605,0.16066,0.47848,-0.46019,-0.04077,-0.088839
1.3132,-1.2883,2.4058,0.10747,0.53256,1.4289,2.7753,0.80451,1.3372,0.083415,-1.243,0.65634
-2.0194,0.55747,-3.3812,-0.6031,-0.29576,-0.31968,-0.057759,-1.8377,-0.95636,-1.3859,0.54217,0.05345
-1.0875,0.80744,-3.6019,1.3195,-1.8551,-0.41665,-1.3007,-1.9075,-0.17019,-1.1592,0.28694,-0.33397
-2.6668,0.92477,2.4528,-1.4454,0.34507,0.4891,-0.61999,-0.14191,-0.29855,-0.31088,0.0014782,-0.27816
-3.3805,-0.9851,0.8495,-2.5473,-0.99035,-0.84697,0.36936,-0.74917,-0.027215,-0.82436,1.4173,0.18479
1.5458,2.0643,-2.2874,1.4839,-1.5589,0.48051,2.4061,-2.4237,-0.52949,-0.63887,1.8908,0.47896
-3.056,0.50188,2.881,0.31671,0.96249,1.4884,-0.7888,0.48821,0.52247,0.28117,-0.59167,-0.32808
-2.8853,0.75817,-5.699,-3.1172,1.1675,-0.74032,0.36118,-0.07417,0.5751,-0.85319,0.0098189,-0.10182
-2.871,0.34487,-4.7247,1.234,1.4461,1.4052,0.10726,1.6221,0.24561,-0.32647,-0.84603,-0.20545
-2.9782,0.27602,-4.8355,1.0307,1.8406,1.406,0.45266,2.3623,-0.14891,-0.27322,-0.53746,-0.16593
-1.5332,0.68821,-3.9761,1.362,-0.96478,0.019926,-0.90854,-0.78707,-0.15635,-0.87293,0.062216,-0.29758
-2.8962,0.27748,-4.8937,1.7756,2.1092,1.4449,0.65467,3.2397,-0.61095,0.0042667,0.1047,-0.12548
-1.3494,1.2632,-4.0992,-0.042242,-0.96399,1.9553,0.25579,-1.3741,-0.10285,-1.3964,0.93237,-0.91574
-3.2526,0.12841,-4.741,0.8054,1.6806,1.7797,0.032352,1.2723,0.96082,-0.44135,-1.7946,-0.2366
-1.8917,0.42964,-3.2869,0.39543,-0.21572,-1.6885,-0.41573,-0.95199,-1.8393,-0.38882,0.87207,0.37006
0.053545,8.2437,-1.3903,-2.8704,-0.80298,4.8982,-2.6816,1.1357,0.16994,1.0521,-0.51152,2.3884
-3.1701,0.23726,-4.823,0.11817,1.53,1.46,0.12728,0.94218,0.69548,-0.67776,-1.6135,-0.20103
-4.3666,-0.027105,2.265,-0.80413,0.70795,-0.15957,0.14555,0.15307,0.14541,0.024914,0.3135,0.5571
1.3176,7.4386,1.1741,-0.0095587,-0.90345,-0.14353,-1.0518,-0.35182,0.74366,0.36338,-1.4882,0.025806
-2.3799,0.14835,-0.89519,-2.8301,-4.1364,0.54325,-1.6001,-0.16004,-1.4567,0.90864,-0.0093021,3.8046
-3.8421,-1.4252,1.5111,0.2066,-0.57439,0.78617,0.15157,0.032982,0.11846,-0.58503,0.094074,0.0018048
-3.7364,-0.3599,1.3538,-1.6307,-0.43267,-0.65798,0.016015,-0.38696,1.7637,0.071323,1.8936,0.27604
-1.4034,0.62219,-2.9598,0.81527,-1.3132,-0.07824,-0.68056,-2.7305,-0.58708,-1.7059,1.0962,-0.33661
-4.022,-1.1306,1.8149,0.81229,-0.13163,0.95534,-0.074737,0.30519,1.4031,0.045677,0.44481,0.056968
-4.0074,0.14535,2.2909,0.6151,0.33868,0.77951,-0.395,0.39849,2.1076,0.39788,0.70629,0.10343
-3.1238,0.068829,-3.8011,0.64163,1.5029,1.9792,0.34686,0.11545,0.72054,-1.0811,-0.88888,-0.21185
-1.2676,1.4609,-2.6372,1.2591,-1.2691,0.14545,-0.90287,-2.5972,-0.30437,-1.9801,1.3297,-0.37648
-2.8224,0.31295,-4.9632,1.9931,2.2033,1.3632,0.77995,3.6436,-0.93847,0.10209,0.49495,-0.095135
-3.0428,0.94217,3.078,0.15018,1.1619,1.3989,-0.87175,0.49997,0.48295,0.33684,-0.64959,-0.29008
0.50814,3.0872,1.0002,0.5203,-4.3998,0.63638,4.6253,-0.29517,-0.075638,1.4554,0.53109,0.60906
-0.27086,-2.2592,0.96647,-4.5738,3.6723,2.8026,0.39572,1.9624,-0.18092,0.57768,-1.2545,-0.62095
-2.8916,0.25355,-4.1301,0.71487,1.2534,0.88547,-0.034696,0.66661,-0.01862,-0.49316,-0.66941,-0.09167
-2.6961,0.39446,-5.1717,2.2645,2.1894,1.1937,0.84091,3.8497,-1.2653,0.2295,0.87564,-0.051804
-2.565,0.6275,-5.4723,0.58482,1.8249,0.44194,0.91748,3.1189,-1.6478,-0.28399,0.90524,0.01554
0.086425,8.3932,-1.4307,-2.9265,-0.95084,5.1816,-2.41,0.9439,-0.048974,1.5473,-0.25109,2.0763
0.080541,5.8611,1.4444,-0.34031,-0.034255,0.75042,-2.5344,-0.95866,0.16061,-0.69568,-0.0052662,-1.1477
-3.3784,-0.92944,1.001,-1.9084,-1.3091,-0.3148,0.39872,-0.74067,-0.89467,-1.151,0.78519,0.041772
5.7427,-0.34559,-0.63025,-0.65304,-0.75442,0.1567,0.52518,-0.13118,0.77652,0.22477,-1.4487,-0.11847
5.7361,-1.1858,-0.47034,-3.7401,0.97176,0.85004,1.8327,-0.85644,-1.6493,1.4043,0.64704,0.0077348
-3.8067,-0.90009,1.4593,-0.61782,-0.47574,0.12119,0.069623,-0.14764,0.99088,-0.23178,0.96202,0.13464
5.6556,-1.6912,1.144,-0.56841,0.7539,1.499,1.5012,-1.9195,0.61601,0.27968,-0.56766,-0.29801
-1.7269,0.34982,-2.6656,1.5215,-0.82041,0.17318,-0.77182,-2.1331,-0.10511,-1.2689,0.47018,-0.14125
-3.811,-1.337,1.3794,-0.75294,-0.61859,0.20005,0.2703,-0.26104,-0.32837,-0.70408,0.2241,0.12143
-3.752,-1.2966,1.4061,-0.35006,-0.72258,0.47628,0.19604,-0.17416,-0.11662,-0.7428,0.22728,0.029747
-4.0919,-0.98289,1.9218,0.4265,0.043942,0.77029,0.13411,0.3569,0.075899,-0.25812,-0.054421,0.17481
-3.9177,-0.80068,1.9905,1.0934,-0.12194,1.1807,-0.0014351,0.51809,0.38208,-0.36053,0.094024,0.019542
-3.9775,-1.4462,1.7711,1.0117,-0.33371,1.2343,0.025588,0.27353,0.5173,-0.36783,-0.14621,-0.026826
3.4637,-2.2224,-0.70068,-3.3399,1.6019,-0.65803,-2.1822,-0.43118,-1.2907,1.1289,-0.84209,-0.63217
1.5751,7.1384,2.7836,0.42353,0.42601,0.17149,0.66329,-0.71965,0.70224,-2.2149,0.5893,0.79658
-3.5408,0.076347,-2.7443,-5.2964,-1.6706,1.2935,-0.26715,1.8892,1.6299,0.85183,0.67546,3.2292
-2.359,1.2043,-0.22744,-2.3846,-3.1146,-0.70703,-0.10299,-0.49306,0.62971,2.0509,2.67,-0.66227
-2.9301,0.74334,-5.7325,-3.2071,1.2381,-0.8675,0.34883,-0.078355,0.95162,-0.67224,0.25372,-0.062613
-2.5831,0.58111,-4.3565,1.0214,0.71774,1.1071,-0.34644,0.49138,0.51963,-0.61816,-1.0065,-0.24744
-3.5207,-0.42246,1.0029,-2.5959,-0.87273,-0.99602,0.25826,-0.7095,0.52737,-0.59275,1.7175,0.24495
-3.74,-1.2829,1.3908,-0.41945,-0.7414,0.43595,0.20337,-0.1976,-0.14954,-0.76202,0.24743,0.033287
-0.11967,8.1012,-0.47652,-2.6534,0.12205,4.6931,-0.91488,0.23807,-0.05686,0.53924,0.67936,-0.93243
3.0925,-1.158,-0.48633,-3.4124,1.72,-0.68015,-2.414,-0.36212,-1.2273,1.2544,-1.1329,-0.79541
-3.1887,-0.08755,-3.4522,1.338,0.77413,1.4604,-1.1522,-0.31004,1.4035,1.1533,-0.54945,2.5345
-1.5799,1.2939,-3.9311,0.17324,-0.60552,-0.91304,-0.6131,-0.77656,-1.1826,-0.80175,0.61111,0.031762
-1.6928,0.64053,-4.081,1.381,-0.64742,0.18233,-0.76204,-0.42548,-0.15342,-0.78566,0.00083614,-0.28099
-3.4295,-0.13258,1.2473,-2.1988,-1.0736,-0.28399,0.19743,-0.66511,-0.95608,-1.148,0.80602,0.6119
-3.8197,-1.3976,1.8102,0.87665,-0.14198,1.1307,-0.06054,0.31789,0.93946,-0.090819,0.13442,-0.011206
-3.5502,-1.1301,1.017,-1.8751,-0.87067,-0.53266,0.33533,-0.55931,-0.046047,-0.72241,1.1237,0.16871
-2.8917,0.25968,-4.1511,0.7079,1.2601,0.91207,-0.022983,0.69262,-0.010152,-0.50238,-0.669,-0.099666
-1.856,0.45864,-3.305,0.2912,-0.28609,-1.7233,-0.42051,-1.0274,-1.8596,-0.43182,0.88143,0.3671
-2.5227,-0.32664,0.29065,-0.37731,-2.1263,-1.4537,2.7547,0.16116,2.5261,3.1811,-0.99547,0.72487
-2.1493,0.5129,-3.5454,-0.33308,-0.041394,0.0027017,0.022107,-1.6948,-0.87983,-1.5876,0.71705,-0.12687
-3.487,-0.99285,1.0073,-1.8681,-1.1505,-0.36322,0.38146,-0.68055,-0.58582,-0.97232,0.89369,0.077008
-3.2467,0.13124,-4.7465,0.8228,1.6881,1.7732,0.042375,1.3046,0.93462,-0.43353,-1.7634,-0.23417
-2.4868,-0.74368,2.5943,0.4515,0.83108,1.7372,-0.73024,0.44502,0.53542,0.35677,-0.51495,-0.43895
-1.3013,7.0291,1.2111,-4.6328,-0.80646,0.37628,-1.3412,0.4895,-1.1916,2.1547,0.4362,-0.72232
-4.2026,-1.4677,1.5628,0.11512,0.073662,0.24474,0.013406,0.18386,2.4504,0.65757,1.3633,0.3047
-3.53,-1.0352,1.0181,-1.8379,-1.0521,-0.40497,0.3586,-0.61063,-0.73135,-1.0816,0.7584,0.093098
-3.2309,0.13881,-4.7614,0.8692,1.7082,1.7558,0.069101,1.3908,0.86475,-0.41266,-1.6802,-0.2277
-3.4109,-1.0286,0.94097,-2.1832,-1.0668,-0.58457,0.39348,-0.67628,-0.63327,-1.0566,0.96912,0.12601
-3.5031,-1.0282,1.0552,-1.8253,-1.1142,-0.34865,0.36624,-0.65018,-0.80069,-1.1543,0.64307,0.096104
-3.9441,-1.357,1.3868,-1.1573,-0.47286,-0.10743,0.36254,-0.32655,-0.58949,-0.63413,0.18863,0.25878
-3.884,-1.4806,1.5881,0.46951,-0.51765,0.91243,0.10991,0.087546,0.23843,-0.50926,0.016437,-0.0061261
-3.9791,-1.5403,1.7294,1.0005,-0.36326,1.2288,0.040116,0.25935,0.50876,-0.36599,-0.15187,-0.031299
4.4846,-0.51698,1.0521,-1.8773,-1.8691,-0.10259,1.2558,0.35466,0.68482,0.95756,-1.733,-0.25227
