1.3796,0.25178,1.6368,0.44835,-0.16991,0.24535,-0.44426,-1.4109
2.1232,-0.38895,-2.4862,1.045,-1.4338,1.5884,1.1744,-2.7254
0.9171,-0.59276,0.32393,0.47505,-3.7731,-0.62819,-0.93728,-2.3343
2.1263,-0.63939,-0.1714,-1.3049,-1.7078,0.83837,1.2116,-1.6178
2.0755,-0.8139,1.062,0.13089,-1.4064,0.066065,0.52301,-2.0958
0.98756,-0.44102,-2.262,2.2601,-1.6766,-0.0097362,-0.29469,-2.7941
2.1057,-0.92411,1.4717,1.0152,-0.83946,-0.11855,-0.078994,-1.2048
2.0964,-0.86012,1.4873,1.0108,-0.80489,-0.12824,-0.10672,-1.2116
1.2949,-0.59545,-1.3386,2.8458,-1.028,0.59941,-0.090546,-2.5561
2.1589,-0.50467,-0.44907,-0.80973,-2.6437,0.51553,0.66767,-1.6532
1.9158,-0.71581,0.89265,-0.10348,-1.7638,0.15805,0.78129,-2.3392
1.575,-0.46804,0.023067,-0.36804,-2.91,-0.12382,0.52316,-2.5513
1.8877,-0.51316,-0.30684,-0.64961,-2.8158,0.34651,0.56643,-1.9291
1.2744,-0.61534,0.26049,0.54768,-2.7201,-0.11631,-0.3358,-1.423
2.1778,-0.68545,-0.42333,-0.89002,-2.4618,0.52568,0.58348,-1.7185
1.2951,-0.62656,0.29013,0.66063,-2.6467,-0.10814,-0.41369,-1.2335
2.1368,-0.5419,-0.56467,-0.92733,-2.8736,0.4652,0.54241,-1.8492
0.63944,1.9303,-0.030399,-0.98343,0.55946,0.15431,-0.25408,-3.0726
0.1951,-0.3976,-0.60787,1.0681,-2.5199,-0.16407,-0.7694,-2.1059
0.92736,-0.43867,-1.6678,2.5893,-1.6984,0.80619,0.12891,-2.6494
1.4733,-0.56893,0.16967,-0.28234,-2.8652,-0.15014,0.3516,-2.692
0.64116,-0.55549,0.28036,0.81014,-3.3323,-0.43933,-0.62282,-1.8316
-0.53493,-0.4483,-0.69885,1.2232,-2.4805,-0.9685,0.057812,-2.1653
-0.46611,3.3909,-0.98291,-1.3253,-1.1554,0.8536,0.067519,-2.827
1.0176,-0.65299,0.48277,0.7497,-3.5952,-0.75004,-1.2579,-2.0597
1.1306,-0.54453,0.18043,-0.083932,-3.146,-0.19367,0.16426,-2.6606
1.1973,-0.2672,0.54064,0.54424,-2.4894,-0.31627,-0.084543,-1.9045
2.7081,-0.56491,-2.7142,0.96979,-0.53675,0.64733,0.51174,-2.6592
-1.7988,2.9018,-0.73407,0.11293,-1.4646,0.47362,1.3152,-0.58605
1.0235,-0.68036,0.13214,-0.1268,-3.1275,-0.23326,0.068718,-2.703
2.4092,-0.46557,-2.9972,-0.3095,-0.99898,0.038834,0.12983,-1.5927
-2.2457,-1.4511,-0.94726,-0.97881,-1.2591,0.67541,1.9822,-1.9559
0.93634,-0.1438,-0.012907,-0.11033,-3.0391,-1.0234,2.1438,-2.1667
2.2322,-0.58357,-0.43048,-0.83013,-2.5358,0.49532,0.57244,-1.691
-1.7649,-1.6521,-0.9646,-1.2422,-1.2604,1.7996,0.65888,-2.0337
2.1336,-0.89538,0.77692,0.4175,-1.5528,-0.46003,-0.30835,-2.0721
0.19177,-0.45331,-2.194,2.1361,-2.1756,-0.32018,1.0596,-3.7365
-2.0286,-1.2451,-0.71808,-0.71416,-1.2158,0.18885,1.9387,-2.3677
0.6831,-0.42489,-2.2768,1.3493,-1.9292,-0.76346,-0.94798,-1.6893
0.74343,-0.57707,0.38482,0.80723,-3.1343,-0.33039,-0.49963,-1.7199
-1.5951,2.4121,-0.4262,0.12444,-1.5117,-1.0326,0.55973,-2.774
1.8515,-0.57099,0.158,-0.45834,-2.5123,-0.25278,0.14074,-2.8166
1.4362,-0.60526,0.55742,0.34871,-1.9819,-1.4273,1.3042,-2.2443
0.28312,-0.16832,-2.0411,2.4366,-2.2605,-0.50493,1.473,-3.26
2.2068,-0.55572,-0.47243,-0.89316,-2.6408,0.51688,0.62737,-1.764
1.8954,-0.463,-0.28275,-0.65842,-2.7708,0.31262,0.66306,-1.968
1.1035,-0.40625,-2.4521,0.49886,-1.8594,-0.60153,-0.32001,-2.4631
0.80738,-0.44062,-2.0078,2.6739,-2.0918,0.51982,-0.36829,-2.6561
2.1974,-0.56149,-2.5301,0.89346,-0.58866,-0.14408,-0.67289,-0.36609
0.86829,-0.50859,0.51778,0.86272,-3.634,-0.7646,-1.3897,-1.9422
2.0388,-0.7669,0.91552,-0.17708,-1.5863,0.15143,0.72871,-2.3686
2.0497,-0.61218,-0.43264,-0.83697,-2.5657,0.55447,0.68925,-1.6231
0.65741,-0.56655,0.31873,0.81384,-3.2844,-0.41119,-0.58662,-1.8138
-0.14909,-0.20534,-0.72086,0.93869,-2.5294,-1.1717,0.83424,-2.3211
0.94583,-0.66433,0.51171,0.88543,-3.6031,-0.76682,-1.353,-1.9132
-0.20621,2.8228,0.073686,-0.78113,-0.43848,1.1479,0.50431,-2.653
1.2881,-0.62735,0.29196,0.68035,-2.6379,-0.12153,-0.42444,-1.211
0.84639,0.79572,0.62155,-0.2265,-2.3124,0.28216,1.2802,-2.2003
1.2951,-0.62656,0.29013,0.66063,-2.6467,-0.10814,-0.41369,-1.2335
-0.5656,-2.4085,-2.2466,-2.5446,-0.62613,1.0131,0.11453,-2.3699
0.76277,-0.27971,0.58783,0.6039,-2.0489,-1.7085,1.3885,-2.0682
-2.5503,-1.689,-1.5004,-0.60163,-1.9058,1.8584,-0.078087,-0.57028
1.7051,-0.37083,-1.4096,-0.65047,-1.9234,0.77972,0.47601,-2.068
0.8196,-0.4568,0.010245,0.49755,-3.3864,-0.030727,-0.25612,-1.4449
1.1523,-0.62296,0.29223,0.68365,-2.7463,-0.12268,-0.39921,-1.273
2.0148,-0.45371,-0.3236,-0.69409,-2.7071,0.41142,0.73271,-1.7952
0.27292,-0.38647,-0.7003,0.85341,-2.5073,-0.16438,-0.66122,-2.2956
1.6306,-0.51094,-0.090614,-0.45446,-2.8808,0.10966,0.46393,-2.277
-2.4117,-1.6997,-1.1149,-0.55893,-1.4472,2.106,0.2997,-0.44204
0.50346,0.1301,-2.9227,1.5807,-2.6147,0.46271,2.4107,-2.4441
1.1348,-0.64468,0.39213,0.42997,-3.6609,-0.70286,-1.0486,-2.389
0.29967,-0.28773,-0.94419,0.79924,-2.6776,0.25444,-0.49628,-1.6191
0.20804,-0.30295,-1.7395,2.5739,-1.8372,-0.3056,1.6375,-3.0469
2.1551,-0.55291,-0.46013,-0.82292,-2.6717,0.50777,0.59669,-1.6976
0.017611,0.011565,-0.34224,0.1592,-1.7785,0.49986,-0.16063,-2.6225
2.3929,-0.44317,-3.096,-0.42347,-1.0583,0.032448,0.16804,-1.6619
0.62926,-0.25219,-2.1865,2.5718,-2.4098,0.84175,-0.079627,-2.3275
2.4523,-0.58076,-0.8665,-1.3292,-2.3238,-0.10531,0.43845,-1.9065
1.2263,-0.81604,0.1871,0.25966,-2.5714,0.021714,-0.1881,-1.5195
1.9274,-0.53586,-1.8186,2.4464,-0.75742,1.209,0.1983,-1.5657
2.1967,-0.38195,-3.2726,-0.54238,-1.4256,0.065147,0.22535,-1.7689
2.089,-0.79573,0.98314,-0.016781,-1.4963,0.11366,0.65438,-2.2316
1.0624,-0.5088,0.074527,-0.087932,-3.316,-0.2817,0.097832,-2.7247
0.46337,-0.0052895,0.33723,0.78359,-3.1812,-0.40116,-0.6126,-1.9012
1.0824,-0.5872,0.28386,0.69788,-2.849,-0.13973,-0.39248,-1.3213
0.7217,0.04914,-2.179,2.435,-2.1849,1.3621,0.5767,-1.7219
2.056,-0.51584,-0.46865,-0.82042,-2.6937,0.30809,0.59373,-1.8252
2.2922,-0.59252,-0.38973,-0.83283,-2.4768,0.49753,0.59049,-1.7209
0.67049,-0.57226,0.32331,0.81301,-3.268,-0.41048,-0.59632,-1.8127
1.2027,0.046087,0.16022,-0.32896,-2.4036,-1.2635,1.3975,-2.6776
1.4806,-0.53338,-3.0051,0.13306,-1.0607,-0.69092,0.75592,-1.3678
1.722,-0.4578,-2.2394,1.89,-1.4784,1.0812,0.33751,-2.4512
2.0884,-0.81443,1.0494,0.12203,-1.4029,0.070091,0.55809,-2.1039
1.3675,-0.63749,0.28052,0.65448,-2.5751,-0.081968,-0.41829,-1.153
0.79982,-0.42516,-1.8671,2.6135,-2.0012,0.61716,-0.13085,-2.762
1.4541,-0.33312,-0.0427,-0.36832,-3.0146,0.066953,0.74012,-2.2678
2.2111,-0.52882,-0.61194,-1.0611,-2.6792,0.49531,0.67512,-1.8605
2.3234,-0.5966,-0.36282,-0.80389,-2.427,0.4861,0.57346,-1.6992
-2.5147,-2.4265,0.028046,0.28869,-0.2608,0.20424,1.0179,-1.5158
0.2615,-0.54453,-2.7572,0.20334,-1.6588,-1.1674,1.6579,-1.8937
2.1227,-0.4132,1.1159,0.45404,-0.37954,-0.7011,-0.32101,-1.4435
2.1605,-0.50911,-0.44641,-0.80454,-2.6371,0.51195,0.65734,-1.6504
0.32274,0.019885,-2.6065,2.1277,-2.5402,0.20877,1.8129,-2.3482
2.1565,-0.52466,0.63042,-0.59426,-1.3613,-0.23983,0.63879,-2.5808
1.274,-0.61396,0.25546,0.53692,-2.7272,-0.11405,-0.32819,-1.4341
0.89498,-0.45466,0.16045,0.083966,-2.9992,-0.87419,1.0328,-2.398
0.99425,-0.64233,0.46012,0.71288,-3.6459,-0.73953,-1.2294,-2.1039
0.44585,-0.30751,0.29693,1.0067,-2.9768,-1.2541,1.0638,-1.195
-2.4997,-1.6075,-0.82807,0.30561,-1.6261,-0.25599,0.18966,-1.8738
-0.14987,2.6521,-0.22468,-0.81346,-0.38944,0.41234,-0.89817,-3.3541
-2.2167,0.16785,-1.0431,0.050671,-1.661,0.72412,1.7379,-0.3452
0.63349,-1.3297,-0.03577,-0.55549,-2.1683,-0.85477,1.101,-2.7017
1.8496,-0.44932,-0.25825,-0.62945,-2.7957,0.28568,0.67265,-2.0011
0.94234,-0.65409,0.50249,0.86828,-3.6508,-0.77235,-1.3594,-1.9409
2.0427,-0.79095,1.3769,0.79423,-0.96325,-0.065625,0.071406,-1.43
2.1892,-0.52741,-0.68888,-1.0746,-2.7734,0.43866,0.59323,-1.9069
2.1456,-0.4032,-3.1291,-0.33684,-1.4384,0.095245,0.16644,-1.6417
1.9886,-0.4319,-0.30132,-0.66897,-2.712,0.39286,0.76132,-1.8043
2.104,-0.86149,1.2771,0.59118,-1.1069,-0.031054,0.20042,-1.6283
-0.66211,1.6581,-0.61692,-0.47415,-1.2818,-0.32169,0.45773,-3.0794
0.37222,-0.38484,-0.70303,0.66184,-2.5142,-0.099835,-0.45884,-2.5186
-0.26853,-0.067472,-0.64742,1.2486,-2.6279,-0.83349,0.31764,-1.902
0.11298,2.6058,0.36921,-0.7864,0.32171,0.89955,-0.074703,-3.0823
2.0179,-0.50319,-0.3369,-0.71598,-2.6968,0.38428,0.62903,-1.8606
0.8908,-0.58081,0.65233,1.0889,-2.246,-1.5169,0.77205,-1.4946
-0.1856,2.9681,-0.13226,-0.89158,-0.58021,1.3776,0.76982,-2.2902
-0.85298,-1.9796,-1.7074,-1.8947,-0.8557,1.5427,-0.041705,-2.0635
1.8262,-0.49477,-1.9906,2.519,-0.72426,1.0707,0.29721,-1.206
0.97633,-0.66557,0.52215,0.89014,-3.5717,-0.77254,-1.3563,-1.908
-0.58886,2.9966,-0.85772,-1.0615,-1.3732,0.65342,0.042267,-3.0485
2.0103,-0.50986,-0.38829,-0.73659,-2.7619,0.436,0.62372,-1.7974
1.8686,-0.67975,0.98165,0.082897,-1.5048,-0.32575,1.1595,-2.1648
1.1973,-0.2672,0.54064,0.54424,-2.4894,-0.31627,-0.084543,-1.9045
0.58186,-0.34716,0.36432,0.87493,-3.3191,-0.28455,-0.12278,-1.5386
2.0537,-0.51482,-0.35108,-0.7294,-2.6703,0.40159,0.61622,-1.8272
0.33667,-0.72933,-2.2966,1.225,-1.8231,-0.6493,-0.93142,-1.6541
2.0795,-0.76479,0.97939,-0.039748,-1.5219,0.10887,0.64432,-2.2603
2.0613,-0.40941,-2.6153,1.2087,-1.5743,1.3818,0.80024,-2.6485
0.82327,0.038639,0.30177,0.29596,-3.5839,-0.46302,-0.2919,-2.3413
2.401,-0.46287,-3.0039,-0.31483,-1.0139,0.041186,0.13376,-1.597
-0.30371,-1.5265,1.1715,0.44792,-0.40033,-0.37918,1.0546,-0.95922
-1.4561,2.621,0.95464,0.2437,-1.6915,-1.1621,1.155,-1.8523
2.2412,-0.51286,-0.80162,-1.2314,-2.7901,0.37819,0.57407,-1.9963
2.1458,-0.51122,-0.31153,-0.69995,-2.5573,0.42917,0.65564,-1.7277
2.2931,-0.5894,-0.38612,-0.80029,-2.4534,0.46916,0.57342,-1.6854
2.2589,-0.42937,-3.0076,-0.18364,-1.1177,0.020388,0.072494,-1.4614
0.91963,-0.61149,0.38879,0.60695,-3.7943,-0.69939,-1.1415,-2.2105
0.68367,-0.57662,0.33214,0.8092,-3.2812,-0.42115,-0.6045,-1.822
1.388,-0.62368,0.22042,0.47944,-2.6461,-0.060846,-0.29371,-1.3562
-1.5325,0.9144,-0.45606,0.12558,-1.4081,0.55954,-1.2813,-2.0818
0.52186,-0.11528,0.3702,0.78754,-3.1707,-0.38432,-0.57773,-1.8746
1.8958,-0.55068,-0.20936,-0.58038,-2.6965,0.27792,0.50255,-1.9835
1.6142,-0.3545,-1.5383,-0.67608,-2.1533,0.72197,0.38336,-2.1455
2.1012,-0.85386,1.194,0.42557,-1.2012,0.01128,0.34186,-1.7928
0.30493,0.11633,-2.26,2.5935,-2.1869,0.51234,1.6616,-1.5448
1.1434,-0.54396,0.1751,-0.13156,-3.1527,-0.19221,0.19745,-2.7316
2.1283,-0.73959,1.3413,0.80926,-0.63157,-0.34776,-0.17017,-1.2852
2.0537,-0.51482,-0.35108,-0.7294,-2.6703,0.40159,0.61622,-1.8272
0.68115,-0.42511,-2.2723,1.3335,-1.9242,-0.78171,-0.95216,-1.6731
2.169,-0.51625,-0.43771,-0.79376,-2.6212,0.50896,0.64357,-1.6417
0.99991,-0.40702,-2.39,0.64883,-1.8833,-0.66091,-0.4172,-2.4041
1.3718,-0.21517,-1.3055,-0.46253,-2.1881,0.68824,0.64761,-2.1405
1.1434,-0.54396,0.1751,-0.13156,-3.1527,-0.19221,0.19745,-2.7316
2.2234,-0.56691,-0.43912,-0.83647,-2.5785,0.49764,0.59107,-1.709
0.9233,-0.12287,-2.6252,1.0656,-1.2308,-1.2041,-0.56388,-1.3771
1.6882,-0.33584,-1.6907,-0.87796,-2.0793,0.67004,0.41633,-2.2383
1.0779,-0.58812,0.32217,0.72881,-2.8135,-0.2051,-0.45039,-1.3913
0.47978,0.066299,-2.2552,2.5246,-2.1773,0.81488,1.2934,-1.5673
0.35086,-0.38938,-0.69888,0.68933,-2.5276,-0.10043,-0.49234,-2.4958
0.68331,-0.95288,0.50707,0.73464,-2.6764,-0.29738,-0.56201,-1.6961
2.0653,-0.51894,-0.35526,-0.7313,-2.6596,0.40558,0.61053,-1.8133
1.0896,-0.59091,0.34702,0.32156,-3.7091,-0.66257,-0.93666,-2.5011
1.6472,-0.35702,-1.4309,-0.65799,-2.0201,0.80036,0.49612,-2.0824
0.65603,-0.67361,0.39063,0.80774,-3.594,-0.54614,-1.0917,-1.8605
0.99615,-0.66698,0.52268,0.8892,-3.4796,-0.74664,-1.2871,-1.8855
1.21,-0.34176,-0.073295,-0.28663,-3.3271,-0.082212,0.54799,-2.5009
1.8652,-0.56317,-2.2881,2.762,-0.5486,0.38579,-0.20135,-0.97963
2.1781,-0.65295,1.2056,0.57878,-0.56878,-0.5134,-0.19818,-1.4397
0.0041034,0.019528,-2.5664,2.5914,-2.4734,0.088488,1.4397,-1.7854
0.18643,-0.0097412,-2.6562,2.4999,-2.5872,0.44398,1.2853,-1.5906
2.0732,-0.68481,0.67083,-0.42556,-1.7052,0.058465,0.92766,-2.4451
1.1179,-0.5921,0.32413,0.71382,-2.7881,-0.1759,-0.4459,-1.3747
-1.6797,-2.2337,-0.84922,-0.74882,-1.3899,0.82309,-0.40993,-2.8355
2.2089,-0.525,1.1284,0.48088,-0.35942,-0.72664,-0.33343,-1.4327
1.3518,-0.62108,0.25852,0.6162,-2.6047,-0.094736,-0.36439,-1.2007
0.65661,-0.57036,0.31057,0.8124,-3.305,-0.42473,-0.61553,-1.8252
1.4645,-0.13571,1.5166,0.44737,-0.46041,0.22913,-0.26792,-1.4711
1.0127,-0.64388,0.491,0.77728,-3.5315,-0.73755,-1.2341,-2.0115
1.8496,-0.44932,-0.25825,-0.62945,-2.7957,0.28568,0.67265,-2.0011
1.1031,-0.40295,-1.8071,1.8749,-1.837,0.85172,0.66032,-3.601
2.3239,-0.59521,-0.36726,-0.81621,-2.4356,0.49115,0.58139,-1.7123
2.2286,-0.71716,0.48731,-0.63829,-1.6593,0.11328,0.92616,-2.3781
0.25326,-0.39331,-0.63482,0.9396,-2.5176,-0.14567,-0.67274,-2.2443
2.0566,-0.44103,-2.4676,1.523,-1.3823,1.3125,0.59244,-2.3381
2.1374,-0.76849,1.3629,0.83699,-0.63797,-0.32201,-0.16551,-1.2743
0.60086,-0.4174,-1.8985,2.7378,-2.2112,0.48559,-0.31508,-2.8239
0.21177,-1.8322,-1.5934,-1.2534,-1.3226,0.81694,0.10965,-2.3057
1.6233,-0.35487,-1.5095,-0.67287,-2.1181,0.74454,0.41507,-2.1297
1.1745,-0.43544,0.19456,-0.07162,-3.0098,-0.28798,-0.016084,-2.6803
2.1177,-0.90194,1.3651,0.77661,-0.95568,-0.073071,0.091671,-1.4472
1.5845,-0.91569,1.2524,-0.309,-0.1351,0.22021,0.11212,-2.0125
2.1286,-0.40833,-2.4158,1.1956,-1.3334,1.5567,1.0678,-2.5706
2.3237,-0.44578,-3.0459,-0.27942,-1.0859,0.031549,0.091511,-1.5292
-2.1268,-1.7017,-1.5534,-1.2926,-1.8214,1.8252,0.31328,-1.5987
2.0742,-0.80905,1.0444,0.093231,-1.4315,0.073974,0.54965,-2.1345
0.58396,-0.93606,0.39449,0.71247,-2.8755,-0.34121,-0.64301,-1.751
0.50385,0.077452,0.47688,0.80058,-2.9756,-0.30519,-0.45672,-1.8236
1.8358,-0.14886,1.5732,0.85556,-0.57965,-0.063062,-0.26577,-1.298
0.089702,-0.74715,-0.53944,0.967,-2.1486,-0.080566,-0.79943,-2.0418
1.9289,-0.40497,-2.2677,1.4025,-1.3892,1.4112,0.95684,-2.6768
2.3681,-0.43507,-3.1162,-0.43948,-1.1031,0.039504,0.17984,-1.6749
0.78127,-0.13108,-2.6662,2.2687,-2.6197,1.2956,0.21054,-1.6699
0.93516,-0.61837,0.40305,0.62971,-3.7617,-0.706,-1.1592,-2.1828
1.3481,-0.61843,0.25997,0.55843,-2.6377,-0.0896,-0.3317,-1.3179
2.1289,-0.52482,-0.57487,-0.93198,-2.8394,0.53024,0.54545,-1.7983
0.72488,-0.42957,-2.281,1.3276,-1.8779,-0.77207,-0.9471,-1.6248
1.2951,-0.62656,0.29013,0.66063,-2.6467,-0.10814,-0.41369,-1.2335
-0.39827,-0.87447,-0.072454,0.39592,-2.6531,-1.7155,1.1858,-1.4266
-0.86064,2.3904,-0.41398,-0.34513,-1.4673,0.399,-1.0858,-2.9819
1.9593,-0.41462,-3.2265,0.067325,-1.097,-0.52619,0.049867,-1.1329
1.9356,-0.82181,1.2102,0.5626,-1.2935,0.0098883,0.26461,-1.6641
0.68906,-0.43033,0.41888,0.87337,-3.1664,-0.31453,-0.2318,-1.5892
2.1102,-0.89763,1.4627,0.97094,-0.84837,-0.11741,-0.07139,-1.254
-2.4042,-0.038839,0.32198,0.25446,-2.2495,-1.1075,1.1014,-1.4626
1.7957,-0.42921,-0.31511,-0.67904,-2.8966,0.29887,0.70193,-2.0374
2.0148,-0.45371,-0.3236,-0.69409,-2.7071,0.41142,0.73271,-1.7952
1.3471,-0.71201,0.5805,0.64755,-2.4243,-0.39777,-0.40516,-1.8942
0.49074,2.7034,-0.079365,-1.3233,0.76032,0.25935,-0.17932,-3.274
1.0749,-0.62782,0.38945,0.47533,-3.7112,-0.70187,-1.0628,-2.3414
0.087437,-0.034297,-2.7105,2.5181,-2.5566,0.14624,1.5765,-1.5684
1.0868,-0.53387,0.1984,-0.013236,-3.1593,-0.2062,0.1364,-2.5939
1.0971,-0.59331,0.35037,0.32487,-3.6982,-0.66418,-0.93982,-2.4956
0.87771,-0.40881,-2.334,0.91798,-1.8884,-0.69866,-0.60456,-2.1086
1.999,-0.76385,0.70655,-0.50913,-1.6459,0.30295,0.9086,-2.4453
1.278,-0.62086,0.27107,0.67559,-2.6444,-0.1132,-0.40437,-1.1727
2.3184,-0.41886,-3.1567,-0.47149,-1.1926,0.053614,0.20345,-1.701
0.478,-0.25048,-2.0111,2.5259,-1.9063,-0.49087,1.3719,-2.8639
1.2059,-0.37818,-2.555,1.1968,-1.3444,-0.938,-0.17629,-0.7749
1.2151,-0.54678,0.13272,-0.17138,-3.1144,-0.14248,0.21592,-2.6462
-0.54934,3.1921,-0.45771,-1.0161,-0.94325,0.83898,0.32429,-2.948
-0.92308,2.5884,-0.7651,-0.58971,-1.5398,-0.37153,1.1269,-2.7384
0.67462,-0.034104,-2.4305,2.4086,-2.463,1.0734,0.1136,-1.9841
2.1868,-0.88728,1.4429,0.8352,-0.78652,-0.096447,0.040313,-1.3976
1.8496,-0.44932,-0.25825,-0.62945,-2.7957,0.28568,0.67265,-2.0011
2.157,-0.54732,-0.47791,-0.87221,-2.7058,0.52799,0.62844,-1.75
1.1037,-0.098929,0.14994,-0.32445,-2.9403,-0.18416,0.15581,-2.7859
2.1158,-0.91699,1.4783,1.0136,-0.80419,-0.11634,-0.07802,-1.2048
1.2947,-0.62518,0.2851,0.64987,-2.6539,-0.10588,-0.40608,-1.2446
0.67302,-0.57648,0.29387,0.81138,-3.2922,-0.4434,-0.6359,-1.8312
0.93737,-0.45011,-1.6738,2.8005,-1.5874,0.79067,0.046372,-2.4213
-2.4329,-0.026259,-1.0566,0.26704,-1.7177,-0.30015,0.67747,-1.3115
1.1544,-0.60434,0.29099,0.62103,-2.8041,-0.16684,-0.37871,-1.4652
0.90391,-0.037688,-2.6119,1.4446,-1.7865,-0.83485,2.1302,-3.4926
0.15858,-0.39081,-0.62346,1.0627,-2.5694,-0.15895,-0.76983,-2.1183
1.1666,-0.56614,0.19679,-0.066399,-3.8158,-0.55223,-0.56085,-2.8826
1.01,-0.6499,0.4769,0.74101,-3.6097,-0.7473,-1.2509,-2.0707
0.051222,-0.74204,-0.60217,0.87917,-2.1437,0.12655,-0.63008,-1.8187
-1.6321,3.6131,-0.66361,0.16465,-1.4584,0.39075,1.2238,-0.64155
2.0537,-0.51482,-0.35108,-0.7294,-2.6703,0.40159,0.61622,-1.8272
1.4743,-0.41393,-0.092367,-0.41147,-3.0648,0.11935,0.60722,-2.2722
1.2648,-0.61982,0.27511,0.67845,-2.6574,-0.1168,-0.40671,-1.1881
0.6223,-0.44752,0.25986,0.9151,-2.7672,-1.1819,0.94197,-1.108
2.236,-0.51111,-0.81234,-1.2303,-2.7358,0.39889,0.61713,-1.9821
2.3239,-0.59521,-0.36726,-0.81621,-2.4356,0.49115,0.58139,-1.7123
1.6086,0.77066,0.96252,-0.60954,-1.2737,0.3332,0.63723,-2.6107
0.36932,-0.36711,-0.7413,0.54995,-2.5728,-0.069982,-0.35912,-2.6379
1.0804,-0.58652,0.28217,0.69654,-2.8527,-0.13914,-0.39149,-1.3224
0.022985,2.8146,-0.49109,-1.0846,-0.58242,0.66234,-0.57224,-3.2135
2.1175,-0.72484,0.72206,-0.40638,-1.7752,0.28898,0.91621,-2.3927
0.39193,0.36905,0.4852,0.81072,-3.0084,-0.25748,-0.23151,-1.6837
2.1283,-0.93447,1.4948,1.018,-0.9136,-0.16182,-0.17495,-1.2285
1.2945,-0.62588,0.28732,0.65603,-2.6496,-0.1084,-0.41005,-1.2381
1.4504,-0.27834,-0.61698,-0.69323,-3.5127,0.59227,0.68843,-1.6681
2.1232,-0.38895,-2.4862,1.045,-1.4338,1.5884,1.1744,-2.7254
2.0047,-0.6586,1.5016,0.96414,-0.74969,-0.10219,-0.13538,-1.2314
1.7271,-0.32338,-1.7479,-0.98114,-2.0231,0.66528,0.45071,-2.2907
0.39443,-0.82614,0.35064,0.68093,-3.0177,-0.31023,-0.6195,-1.7757
2.1203,-0.64497,1.3405,0.77069,-0.5772,-0.37923,-0.21068,-1.3106
2.3819,-0.44148,-3.097,-0.41632,-1.0707,0.033945,0.16491,-1.6548
2.1036,-0.86236,1.3343,0.70769,-1.0237,-0.055111,0.11524,-1.5083
0.4104,-1.124,0.38625,0.63778,-2.788,-0.27621,-0.65072,-1.7364
0.28297,2.2733,0.23665,-0.81933,0.19268,0.93175,0.07712,-3.0463
2.1934,-0.52876,-0.68551,-1.0719,-2.7659,0.43748,0.59127,-1.9047
-1.4965,3.0871,0.0050224,0.40323,-0.24702,0.0030922,0.98616,-1.0247
2.121,-0.93161,1.478,1.0162,-0.81863,-0.1219,-0.087644,-1.2054
1.2096,-0.36759,0.5717,0.62473,-2.4799,-0.33745,-0.13805,-1.8512
-0.2658,-0.30236,-0.75579,0.85735,-2.4947,-1.0841,0.73478,-2.4666
-0.8571,2.3281,-0.33553,-0.3228,-1.4113,0.37017,-1.1116,-3.0492
1.2187,-0.66908,0.33256,0.17644,-3.6492,-0.65852,-0.87664,-2.6377
0.53912,-0.33872,-0.26536,-0.27513,-3.1932,-1.2619,1.5127,-2.7753
0.24283,-0.22009,-0.89943,0.78865,-2.3857,-0.54513,-0.66467,-2.1267
2.3389,-0.6034,-0.34316,-0.7792,-2.3908,0.47999,0.55532,-1.676
2.0805,-0.0339,1.0417,-0.39064,-1.0473,0.19085,0.64007,-2.4287
-3.0144,-2.5069,-0.13753,0.29611,-0.45886,0.21124,0.70013,-1.5519
2.1028,-0.87445,1.4867,1.0095,-0.81188,-0.12345,-0.1046,-1.2141
2.1146,-0.91336,1.4105,0.87711,-0.90031,-0.09056,0.022053,-1.3449
1.1319,-0.60604,0.30859,0.66009,-2.8128,-0.17369,-0.40164,-1.4441
2.1143,-0.46409,-0.47114,-0.82284,-2.7079,0.52942,0.73528,-1.6513
1.0161,-0.63142,0.40188,0.57561,-3.66,-0.6886,-1.0818,-2.2236
2.1096,-0.89555,1.4552,0.9548,-0.85913,-0.11402,-0.059975,-1.2706
1.3612,-0.77152,1.5454,0.61161,-0.34184,0.26372,-0.32086,-1.2111
-1.9288,2.8419,-0.20637,0.57035,-0.92882,-0.79153,-0.67102,-2.3337
2.1661,-0.51926,-0.28846,-0.67837,-2.5174,0.42294,0.64378,-1.7118
-2.6453,-0.51263,-0.84914,0.12522,-1.4476,-0.13569,0.08494,-1.7256
-0.93427,-1.995,-1.3606,-1.4155,-0.96803,0.41983,0.9396,-2.5991
-0.060612,2.4907,0.30963,-1.1186,-2.1186,0.41035,-0.32224,-2.7731
1.9467,-0.41585,-0.34834,-0.70978,-2.7898,0.40113,0.78455,-1.833
1.9946,-0.49537,-0.3293,-0.70752,-2.7116,0.37016,0.63657,-1.8814
0.72136,-0.096632,-2.5266,2.3773,-2.5763,1.1878,0.24381,-1.7773
2.0726,-0.441,-0.49912,-0.84267,-2.7787,0.54377,0.77151,-1.6619
2.0757,-0.81459,1.0645,0.13627,-1.4028,0.064935,0.51921,-2.0903
0.36214,0.011436,0.32561,0.42408,-3.729,-1.6793,0.35505,-2.4633
0.83531,-0.064873,-2.613,2.0779,-2.6076,1.2392,0.51301,-2.067
0.88803,-0.64104,0.48148,0.87902,-3.6457,-0.73997,-1.2998,-1.9176
2.11,-0.89694,1.4602,0.96556,-0.85195,-0.11628,-0.067585,-1.2596
1.572,-0.53819,-2.6549,0.32383,-0.92293,-1.4368,-0.76505,-2.411
0.43121,-0.37814,-0.75547,0.46352,-2.5597,-0.068537,-0.33737,-2.7541
1.6341,-0.38679,-1.834,1.61,-1.4047,0.92424,1.0244,-3.5292
0.55536,0.00082803,-1.1008,0.042911,-2.3421,-0.79493,1.8598,-2.4624
1.1835,-0.47088,0.12116,-0.20516,-3.1742,-0.12668,0.38107,-2.6669
1.1819,-0.39818,-1.8556,1.8136,-1.8018,0.90541,0.70829,-3.5337
-0.53438,-1.3437,-0.5944,0.7198,-1.9733,0.123,-0.83274,-2.0201
2.1435,-0.77101,1.069,0.12371,-1.2162,-0.017267,0.48585,-2.0705
0.17139,-0.39149,-0.61689,1.0685,-2.5481,-0.16353,-0.76708,-2.1082
-0.011389,-0.16615,-2.3116,2.748,-2.3976,-0.13592,1.2088,-2.1794
2.038,-0.76413,0.90545,-0.1986,-1.6007,0.15595,0.74393,-2.3908
-0.10932,2.4839,0.84746,0.47832,0.6651,0.62483,-0.92814,-1.9087
-1.6672,-1.6833,-0.82011,-0.84547,-1.4844,0.93581,-0.3692,-2.9509
2.3239,-0.59521,-0.36726,-0.81621,-2.4356,0.49115,0.58139,-1.7123
1.1234,-0.64159,0.38791,0.42936,-3.6757,-0.7011,-1.0474,-2.3911
0.66959,-0.42476,-2.2668,1.3385,-1.9327,-0.78731,-0.95565,-1.6863
1.4635,-0.46768,-0.089414,-0.44034,-3.0223,0.028022,0.48081,-2.4308
2.1143,-0.46409,-0.47114,-0.82284,-2.7079,0.52942,0.73528,-1.6513
2.0854,-0.90412,0.81394,0.5614,-1.5333,-0.48289,-0.41675,-1.9159
0.42029,-0.33886,-0.69234,0.5321,-2.9501,-0.241,-0.72814,-2.7872
1.0718,-0.32436,-2.5194,1.8288,-1.8026,0.029595,1.5274,-2.7754
1.8774,-0.38398,-1.8403,-1.1049,-1.6985,0.17444,0.36416,-2.2511
-0.85517,1.9572,-0.5233,-0.046703,-1.4532,0.19562,-1.3434,-2.6238
0.71767,-0.5714,0.41758,0.82262,-3.129,-0.35273,-0.50956,-1.7711
2.2237,-0.37659,-3.2912,-0.60095,-1.3824,0.072618,0.26779,-1.79
1.2096,-0.36759,0.5717,0.62473,-2.4799,-0.33745,-0.13805,-1.8512
-3.1835,-0.098827,-0.6518,0.77113,-1.4267,-1.2975,1.4992,-1.3356
0.23639,-0.82478,-2.2921,1.1744,-1.7966,-0.64308,-0.95608,-1.6585
-2.4518,-0.92871,-0.67712,0.47021,-1.8403,-0.28841,0.84256,-1.584
0.91245,-0.58396,0.28894,0.41783,-3.675,-0.56187,-0.76867,-2.3646
0.68237,-0.57886,0.29639,0.81063,-3.2811,-0.44446,-0.63625,-1.8301
2.104,-0.86009,1.2724,0.57964,-1.1147,-0.027397,0.20819,-1.6404
2.0863,-0.77431,0.90502,-0.17243,-1.6,0.15336,0.76491,-2.3752
-0.0097149,2.8144,-0.012197,-1.3788,-2.0941,0.42489,0.20288,-2.6895
1.1678,-0.61576,0.31296,0.70435,-2.7533,-0.16142,-0.43989,-1.3292
0.63997,2.6469,1.1286,-1.2558,-0.48247,0.82908,0.18812,-2.6782
0.38273,-0.39113,-0.70763,0.64102,-2.5231,-0.097836,-0.47086,-2.5568
-0.18906,2.512,-0.36917,-1.0278,-0.50304,0.5313,-0.7448,-3.4189
-2.4252,3.1877,0.31681,0.96881,-0.48699,-1.1468,1.7303,-1.2914
-1.0783,2.8306,-0.08388,-0.54014,-0.39457,-0.13709,0.43588,-3.2236
2.0958,-0.85804,1.4797,0.99465,-0.81565,-0.12485,-0.09531,-1.2282
1.2357,0.11283,0.24863,-0.10212,-2.802,-0.020454,0.8039,-2.2548
-0.68098,0.15454,-0.63775,1.3286,-2.5397,-1.3524,0.92984,-1.8782
2.1368,-0.5419,-0.56467,-0.92733,-2.8736,0.4652,0.54241,-1.8492
2.0438,-0.88089,1.4518,1.0044,-0.89113,-0.10382,-0.06258,-1.2179
1.2781,-0.63479,0.2929,0.6713,-2.641,-0.10681,-0.41744,-1.2138
-0.4395,2.7981,-0.58757,-0.92363,-1.1775,0.66985,-0.45922,-3.0853
2.0612,-0.81014,1.0799,0.20377,-1.3897,0.064069,0.51541,-2.0208
-2.4988,-0.53488,-0.43191,0.19998,-0.99297,0.108,0.45812,-1.6069
-0.17694,2.5806,-0.33122,-0.98852,-0.482,0.49448,-0.77108,-3.4424
0.66943,-0.57585,0.30742,0.81282,-3.2685,-0.42824,-0.59947,-1.8073
0.24615,-0.34211,-0.60725,0.99788,-2.3274,-0.31395,-0.17745,-1.9588
1.7135,-0.33769,-0.6836,-0.8798,-2.6849,-0.58167,2.0261,-1.7242
2.1881,-0.5708,-2.5231,0.9729,-0.56361,-0.19215,-0.75601,-0.29326
1.2447,-0.54648,0.11444,-0.18648,-3.0978,-0.12228,0.22586,-2.6061
0.17989,-0.082433,-2.7072,2.462,-2.5611,0.39004,1.2757,-1.6198
2.0537,-0.51482,-0.35108,-0.7294,-2.6703,0.40159,0.61622,-1.8272
1.1523,-0.62296,0.29223,0.68365,-2.7463,-0.12268,-0.39921,-1.273
1.1664,-0.4191,-1.8294,1.9891,-1.7426,0.9075,0.55525,-3.2608
1.0929,-0.39907,-1.801,1.8597,-1.8509,0.8434,0.67831,-3.6528
1.109,-0.6476,0.40335,0.48095,-3.6639,-0.71051,-1.0905,-2.3383
0.69116,-0.57247,0.31175,0.76357,-3.2693,-0.40681,-0.55948,-1.8698
1.1521,-0.60945,0.29928,0.65181,-2.7976,-0.16225,-0.40248,-1.4212
0.70831,-0.046142,-2.6086,2.3343,-2.6541,1.2797,0.31634,-1.6525
2.098,-0.87453,1.4834,1.0181,-0.80433,-0.13882,-0.1064,-1.2029
0.18878,-0.020816,-2.6553,2.5044,-2.581,0.40912,1.3054,-1.6185
-0.029507,2.3942,0.46857,-0.81738,-2.0577,0.43031,0.24591,-2.5645
0.29683,1.0566,0.16166,0.44708,-0.15436,0.67025,-0.33151,-1.3523
2.121,-0.93161,1.478,1.0162,-0.81862,-0.1219,-0.087642,-1.2054
2.2563,-0.67078,-0.51575,-1.1113,-2.2435,-0.48473,0.33607,-2.518
-3.0386,0.14486,-0.33281,0.82895,-1.058,-1.0951,1.8178,-1.196
0.67049,-0.57226,0.32331,0.81301,-3.268,-0.41048,-0.59632,-1.8127
0.28789,-1.573,0.63274,-0.62524,-1.0697,0.35722,-0.35713,-2.3053
0.70725,-0.10443,0.461,0.5053,-2.4974,-1.383,1.0381,-2.0822
0.49972,0.90794,-1.1713,-0.43632,-2.3105,0.24886,0.67086,-2.8249
2.2091,-0.52296,-0.72219,-1.1299,-2.8062,0.40994,0.56925,-1.9445
-0.0085015,-0.19333,1.0297,-1.2842,-0.33021,0.98007,0.4179,-2.5928
1.036,-0.65852,0.49187,0.77282,-3.5623,-0.74973,-1.2754,-2.0153
2.1077,-0.88724,1.4253,0.88946,-0.90285,-0.099062,-0.014152,-1.338
-0.39285,1.0037,-0.68585,0.11381,-1.3282,-0.36058,-1.3005,-2.3665
2.1661,-0.51926,-0.28846,-0.67837,-2.5174,0.42294,0.64378,-1.7118
0.37222,-0.38484,-0.70303,0.66184,-2.5142,-0.099835,-0.45884,-2.5186
0.88803,-0.64104,0.48148,0.87902,-3.6457,-0.73997,-1.2998,-1.9176
-0.71069,2.3222,-0.09187,-0.54379,-0.98589,0.72267,-0.52532,-3.028
1.1751,-0.62442,0.16742,-0.18883,-3.0051,-0.20498,0.17298,-2.7307
-1.4134,2.3512,-0.067843,0.15578,-1.0884,-0.7114,0.91878,-2.5861
1.0896,-0.59091,0.34702,0.32156,-3.7091,-0.66257,-0.93666,-2.5011
1.2951,-0.62656,0.29013,0.66063,-2.6467,-0.10814,-0.41369,-1.2335
1.1989,-0.61847,0.30832,0.69528,-2.7278,-0.14642,-0.43522,-1.3035
1.0393,-0.40591,-2.439,0.55792,-1.9076,-0.66217,-0.38451,-2.4955
0.078055,-0.11578,0.14646,0.47143,-3.2014,-1.6425,1.3615,-2.3115
1.7128,-0.2198,-3.1792,-0.19586,-1.3468,-0.97474,1.5602,-1.5276
0.65661,-0.57036,0.31057,0.8124,-3.305,-0.42473,-0.61553,-1.8252
0.67046,-0.42475,-2.2662,1.3369,-1.9341,-0.78451,-0.95532,-1.6884
2.4381,-0.18833,-0.28339,-1.3815,-1.6045,0.36439,1.0364,-1.7159
-0.22173,-0.30606,-0.96726,0.75356,-2.5443,-0.63947,0.62179,-2.0173
2.2871,-0.59396,-0.38422,-0.81086,-2.4672,0.4886,0.57659,-1.6969
-2.5054,-0.56151,-1.4801,-0.046159,-2.1133,0.5293,1.4236,-0.48366
2.0826,-0.78054,0.92632,-0.13124,-1.5718,0.13153,0.73727,-2.3481
0.97426,-0.6649,0.52046,0.8888,-3.5754,-0.77194,-1.3553,-1.9091
0.73023,-0.53901,0.36345,0.69928,-3.843,-0.65299,-1.0942,-2.1163
1.9721,-0.42777,-0.30833,-0.67218,-2.7399,0.39861,0.76733,-1.809
2.0868,-0.76466,0.86967,-0.23662,-1.6426,0.17385,0.81075,-2.4249
0.39976,-0.41708,-1.0302,0.61411,-2.2344,-0.78635,-0.89407,-2.2845
1.6233,-0.35487,-1.5095,-0.67287,-2.1181,0.74454,0.41507,-2.1297
-2.6154,3.3606,-0.33968,0.90265,-1.3011,-1.6729,0.97714,-1.6677
1.2905,-0.45667,0.04525,-0.28212,-3.1313,-0.041594,0.45283,-2.5352
0.65047,0.65299,0.22682,0.0038668,-3.8328,-0.51705,-0.26353,-2.5707
2.3504,-0.4438,-3.0694,-0.34229,-1.0789,0.032613,0.12517,-1.5868
2.2412,-0.51286,-0.80162,-1.2314,-2.7901,0.37819,0.57407,-1.9963
-2.421,-0.51539,-0.32089,0.26905,-0.98378,0.027423,0.36234,-1.7846
-2.7516,-1.2425,-1.2931,0.015648,-1.6794,0.098203,0.71676,-0.98921
2.1811,-0.53088,-0.66319,-1.0427,-2.7787,0.44688,0.58751,-1.8907
0.36918,-0.46423,-0.19119,0.0053404,-3.253,-0.92052,1.4241,-2.1211
2.2225,-0.65852,-0.57657,-1.0499,-2.4866,0.36088,0.50776,-1.7781
-0.67872,1.6937,0.64934,0.89022,0.89458,-0.78214,0.25898,-1.6626
-0.97,-2.0843,-0.50119,-0.50865,-0.79446,0.74236,-0.40416,-2.6916
1.7442,0.17044,1.0575,-0.24814,-1.2645,0.19616,0.622,-2.4405
0.06075,-0.032466,-2.6096,2.5721,-2.5545,0.18637,1.4559,-1.6989
1.4512,-0.098546,1.6191,0.63172,-0.30589,0.19292,-0.42708,-1.2752
1.647,-0.3577,-1.4287,-0.65184,-2.0159,0.79789,0.49211,-2.0758
2.3224,-0.39763,-3.4785,-0.74814,-1.2537,-0.23598,0.1631,-1.8682
2.3896,-0.44083,-3.1043,-0.43458,-1.0685,0.033938,0.17425,-1.6711
0.26306,-0.41912,-2.1759,2.2059,-2.1888,-0.30517,1.0478,-3.5891
0.98518,-0.59572,0.34421,0.74957,-2.9176,-0.23226,-0.45947,-1.4931
1.8954,-0.463,-0.28275,-0.65842,-2.7708,0.31262,0.66306,-1.968
2.4341,-0.47367,-2.9769,-0.29349,-0.9542,0.031779,0.11803,-1.5796
1.0896,-0.59091,0.34702,0.32156,-3.7091,-0.66257,-0.93666,-2.5011
1.6477,-0.35701,-1.4306,-0.65877,-2.0208,0.80176,0.49628,-2.0834
0.044639,-0.87898,-0.4336,0.20252,-1.3525,0.30099,-0.5045,-2.4711
1.0662,-0.69558,0.26031,0.11255,-3.4622,-0.49888,-0.56937,-2.6155
