0.28306,0.085499,-2.6105,1.2302,-2.4384,-2.423,0.14567,-0.48212,-1.7687,-1.8775,-1.7653,-1.1538,0.96826,-0.07165,1.396,-0.69187
1.5149,-0.099717,-3.5116,-0.26476,-0.8202,-0.63446,-0.64928,-2.0013,-0.0418,-0.89892,-3.1962,-0.74549,0.15661,1.2243,0.93048,-0.85734
-0.019748,0.35379,-2.1773,0.9446,-1.9366,-0.13391,-0.75646,-0.60338,-1.9384,-1.9322,-3.515,-0.32611,0.40713,-1.0743,0.8606,-1.021
-0.85526,-0.1386,-0.77597,-0.15272,-0.8981,-0.9745,-0.82082,-1.5345,-1.1802,-1.4837,-1.8195,-1.314,2.2791,-0.13463,1.5194,-1.1794
0.13218,2.9269,-0.15635,-0.64217,1.4548,-0.54558,1.042,-1.8472,-1.4273,-0.84522,-1.9256,-1.7259,0.75704,-0.34697,1.0416,-0.88273
-0.972,1.9009,-0.31501,-0.042959,-0.86678,-0.62836,0.71737,-1.1276,-1.0157,-2.2435,-2.0051,-1.0039,1.5958,-0.023816,1.3213,-0.84348
2.2303,-0.16619,-3.6623,-0.21013,-0.14123,0.59731,-0.56872,-1.0895,-1.1337,-1.6023,-1.6474,-1.2396,0.99218,-0.20407,1.5992,-0.9057
2.3891,-0.21768,-3.5447,0.049562,0.097527,0.71349,-0.52093,-1.0838,-0.96917,-1.537,-1.5444,-1.0722,1.0332,-0.36436,2.03,-0.93511
0.25146,0.17176,-2.6705,1.181,-2.4699,-2.544,0.033656,-0.32183,-1.8186,-1.7593,-1.6876,-0.8829,0.91588,-0.15883,1.3717,-0.70939
0.51382,2.91,-0.43185,-0.6878,1.7217,-0.77219,1.1603,-1.4071,-0.83755,-0.56269,-1.5816,-1.6521,0.77083,-0.53862,1.7916,-0.98615
0.43494,2.7981,-0.20715,-0.14408,2.0105,0.74618,0.68188,-1.6436,-1.8637,-1.5272,-0.64636,-1.5727,0.58191,-0.14282,1.442,-1.0285
-0.5239,-0.37428,-1.9527,1.9716,-2.3357,-1.673,-0.98637,-2.0751,-2.0605,-2.0105,-1.9927,-2.2259,1.2266,-0.3906,1.4607,-0.56002
-0.1574,0.17525,-2.6374,1.2946,-2.4104,-2.5849,-0.9587,-0.66543,-1.7216,-1.3668,-1.4671,-1.3109,1.3823,-0.30519,1.476,-0.71474
-2.1667,2.8407,0.27807,0.29018,-0.42449,-0.40256,-0.17552,-1.625,-1.259,-1.9204,-2.1934,-2.3586,0.60687,-0.36847,1.2564,-0.81397
0.42352,0.21604,-1.8233,2.2009,-1.4447,-2.0351,0.026292,-0.87065,-1.9952,-1.4676,-1.8469,-0.79681,0.10957,-0.37612,0.7919,-0.86639
0.11438,3.0094,-0.7525,-1.0578,1.4002,0.29174,0.58178,-1.4571,-2.1409,-1.5753,-0.82947,-2.0775,0.4465,0.20206,0.38339,-0.87644
1.427,-0.32487,-2.119,2.0049,-0.79073,-1.9972,0.49062,-1.0374,-0.96232,-1.2965,-1.4255,-1.6605,1.2006,-0.29356,1.3706,-0.80552
0.62171,-0.2031,-2.357,1.698,-1.369,-2.3186,-0.16844,-0.80026,-1.1519,-1.257,-1.5886,-2.1332,0.90375,-0.00067126,1.5623,-0.73834
1.7314,-0.089931,-3.415,-0.62878,-0.88022,-0.63216,-0.25343,-1.5343,-0.93971,-1.1138,-3.0129,-1.4325,1.2299,-0.241,0.98094,-0.93906
1.0096,-0.19884,-2.6922,0.97706,-1.3327,-0.7822,-0.25009,-1.7624,-3.4301,-2.2998,-1.0262,-1.3991,0.71671,0.47178,1.4515,-0.726
-1.3353,2.6183,-0.36549,-0.58758,-0.93393,-0.47142,0.8414,-1.6148,-1.4194,-2.3672,-2.2567,-1.2955,1.6923,0.3922,1.5464,-0.50295
1.0698,-0.24726,-2.3072,1.9187,-1.033,-2.1982,0.14823,-0.94333,-0.73265,-1.2011,-1.4971,-1.6682,0.80902,0.21317,1.4659,-0.77072
0.94397,-0.25824,-2.1393,1.5163,-1.2583,-1.9579,0.23216,-1.5687,-2.3221,-1.4449,-2.1318,-1.6178,0.79652,0.34249,1.0888,-0.66093
-2.2597,2.8223,0.50694,0.50841,0.025488,-0.51024,-0.48005,-1.3559,-1.3479,-1.4895,-2.3385,-2.637,0.19033,0.0664,1.1453,-0.80395
-0.85727,2.471,-0.44663,-0.97877,-0.30186,-0.28246,0.9173,-2.6348,-1.7486,-2.0608,-2.1968,-1.109,1.5539,0.18835,1.3395,-0.60266
-0.37532,0.033673,-2.5305,1.4221,-2.3596,-2.4346,-1.2964,-1.0776,-1.6916,-1.3578,-1.5103,-1.8806,1.4909,-0.34012,1.5704,-0.68763
1.7726,-0.080499,-3.4589,-0.65759,-0.81051,-0.56808,-0.27605,-1.4873,-1.0009,-1.0544,-3.0716,-1.4289,1.1872,-0.41725,0.87687,-0.72613
1.4965,-0.20685,-2.4805,1.0839,-0.83644,-2.1735,0.38994,-1.548,-1.7868,-1.0965,-1.6876,-1.7505,1.0518,0.035339,1.1211,-0.78527
1.9469,-0.14201,-3.312,-0.34288,-0.54398,-0.44367,-0.21705,-1.4757,-0.79559,-0.98789,-2.9458,-1.2393,1.2391,-0.57316,1.3814,-0.78867
1.4577,-0.30708,-2.1821,1.8599,-0.77881,-2.0281,0.4806,-1.1179,-1.0689,-1.2533,-1.4526,-1.6728,1.1798,-0.24884,1.343,-0.80546
-0.30234,-0.17102,-2.7094,1.3064,-2.2395,-2.4132,-0.87537,-1.2694,-1.1604,-1.5469,-1.6469,-2.5314,0.61493,-0.01967,1.9015,-0.64854
0.24718,0.10188,-2.5886,1.2576,-2.452,-2.4284,0.055628,-0.4904,-1.8529,-1.8335,-1.7602,-1.01,0.94937,-0.13188,1.3402,-0.7007
1.5095,-0.16249,-2.5961,0.7804,-0.8581,-2.2333,0.34742,-1.7112,-2.0791,-1.0285,-1.7781,-1.7564,0.99644,0.14246,1.039,-0.77732
0.095706,-0.084864,-2.1973,1.7453,-1.5585,-2.2936,-0.54684,-0.84129,-1.6354,-1.2662,-1.6726,-2.0558,0.69316,-0.31522,1.435,-0.74649
1.1285,-0.86554,-1.2866,-0.6685,1.4185,-0.61375,0.42547,-0.68039,-1.4008,-0.88744,-0.86226,-1.2787,1.1666,0.28554,1.8724,-1.5305
-1.3632,2.362,0.13539,0.072172,-0.69464,-0.42241,0.74219,-1.0495,-1.5409,-2.292,-2.4984,-1.6578,1.7944,0.70431,1.1549,-0.46446
-0.34425,-0.31068,-2.2485,1.1285,-1.9488,-0.068789,-1.6381,-1.1354,-1.2819,-1.8249,-3.4587,-2.0008,1.4383,-0.5353,1.348,-0.72569
-0.39032,-0.32845,-2.252,1.1291,-1.9387,-0.071902,-1.6771,-1.1625,-1.2708,-1.8202,-3.4558,-2.0934,1.3791,-0.57496,1.3973,-0.71676
1.9148,-0.08108,-3.8195,-0.65062,-0.60206,0.32528,-0.63761,-1.109,-1.4096,-1.7482,-1.7909,-1.5718,0.95462,0.23763,0.89979,-1.0379
-0.67438,0.18711,-2.1068,1.7754,-2.2254,-2.0018,-1.2925,-1.7196,-1.9217,-1.5828,-1.6852,-2.209,0.8462,-0.88755,1.3465,-0.8801
-0.33925,0.10695,-2.1952,1.6663,-2.2375,-2.0149,-0.6325,-1.4704,-1.8719,-1.8115,-1.8036,-1.9987,0.62297,-0.68372,1.3596,-0.83447
0.5946,-0.24966,-1.9373,1.3626,-1.5499,-1.743,0.091295,-1.7484,-3.206,-1.6525,-2.5088,-1.5571,0.89568,0.31685,1.3476,-0.63818
-2.3253,2.8236,0.26085,0.27172,-0.46097,-0.42368,-0.34559,-1.6927,-1.2464,-1.8937,-2.2074,-2.5359,0.4944,-0.35125,1.3236,-0.7972
-3.4857,-0.15602,-0.56065,0.03979,-0.89615,-1.0744,-2.0871,-1.5496,-1.079,-0.90377,-1.4373,0.14078,0.49055,-0.49198,0.83015,-1.3242
0.87735,-0.064422,-1.9829,2.1463,-1.0765,-2.0567,0.26975,-0.89681,-1.4533,-1.3394,-1.596,-1.1236,0.54295,-0.36033,1.0216,-0.82236
-0.69961,0.21709,-2.1294,1.7689,-2.2381,-2.0518,-1.4831,-1.6978,-1.9061,-1.4716,-1.6155,-2.1447,1.0587,-0.85635,1.3233,-0.88436
1.1446,-0.051903,-1.5648,-1.1567,-0.94057,-1.5345,-0.13878,-1.6083,-1.5929,-1.4427,-2.1338,-0.87612,1.1866,-0.042797,1.0362,-1.975
2.2165,-0.16072,-3.6765,-0.23942,-0.16338,0.58526,-0.57332,-1.095,-1.1521,-1.6068,-1.66,-1.2534,0.98507,-0.18161,1.5576,-0.90226
0.65498,-0.20511,-2.3537,1.711,-1.3453,-2.3112,-0.14636,-0.80892,-1.1256,-1.2521,-1.5798,-2.1006,0.90366,0.0086508,1.5498,-0.74122
0.23803,0.031265,-2.4722,1.3674,-2.4236,-2.2888,0.091744,-0.66496,-1.9067,-1.9269,-1.8401,-1.105,0.98271,-0.10674,1.3059,-0.68191
-0.74182,-0.021827,-0.55653,0.46538,-2.0798,-1.0395,-1.8171,-1.3971,-1.6718,-1.9341,-2.24,-1.0391,2.1563,-0.40147,0.95873,-1.921
-0.2677,0.62938,-1.5465,2.104,-1.909,-1.9567,-0.17704,-0.69237,-2.9423,-1.691,-2.0541,-0.49178,-0.23645,-1.0724,0.52334,-1.0313
-0.41302,0.24176,-2.6886,1.2814,-2.4149,-2.7271,-1.4403,-0.63634,-1.7164,-1.1318,-1.3188,-1.3378,1.3753,-0.47576,1.5852,-0.70798
-2.1647,2.8357,0.27869,0.31215,-0.39519,-0.39844,-0.20594,-1.6629,-1.2019,-1.8949,-2.181,-2.3359,0.56129,-0.33064,1.2559,-0.81417
0.2024,-0.19664,-2.126,1.637,-2.3399,-1.8395,0.13877,-1.3314,-2.224,-2.1808,-2.1452,-1.3937,1.0696,-0.015449,1.2042,-0.63335
1.4794,-0.15939,-3.3377,0.21774,-0.76897,-0.53887,-0.63357,-1.8063,0.41748,-0.96553,-3.0833,-0.61998,0.13869,1.1764,1.0942,-0.86255
1.4461,-0.30776,-2.7592,1.2248,-0.77875,-0.25843,-0.31721,-0.9297,0.80213,-1.3733,-2.7223,-0.82067,0.91052,-0.054375,1.5249,-0.92281
0.23897,0.21674,-2.678,1.1808,-2.4705,-2.591,-0.012988,-0.24311,-1.849,-1.7065,-1.6457,-0.71267,0.88809,-0.20804,1.3546,-0.71182
-0.73097,0.22888,-1.7768,2.0152,-1.7644,-2.1349,-1.0799,-1.0077,-2.4736,-1.3052,-1.8233,-1.559,0.022834,-0.97513,1.0931,-0.83177
1.6587,-0.20398,-2.5079,1.3532,-0.73515,-1.8856,0.43721,-1.8908,-1.3283,-1.2199,-1.3787,-1.2528,0.96498,-0.30713,1.8518,-0.86649
0.17933,0.0069855,-2.1263,1.6122,-1.9016,-2.233,0.11817,-0.46763,-2.1815,-1.6566,-1.9925,-1.4138,0.65595,-0.10024,1.0415,-0.74844
0.30711,-0.31842,-1.7334,1.9652,-1.8157,-1.7373,0.14658,-1.3007,-2.7439,-1.9391,-2.4463,-1.6961,0.89083,0.26456,0.92042,-0.57669
-1.4744,2.7164,-0.028015,-0.12155,-0.66759,-0.66448,0.75856,-0.69863,-1.4087,-2.1014,-2.2661,-1.4132,1.4988,0.42257,1.1688,-0.53325
1.8379,-0.10185,-3.4094,-0.55124,-0.71245,-0.52291,-0.25561,-1.4876,-0.93347,-1.0276,-3.0285,-1.3598,1.2043,-0.47445,1.0583,-0.74547
1.5837,-0.10827,-1.1969,-1.6976,-0.92347,-0.9833,-2.4574,-1.2296,-1.5924,-1.5252,-0.12983,-1.2844,1.6061,0.048606,1.1398,-0.91076
1.2287,-0.32088,-0.7682,-1.8309,-1.8141,-1.8126,-0.58339,-0.95828,-1.653,-1.9092,-2.1272,-1.049,0.76246,0.071945,1.966,-0.76888
-1.2995,2.52,-0.34559,-0.60316,-0.94097,-0.37975,0.83498,-1.8247,-1.5305,-2.4181,-2.3256,-1.2717,1.8119,0.48802,1.5975,-0.44883
-2.3197,2.8795,0.16128,0.18732,-0.53051,-0.5944,-0.80461,-1.5237,-1.2715,-1.6065,-1.9975,-2.438,1.3625,-0.32324,1.2837,-0.79206
-0.099393,-0.13227,-2.69,1.255,-2.2811,-2.4,-0.58254,-1.0748,-1.3596,-1.6497,-1.6543,-2.402,0.96588,-0.17875,1.7935,-0.67274
-1.5372,1.8283,-0.20736,0.18604,-0.44588,-0.54679,-0.7639,-2.0114,-0.81625,-1.5761,-1.6743,-1.856,1.8801,-0.43404,1.8161,-0.85762
0.24641,0.19416,-2.6615,1.1866,-2.4684,-2.5561,0.052807,-0.26793,-1.8255,-1.7645,-1.6753,-0.82104,0.90555,-0.15984,1.3818,-0.69853
2.0199,-0.16253,-3.2687,-0.24466,-0.4376,-0.39283,-0.19807,-1.4821,-0.73676,-0.95425,-2.9067,-1.1651,1.2526,-0.64304,1.5648,-0.7938
-2.2834,2.8335,0.2621,0.2936,-0.44052,-0.41948,-0.31868,-1.6979,-1.1966,-1.8816,-2.2061,-2.4103,0.44461,-0.2712,1.2854,-0.80133
1.7318,-0.089925,-3.4148,-0.62948,-0.88035,-0.63213,-0.25252,-1.5332,-0.94163,-1.1144,-3.0125,-1.4341,1.2323,-0.24435,0.98109,-0.93925
-1.3898,2.6006,-0.0018796,-0.17224,-0.5972,-0.56338,0.76979,-0.94882,-1.5763,-2.1123,-2.3736,-1.4816,1.6122,0.56992,1.2473,-0.48169
0.38252,-0.03147,-2.6716,1.175,-2.3983,-2.3566,0.25016,-0.67842,-1.5794,-1.9396,-1.8125,-1.6381,1.0474,0.032478,1.4548,-0.71431
2.14,-0.2039,-3.1721,-0.031699,-0.25475,-0.30387,-0.15915,-1.4725,-0.59789,-0.9076,-2.8236,-1.0347,1.2858,-0.76052,1.902,-0.82364
-1.3054,0.94344,0.76941,0.26915,-1.5561,-1.4393,-3.3031,-1.1541,-1.2328,-1.1076,-1.7478,-0.51963,-0.15855,-0.33162,0.80481,-0.77494
-0.27532,0.0619,-0.44207,-0.25451,-0.93544,-0.78062,0.21526,-1.3036,-2.4089,-1.9855,-2.7888,-1.2555,1.4334,0.51572,1.4154,-1.2239
2.3837,-0.21721,-3.5351,0.043408,0.093005,0.71424,-0.52542,-1.066,-0.9874,-1.5413,-1.5301,-1.0974,1.0569,-0.41832,2.0268,-0.94076
-0.11088,-0.37751,-0.57568,0.35614,-2.054,-0.7767,-0.17488,-1.292,-1.6014,-2.7291,-2.729,-1.254,1.368,-0.025934,1.0628,-1.8077
0.2647,0.13842,-2.6453,1.2075,-2.4511,-2.4984,0.044687,-0.40194,-1.8122,-1.7818,-1.7092,-0.95164,0.93425,-0.15055,1.3545,-0.70968
1.6925,-0.22454,-2.9982,0.40385,-0.77474,-0.41303,-0.14005,-0.99697,-0.064619,-1.3083,-2.7188,-1.2798,1.3988,-0.63702,1.3653,-0.96699
-0.017548,-0.23757,-0.8249,-0.16501,-1.6984,-0.84295,-0.9916,-1.9187,-2.1263,-2.0308,-2.629,-1.1251,1.7497,-0.14325,1.2996,-1.7119
1.4154,-0.18101,-2.878,0.79443,-1.0878,-1.3931,0.056548,-1.7985,-2.4206,-1.8162,-0.97129,-1.5842,0.9004,0.27475,1.1172,-0.81547
0.74367,-0.21948,-2.3399,1.7839,-1.2423,-2.2831,-0.12582,-0.87312,-0.98756,-1.2083,-1.5406,-1.9925,0.856,0.065724,1.5471,-0.74814
1.2219,-0.20171,-2.553,0.92896,-1.3217,-2.0175,0.32447,-1.9675,-2.0579,-1.443,-1.8285,-1.5284,1.0745,0.0014808,1.2489,-0.74158
-2.1555,-1.9577,-0.89709,-0.7929,-0.18621,-0.75926,-0.70451,-1.9953,-1.9009,-1.0225,-1.6712,-0.6235,2.3724,-0.30397,1.2265,-0.91135
0.78494,-0.10074,-2.3069,1.6085,-1.5476,-2.2786,0.31464,-0.53864,-1.4968,-1.5055,-1.7449,-1.7811,0.95886,-0.013278,1.3164,-0.77629
0.7455,0.016694,-1.9341,2.1321,-1.1763,-2.0548,0.23038,-0.85171,-1.6613,-1.3826,-1.644,-1.062,0.46941,-0.48253,0.94692,-0.84423
-0.46011,0.2824,-1.7504,2.0163,-1.7874,-2.0905,-0.69063,-0.85546,-2.535,-1.4227,-1.8848,-1.138,0.11325,-0.83717,0.90678,-0.86398
1.1176,-0.18207,-2.67,0.73308,-1.5901,-1.9555,0.29168,-2.2777,-2.2104,-1.6113,-1.8753,-1.3652,1.0911,-0.035525,1.3337,-0.7235
-1.4344,2.844,-0.1632,-0.27911,-0.63599,-0.76505,0.83041,-0.63126,-1.2548,-2.0424,-2.1859,-1.583,1.327,0.30716,1.228,-0.63138
0.9423,-0.18649,-2.6433,1.0141,-1.3739,-0.75859,-0.29161,-1.7498,-3.5532,-2.3174,-1.07,-1.2983,0.69432,0.46404,1.4895,-0.71669
0.29038,0.12095,-2.6497,1.208,-2.4312,-2.4853,0.068624,-0.42915,-1.7727,-1.7892,-1.7081,-1.0145,0.94823,-0.14079,1.3701,-0.71229
1.5577,-0.17315,-2.595,0.85561,-0.81095,-2.2422,0.37754,-1.6485,-1.902,-1.0163,-1.7022,-1.7672,1.02,0.097712,1.0495,-0.7883
-0.36661,0.095065,-2.6122,1.346,-2.3749,-2.5426,-1.315,-0.92656,-1.6507,-1.288,-1.4425,-1.7802,1.4624,-0.36256,1.6015,-0.69764
-0.51938,-0.29838,0.11937,-0.88073,-1.3566,-1.1653,-1.781,-1.658,-1.5432,-1.5581,-1.7433,-1.4062,1.9328,-0.1922,1.7062,0.057681
0.25489,0.17573,-2.6606,1.194,-2.4594,-2.5414,0.031656,-0.31852,-1.822,-1.7543,-1.68,-0.84941,0.91379,-0.17011,1.3669,-0.70792
-1.3235,2.6059,-0.35768,-0.62918,-0.97305,-0.43779,0.99201,-1.581,-1.455,-2.4981,-2.2936,-1.2451,1.7616,0.53358,1.7148,-0.41785
2.1329,-0.20154,-3.1775,-0.043722,-0.26551,-0.30915,-0.16135,-1.4729,-0.60563,-0.91048,-2.8283,-1.0423,1.284,-0.7534,1.8826,-0.82233
0.9266,-0.12711,-1.4167,-1.0145,-1.0213,-1.3413,-0.18874,-1.6431,-1.8909,-1.5597,-2.3267,-0.77183,1.1415,-0.12459,1.147,-1.8335
1.1365,-0.17993,-3.1063,0.095278,-0.64494,0.25466,-0.86331,-0.74799,-2.1249,-1.4416,-2.2001,0.29676,0.80495,-0.51161,1.7371,-0.85754
-0.28709,0.50208,-1.5796,2.0696,-1.8991,-1.9672,-0.1585,-0.66921,-2.921,-1.6862,-2.0536,-0.49557,-0.12058,-0.96504,0.54796,-0.96714
0.47749,2.9852,-0.40789,-0.69113,1.7312,-0.77341,1.1772,-1.4185,-0.82543,-0.56945,-1.5721,-1.6689,0.78523,-0.49013,1.8017,-0.9926
-0.63196,0.37873,-1.7062,2.0666,-1.7847,-2.0931,-0.92348,-0.95576,-2.5728,-1.3649,-1.8574,-1.2691,-0.088,-1.0414,0.94589,-0.90606
-0.38107,0.24997,-1.9379,1.863,-1.8209,-2.2172,-0.77095,-0.82519,-2.2894,-1.3671,-1.8379,-1.6124,0.24546,-0.69843,1.1249,-0.84915
0.66304,-0.20456,-2.3523,1.7141,-1.3436,-2.3089,-0.13648,-0.80593,-1.1235,-1.2542,-1.581,-2.0875,0.90399,0.014267,1.5497,-0.74206
0.50789,2.8647,-0.39339,-0.3263,2.0056,0.55136,0.72533,-1.442,-1.6638,-1.4302,-0.52383,-1.6498,0.57859,-0.085592,1.5845,-1.1003
1.4357,-0.1451,-2.9692,0.65271,-1.0998,-1.4675,0.048568,-1.7733,-2.4589,-1.7635,-0.96442,-1.5871,0.87667,0.30703,1.1363,-0.82192
0.32124,2.6271,0.19545,-0.079231,1.745,-0.22131,1.0577,-2.021,-1.3765,-0.88052,-1.9252,-1.4265,1.0965,-0.3068,1.587,-0.8166
-2.6906,-0.54209,-0.35167,-0.13618,-0.38992,-0.78294,-0.43924,-1.0971,-1.4238,-1.4524,-1.9227,-1.8889,1.785,0.03771,1.3392,-0.56686
1.7314,-0.089931,-3.415,-0.62878,-0.88022,-0.63216,-0.25343,-1.5343,-0.93971,-1.1138,-3.0129,-1.4325,1.2299,-0.241,0.98094,-0.93906
-0.74182,-0.021827,-0.55653,0.46538,-2.0798,-1.0395,-1.8171,-1.3971,-1.6718,-1.9341,-2.24,-1.0391,2.1563,-0.40147,0.95873,-1.921
-0.38735,0.074049,-2.655,1.3037,-2.3658,-2.5794,-1.2056,-0.87029,-1.6297,-1.3308,-1.4621,-1.8358,1.1717,-0.42663,1.6979,-0.67899
1.1167,-0.25592,-2.3005,1.9569,-0.97615,-2.1839,0.15734,-0.97924,-0.65957,-1.1767,-1.4742,-1.6187,0.78813,0.23623,1.4641,-0.77389
2.2728,-0.18008,-3.6284,-0.14129,-0.076772,0.62915,-0.55671,-1.0846,-1.0935,-1.5851,-1.6163,-1.1994,1.0085,-0.25959,1.7164,-0.91499
1.7323,-0.089918,-3.4145,-0.63018,-0.88047,-0.6321,-0.25162,-1.5321,-0.94356,-1.1149,-3.012,-1.4356,1.2347,-0.2477,0.98125,-0.93943
-0.24491,2.8494,-0.00016838,-1.8965,-0.74765,-0.79218,-0.0049459,-1.6953,-2.0536,-1.7343,-1.8087,0.076193,0.16331,-1.3562,1.0216,0.88652
-0.73567,0.24716,-1.6389,2.1508,-1.7714,-1.882,-1.4363,-1.5983,-2.3527,-1.3266,-1.8872,-2.4364,0.65866,-0.87956,1.0324,-0.95211
0.34926,-0.27422,-2.3015,0.78283,-1.9145,0.082112,-0.53784,-1.1265,-1.7938,-2.1568,-3.7906,-1.1883,1.2137,-0.22503,1.2124,-0.75057
0.027047,2.9632,-0.2419,-0.82622,1.295,-0.62028,1.0074,-1.8522,-1.5464,-0.88631,-1.9992,-1.8393,0.72712,-0.25246,0.74193,-0.84828
-0.42375,0.029557,-2.6065,1.3474,-2.354,-2.5282,-1.1095,-0.91167,-1.6824,-1.4167,-1.5303,-1.85,0.9371,-0.46497,1.7315,-0.65127
1.691,-0.22978,-2.982,0.44413,-0.77062,-0.40449,-0.13571,-0.97613,-0.030374,-1.3158,-2.7074,-1.2737,1.4052,-0.65219,1.3802,-0.96806
1.7203,-0.1377,-2.7943,0.54086,-0.72126,-2.3659,0.40768,-1.7583,-1.8835,-0.88244,-1.6454,-1.8709,1.0103,0.1566,0.91924,-0.80599
0.21681,0.2363,-2.6715,1.179,-2.4895,-2.6022,-0.0029129,-0.1937,-1.8738,-1.7194,-1.6492,-0.67038,0.87637,-0.19956,1.367,-0.70162
0.2803,0.06798,-2.6117,1.2332,-2.4414,-2.4114,0.10636,-0.53617,-1.7845,-1.8622,-1.7749,-1.176,0.97549,-0.089057,1.371,-0.70421
-2.3509,2.8264,0.49633,0.48995,-0.020151,-0.52777,-0.5673,-1.3678,-1.3634,-1.4812,-2.3581,-2.6866,0.13148,0.10407,1.1666,-0.7965
1.4615,-0.29571,-2.217,1.7719,-0.78786,-2.0465,0.47209,-1.1619,-1.1451,-1.2375,-1.4769,-1.6874,1.1684,-0.21933,1.3108,-0.80333
0.027415,2.9462,-0.17016,-0.74742,1.3087,-0.65675,1.0331,-1.8586,-1.4888,-0.90206,-1.9436,-1.8329,0.7642,-0.13135,0.88877,-1.0227
-0.73567,0.24716,-1.6389,2.1508,-1.7714,-1.882,-1.4363,-1.5983,-2.3527,-1.3266,-1.8872,-2.4364,0.65866,-0.87956,1.0324,-0.95211
-0.44978,-0.40512,-2.2682,1.1381,-1.9944,0.012772,-1.5562,-1.3558,-1.1893,-1.991,-3.5075,-2.15,1.0599,-0.61664,1.5062,-0.68134
-0.35634,-0.36895,-2.2508,1.1327,-2.028,0.024262,-1.4619,-1.2805,-1.2648,-2.0176,-3.5172,-1.9868,1.2417,-0.59089,1.4104,-0.69907
-0.50729,-0.20658,-2.0265,1.8935,-2.3066,-1.8942,-1.29,-1.7494,-2.0781,-1.685,-1.8428,-2.0149,1.5783,-0.3075,1.3482,-0.61497
0.23114,0.22123,-2.6788,1.1693,-2.4852,-2.5919,0.030131,-0.20971,-1.8418,-1.7404,-1.6585,-0.75065,0.88877,-0.17421,1.3868,-0.7002
0.79721,-0.2287,-2.3349,1.8083,-1.2021,-2.2664,-0.081682,-0.89564,-0.93452,-1.2069,-1.5336,-1.9518,0.83762,0.094197,1.5367,-0.75115
0.68688,-0.1009,-2.3885,1.4385,-1.2842,-2.1057,-1.159,-2.0517,-1.6128,-0.83425,-1.2938,-1.678,2.1546,-0.28887,1.2553,-0.80161
0.7496,-0.24093,-2.0458,1.3399,-1.4276,-1.8363,0.14012,-1.6871,-2.8574,-1.5497,-2.3424,-1.5873,0.89672,0.3046,1.2752,-0.66408
1.4864,-0.26284,-2.3227,1.508,-0.79573,-2.0971,0.44443,-1.3117,-1.3731,-1.1772,-1.5498,-1.7141,1.1238,-0.12152,1.2423,-0.79806
0.25731,0.11054,-2.5957,1.2495,-2.4454,-2.4392,0.079901,-0.46078,-1.8319,-1.837,-1.7489,-1.0085,0.9487,-0.12463,1.3546,-0.69627
-2.8221,0.097109,-0.66454,-0.46027,-0.34017,-1.1325,-0.58105,-0.80786,-0.92308,-1.1619,-1.6659,-1.8645,1.3467,0.16545,1.5046,-0.54727
-2.1618,2.8529,0.27435,0.24098,-0.48206,-0.41138,-0.1206,-1.559,-1.3684,-1.9655,-2.2135,-2.4048,0.7258,-0.43467,1.2284,-0.81584
0.88999,-0.30788,-1.9198,1.4075,-1.2232,-1.6768,0.15398,-2.0405,-2.9864,-1.5262,-2.3503,-1.5303,0.95988,0.20617,1.0858,-0.65697
0.28019,-0.31861,-1.7189,1.9519,-1.8403,-1.7224,0.13859,-1.3189,-2.8267,-1.9572,-2.4814,-1.6989,0.89434,0.26553,0.92873,-0.57186
-0.51239,0.040485,-2.3797,1.5328,-2.2663,-2.2234,-1.0405,-1.387,-1.7128,-1.5955,-1.6667,-2.2873,0.74857,-0.63822,1.6145,-0.75973
-0.25506,0.4224,-1.6184,2.0903,-1.8143,-1.9862,-0.3096,-0.74048,-2.7528,-1.5677,-1.9669,-0.5547,0.086488,-0.86439,0.59436,-0.93844
0.34747,-0.23664,-0.14161,-1.0231,-1.8973,-1.5145,-2.4718,-1.7013,-2.0756,-1.4739,-1.9871,-1.0493,1.7458,-0.2404,1.7287,-0.74617
1.0093,-0.36228,0.4925,0.0035665,-1.5267,-0.93971,-0.65359,-1.2536,-1.4322,-2.3592,-2.1329,-0.57346,0.63096,-0.75236,1.3692,-0.84103
-1.8645,0.92459,-0.386,-0.28003,-0.96691,-0.43362,0.93645,-1.339,-1.1624,-2.5111,-2.0981,-0.97937,1.757,0.073919,1.1616,-0.70012
1.657,-0.31033,-2.7389,1.0766,-0.70487,-0.27427,-0.088097,-0.67988,0.53511,-1.4207,-2.5417,-1.1484,1.4519,-0.81435,1.6063,-0.98058
-2.4052,2.999,-0.35331,-0.20311,-1.0514,-0.7343,-0.82258,-1.7705,-0.71851,-1.8196,-1.6957,-2.0041,1.2549,-0.48118,1.5634,-0.81485
1.6585,-0.31031,-2.7381,1.0745,-0.70524,-0.27418,-0.085377,-0.67653,0.52933,-1.4222,-2.5403,-1.153,1.4592,-0.82441,1.6068,-0.98114
1.7995,-0.089909,-3.4353,-0.6125,-0.76976,-0.55292,-0.26632,-1.4899,-0.97264,-1.0438,-3.0512,-1.4007,1.1962,-0.43084,0.95993,-0.74601
-0.023645,2.9836,-0.29569,-0.92869,1.2156,-0.64985,0.98616,-1.8535,-1.6139,-0.90333,-2.0444,-1.895,0.70621,-0.2282,0.57183,-0.80106
-2.8714,-0.43694,-0.67813,-0.44544,-0.32303,-1.1006,-0.51419,-0.81445,-1.0236,-1.1893,-1.6904,-1.826,1.3593,0.069258,1.4689,-0.60301
-2.9641,-1.6066,-0.68713,-0.35384,-0.85024,-0.71436,-0.59601,-1.432,-1.3833,-1.6224,-1.6629,-0.82016,2.499,-0.35342,0.88543,-0.90897
-0.21493,-0.14797,-2.2554,1.1761,-2.0152,-0.077744,-2.005,-1.1975,-1.2198,-1.6057,-3.217,-1.4302,2.3107,-0.49248,1.0832,-0.81151
-0.73176,0.24488,-1.7957,1.987,-1.8,-2.1575,-1.1051,-0.97225,-2.4905,-1.2923,-1.8198,-1.5432,0.1128,-0.94101,1.0732,-0.83461
-1.1222,-0.63886,-0.59403,0.35601,-1.6546,-0.98352,-1.5755,-1.4285,-1.547,-1.7498,-2.0076,-0.74429,2.3302,-0.43897,0.83377,-1.6881
-0.10818,0.64063,-0.74314,-0.40097,-1.2065,-0.79106,-1.0487,-2.487,-1.999,-1.7265,-2.3385,-1.1665,1.7275,-0.26752,1.1865,-1.7649
1.3559,-0.081763,-2.584,0.96294,-1.1019,-2.0331,0.38873,-1.9661,-1.8089,-1.3144,-1.6537,-1.4724,0.87494,-0.27726,1.3233,-0.84546
1.4385,-0.28304,-2.2269,1.9498,-0.81919,-2.1137,0.49837,-0.85228,-0.78578,-1.2456,-1.3496,-1.6651,1.1676,-0.26397,1.4578,-0.82162
0.11241,0.23193,-2.0048,1.7155,-1.9236,-2.1898,0.043964,-0.50437,-2.3449,-1.6621,-2.0009,-1.2346,0.40497,-0.36434,0.92763,-0.85107
-1.2657,2.2091,-0.46959,-0.27595,-1.1967,-0.76522,0.68265,-0.96066,-1.0572,-2.3353,-1.9921,-0.92947,1.4262,-0.096997,1.3268,-0.8474
-0.62417,-0.28072,-0.73747,0.071674,-1.7898,-0.977,-1.818,-2.0151,-1.8707,-1.8376,-2.4035,-1.707,1.884,-0.26317,1.5176,-1.8238
-0.32861,0.17344,-2.5747,1.3796,-2.3976,-2.5645,-1.3303,-0.81877,-1.7673,-1.2435,-1.4145,-1.3853,1.5381,-0.38134,1.4665,-0.7108
0.54773,0.12724,-1.8567,2.1165,-1.3281,-2.0448,0.17284,-0.79072,-1.9749,-1.4543,-1.7241,-0.97925,0.37047,-0.65116,0.84459,-0.87181
-2.3064,2.8386,0.26353,0.2972,-0.43732,-0.42867,-0.36421,-1.6951,-1.2037,-1.8602,-2.1897,-2.4131,0.45265,-0.30281,1.2995,-0.80115
-0.28974,-0.15038,-1.8991,2.1485,-1.1885,-2.0833,-0.50959,-1.1351,-1.7337,-1.1157,-1.6118,-1.0804,-0.19043,-0.43477,0.99136,-0.69033
-0.47344,2.6992,0.11959,-0.54014,0.76886,-0.46753,0.81731,-1.8677,-2.1932,-1.2838,-2.419,-1.7297,1.0712,0.37109,0.76102,-0.7794
1.688,-0.23321,-2.5143,1.4584,-0.72017,-1.9328,0.48181,-1.8976,-1.1028,-1.1862,-1.4295,-1.1611,0.93726,-0.13655,1.8613,-0.83438
1.1694,0.025715,-3.0946,-0.29552,-1.2323,-0.33029,-0.62589,-1.3172,-1.9671,-1.2575,-3.4573,-0.58156,0.96545,-0.62918,1.0256,-0.4764
-1.4015,2.6154,-0.0037792,-0.16483,-0.60644,-0.5767,0.76491,-0.91585,-1.5611,-2.1091,-2.3601,-1.4622,1.5989,0.55138,1.2366,-0.48676
1.4173,-0.32466,-2.1155,1.9994,-0.79898,-1.9928,0.48621,-1.0464,-0.98861,-1.3013,-1.4386,-1.6592,1.1974,-0.28681,1.3723,-0.80353
1.3677,-0.21266,-0.75246,-1.8157,-1.8596,-1.7937,-0.57861,-0.97382,-1.6403,-1.8398,-2.0997,-1.0522,0.76106,0.074557,1.9535,-0.80332
0.65498,-0.20511,-2.3537,1.711,-1.3453,-2.3112,-0.14636,-0.80892,-1.1256,-1.2521,-1.5798,-2.1006,0.90366,0.0086508,1.5498,-0.74122
2.0691,-0.2523,-2.7993,1.0465,-0.41129,-1.7683,0.43492,-1.9178,-1.3986,-1.1457,-0.96938,-1.3222,1.1062,-0.23626,1.996,-0.88875
-2.0279,2.8703,0.09935,-0.14525,-0.18833,-0.44389,-0.35059,-2.0782,-1.6346,-1.6318,-2.2542,-2.3339,0.4446,-0.26033,1.5408,-0.82293
-1.1699,2.4509,0.0012995,-0.39901,-0.41628,-0.41963,0.95145,-1.3095,-1.9219,-2.1557,-2.572,-1.5829,1.7871,0.94066,1.5674,-0.34775
1.7223,-0.13071,-2.8159,0.48714,-0.72676,-2.3773,0.40189,-1.7861,-1.9292,-0.8724,-1.6607,-1.879,1.0018,0.17683,0.89929,-0.80456
0.34993,0.96182,0.13052,-0.99447,-1.8047,-1.056,-0.88454,-1.2391,-2.5178,-2.1505,-2.3448,0.14142,-0.37655,-1.5301,0.95374,-0.38199
-1.1847,2.4708,-0.44917,-0.92751,-0.73972,-0.37876,0.80659,-2.1231,-1.917,-2.2259,-2.3823,-1.0691,1.7846,0.55911,1.7698,-0.42113
1.2047,-0.26001,-2.284,1.9567,-0.94166,-2.1661,0.25893,-0.94265,-0.68751,-1.1997,-1.4517,-1.6034,0.87148,0.13764,1.4539,-0.7851
-1.2053,2.5503,-0.3826,-0.81769,-0.82359,-0.37736,0.93297,-1.9076,-1.8042,-2.3698,-2.3909,-1.137,1.8278,0.64823,1.8312,-0.36865
-0.022444,2.9176,-0.091776,-0.67784,1.3063,-0.49731,0.98695,-1.9931,-1.6642,-0.95593,-2.0647,-1.7839,0.74145,-0.25406,0.69435,-0.85143
0.2439,0.20727,-2.679,1.1764,-2.4706,-2.5816,0.011046,-0.25478,-1.8319,-1.7258,-1.6562,-0.76387,0.8933,-0.18427,1.3635,-0.70822
0.50005,-0.20039,-2.3692,1.662,-1.4211,-2.3475,-0.30149,-0.8063,-1.2123,-1.2384,-1.5884,-2.2762,0.92294,-0.059614,1.5972,-0.72924
0.54554,2.7571,-0.40895,-0.31333,1.9776,0.5289,0.70773,-1.4291,-1.6727,-1.4323,-0.52403,-1.6381,0.56954,-0.092742,1.5913,-1.1571
1.6207,-0.31081,-2.7589,1.1291,-0.69564,-0.27658,-0.1561,-0.76365,0.67939,-1.3826,-2.5753,-1.0335,1.2687,-0.56285,1.5944,-0.9665
-2.7721,2.4559,-0.080678,0.39125,-0.86551,-0.81182,-2.0262,-1.8654,-0.8764,-1.1377,-1.6173,-0.40391,0.66382,-0.14375,0.95666,-1.0764
0.57758,2.6648,-0.42178,-0.30131,1.9534,0.50899,0.69301,-1.4185,-1.6792,-1.4344,-0.52404,-1.6277,0.56157,-0.095683,1.5983,-1.2077
1.732,-0.16899,-2.4648,1.1954,-0.62723,-1.8915,0.39498,-2.0497,-1.8279,-1.0592,-1.5129,-0.9494,1.003,-0.45104,2.1958,-0.86154
-0.55402,0.34451,-1.716,2.0766,-1.7419,-2.0813,-0.85622,-0.96438,-2.5023,-1.3699,-1.8487,-1.2681,-0.069571,-0.99727,0.96748,-0.89896
0.22518,0.21644,-2.6718,1.1826,-2.4828,-2.5864,-0.016905,-0.24523,-1.8677,-1.7154,-1.6573,-0.71318,0.88604,-0.2027,1.3517,-0.70949
0.071001,2.5972,-1.454,-1.8339,0.08564,-0.90762,1.0207,-2.2447,-0.85537,-1.3798,-1.6219,-1.4593,0.8296,-0.82736,0.79865,-0.78151
1.489,-0.13837,-3.4007,0.051687,-0.7863,-0.5728,-0.64461,-1.8819,0.26704,-0.93894,-3.1258,-0.65499,0.13022,1.2136,1.0354,-0.85958
-3.2924,0.33694,-0.47804,0.061754,-0.95594,-1.0516,-1.9746,-1.496,-1.2275,-1.0145,-1.4507,-0.064834,0.584,-0.87852,0.83891,-1.4519
-1.1487,2.3445,0.023678,-0.36635,-0.39175,-0.3433,0.79143,-1.5798,-2.0216,-2.0897,-2.6232,-1.6121,1.8602,0.91781,1.4644,-0.36751
-2.3486,2.8306,0.25932,0.28127,-0.45939,-0.43057,-0.40194,-1.7095,-1.2231,-1.8659,-2.1989,-2.507,0.47371,-0.31701,1.3192,-0.79769
-2.2747,2.8324,0.26688,0.30377,-0.423,-0.4182,-0.32297,-1.6967,-1.1918,-1.8716,-2.1914,-2.4054,0.45502,-0.30129,1.298,-0.80272
1.2718,-0.3086,-2.6777,1.2089,-0.95813,-0.20534,-0.34439,-0.92474,0.48524,-1.5074,-2.8658,-0.88809,0.95954,-0.0826,1.4609,-0.8972
-2.2928,2.8373,0.26511,0.28493,-0.4426,-0.42739,-0.34117,-1.6778,-1.2384,-1.8734,-2.1867,-2.4515,0.51952,-0.3547,1.297,-0.80265
-2.182,2.8396,0.27638,0.31785,-0.39391,-0.40507,-0.23015,-1.6677,-1.1872,-1.8822,-2.1796,-2.3077,0.51319,-0.30953,1.2584,-0.812
-1.0346,-1.7816,-2.1329,-2.2636,0.45009,-1.0153,1.2333,-1.7331,-0.92276,-1.2636,-0.9714,-0.67782,1.3816,0.27306,0.89609,-0.82123
2.2521,-0.1725,-3.6496,-0.17931,-0.10957,0.61168,-0.56232,-1.0931,-1.1134,-1.5924,-1.6367,-1.2152,0.99412,-0.21725,1.655,-0.9088
-0.13141,2.9463,-0.14294,-0.82758,1.1476,-0.59403,0.96449,-2.0016,-1.7577,-1.0069,-2.1119,-1.8983,0.72985,-0.09234,0.46027,-0.90726
2.0388,-0.23049,-2.7622,0.86097,-0.48755,-2.0672,0.52279,-2.1262,-1.4499,-0.92799,-1.3564,-1.3172,1.1546,-0.29717,1.9579,-0.85789
0.19516,-0.30176,-2.199,1.0736,-2.081,0.095462,-0.5104,-0.86522,-1.4765,-2.3284,-3.7424,-1.3171,1.27,-0.26755,1.0449,-0.74115
0.77099,-0.095054,-2.2981,1.6127,-1.5561,-2.2724,0.31272,-0.5406,-1.5155,-1.5135,-1.7534,-1.7813,0.94909,-0.022818,1.3159,-0.77901
0.32322,3.034,-0.51499,-0.94104,1.5,-0.89251,1.1329,-1.4275,-0.98553,-0.63385,-1.6658,-1.8338,0.75088,-0.3201,1.3996,-0.98704
-1.1047,2.3473,0.011397,-0.34893,-0.43693,-0.39134,0.69925,-1.5308,-2.078,-2.0595,-2.6231,-1.4944,1.7802,0.84279,1.4302,-0.44875
0.17272,-0.21502,-2.6368,0.29705,-1.5939,0.012937,-1.596,-1.8594,-2.0509,-1.4742,-3.6247,-1.5504,1.3221,-0.63351,1.6089,-0.51767
1.9148,-0.08108,-3.8195,-0.65062,-0.60206,0.32528,-0.63761,-1.109,-1.4096,-1.7482,-1.7909,-1.5718,0.95462,0.23763,0.89979,-1.0379
-0.26347,0.065338,-1.9775,1.8598,-1.7314,-2.1148,-0.75574,-1.1204,-2.0054,-1.4229,-1.8666,-2.3377,0.484,-0.54158,1.2976,-0.83059
0.09134,0.19217,-1.6707,2.027,-1.7893,-1.7533,0.18495,-1.1411,-2.3929,-1.9283,-2.2107,-1.7155,0.21017,-0.50796,0.79243,-0.95022
1.1922,-0.25667,-2.2874,1.9421,-0.96024,-2.1714,0.25885,-0.93225,-0.71007,-1.208,-1.4594,-1.617,0.87783,0.13388,1.4459,-0.78408
0.48753,2.9442,-0.36804,-0.63958,1.7303,-0.8034,1.188,-1.4189,-0.79287,-0.58031,-1.5379,-1.6626,0.80567,-0.41526,1.8932,-1.1181
1.9398,-0.13965,-3.3174,-0.3549,-0.55474,-0.44896,-0.21925,-1.4761,-0.80333,-0.99077,-2.9505,-1.247,1.2372,-0.56604,1.3619,-0.78736
0.635,0.17589,-2.8475,0.55628,-2.065,-2.4679,0.006157,-1.1016,-2.5733,-1.4351,-1.8757,-0.76104,0.82264,-0.014099,1.7608,-0.72847
-3.0784,-2.2719,-0.80262,-0.4122,-0.8089,-0.76395,-0.60591,-1.3845,-1.3845,-1.5311,-1.5642,-0.64057,2.4375,-0.44433,0.87283,-0.8872
0.74447,-0.25406,-2.4974,1.4237,-1.5901,-0.74692,-0.2077,-1.4283,-3.0157,-2.5803,-0.9768,-1.5962,0.79642,0.45614,1.2166,-0.75931
-2.8378,-1.6164,-1.0103,-0.50839,-0.98084,-0.98727,-0.64348,-1.3644,-0.99509,-1.6399,-1.6564,-1.4631,1.4352,-0.49274,1.4584,-0.9993
1.4963,-0.20598,-2.4834,1.0779,-0.837,-2.1749,0.38831,-1.5526,-1.7906,-1.0947,-1.69,-1.75,1.0483,0.04122,1.1185,-0.7849
1.6252,-0.16886,-2.5159,1.347,-0.76873,-1.9101,0.48091,-2.0132,-1.3878,-1.2071,-1.5548,-1.132,0.83553,-0.12296,1.8564,-0.8465
1.8471,-0.10901,-3.3873,-0.5112,-0.69466,-0.51764,-0.24782,-1.481,-0.90402,-1.0282,-3.0111,-1.3465,1.2137,-0.47339,1.1089,-0.77036
-2.1252,2.8513,0.27368,0.27055,-0.45389,-0.40041,-0.083738,-1.5855,-1.2887,-1.9612,-2.2242,-2.2931,0.61222,-0.32248,1.2073,-0.81575
0.77443,-0.23799,-2.0462,1.1847,-1.3934,-1.7895,0.11844,-1.8815,-3.1978,-1.5205,-2.4487,-1.5582,0.89466,0.31564,1.3569,-0.65774
1.6295,-0.31069,-2.7541,1.1165,-0.69786,-0.27603,-0.13978,-0.74354,0.64476,-1.3917,-2.5672,-1.0611,1.3127,-0.62321,1.5973,-0.96988
-1.0346,-1.7816,-2.1329,-2.2636,0.45009,-1.0153,1.2333,-1.7331,-0.92276,-1.2636,-0.9714,-0.67782,1.3816,0.27306,0.89609,-0.82123
2.3656,-0.20971,-3.5602,0.006454,0.062394,0.69648,-0.52951,-1.0817,-1.002,-1.5465,-1.5558,-1.104,1.034,-0.3568,1.9672,-0.93263
1.8573,-0.1738,-3.1942,-0.036389,-0.61036,-0.40678,-0.19322,-1.2572,-0.5097,-1.0978,-2.8718,-1.2531,1.2887,-0.66191,1.3415,-0.78671
1.6829,-0.27851,-2.8132,0.82857,-0.69698,-0.33352,-0.099309,-0.7511,0.26371,-1.3576,-2.6149,-1.2383,1.4519,-0.77064,1.5049,-0.97811
0.93341,-0.30876,-2.5236,1.1693,-1.31,-0.10642,-0.39576,-0.9127,-0.13365,-1.7681,-3.1437,-1.0262,1.0587,-0.14075,1.3261,-0.84763
1.0194,-0.23518,-2.3149,1.8827,-1.0904,-2.2159,0.13255,-0.90484,-0.80374,-1.2206,-1.519,-1.6999,0.8203,0.1968,1.4657,-0.767
1.0147,-0.95958,-1.2314,-0.69413,1.4243,-0.76848,0.53016,-0.73832,-1.3185,-0.74854,-1.0502,-1.2273,1.2028,0.18636,1.875,-1.4652
1.4463,-0.28129,-2.2532,1.6534,-0.81533,-2.0604,0.45166,-1.2357,-1.289,-1.2269,-1.5335,-1.7011,1.1448,-0.16537,1.2742,-0.7965
-1.1175,-1.5474,-1.6078,-1.3546,-0.34904,0.28539,0.17462,-1.4497,-2.8974,-2.3772,-1.0594,-0.48943,1.0191,0.21197,1.381,-0.81896
-2.4144,2.9147,-0.18611,-0.06543,-1.0408,-0.55567,-0.78335,-1.9556,-0.89848,-1.9437,-1.7964,-2.0975,1.424,-0.54357,1.49,-0.79159
0.27313,0.26201,-2.7814,0.70867,-2.0547,-2.5284,-1.0177,-1.3266,-2.5372,-1.0027,-1.6172,-0.85314,1.5043,-0.11737,1.7011,-0.7558
-0.3043,0.24643,-2.6868,1.2653,-2.4193,-2.7118,-1.1954,-0.55052,-1.7299,-1.2265,-1.3646,-1.214,1.2865,-0.42755,1.5524,-0.70397
0.23535,-0.314,-0.83816,-0.23624,-1.7119,-0.75792,-0.22703,-1.7751,-2.1763,-2.3816,-2.8469,-1.0495,1.243,-0.076555,1.312,-1.6701
-1.374,-0.081421,-1.6978,2.056,-1.5015,-2.0762,-1.0231,-1.093,-2.6197,-1.1334,-1.7045,-1.1344,-0.55853,-1.11,0.86419,-0.63648
0.037322,-0.15369,-2.3933,0.98524,-1.6198,-0.096901,-2.1432,-1.5048,-1.2212,-1.2722,-3.0698,-1.393,2.2538,-0.66113,1.5483,-0.82469
1.8482,-0.17536,-3.1863,-0.019695,-0.61919,-0.40865,-0.19169,-1.244,-0.49312,-1.1068,-2.867,-1.2574,1.2925,-0.6587,1.3358,-0.79353
-0.29734,-0.39122,-2.29,1.1332,-1.9356,0.0045765,-1.4236,-1.2955,-1.1131,-1.9798,-3.4628,-2.0349,1.1196,-0.61437,1.4863,-0.70238
-0.34363,0.068954,-2.6547,1.2954,-2.3695,-2.5688,-1.1012,-0.84467,-1.6396,-1.3752,-1.4874,-1.8059,1.1309,-0.41279,1.6873,-0.67817
-0.2826,0.056234,-1.9744,1.8663,-1.686,-2.2059,-0.76388,-0.86698,-2.1317,-1.2988,-1.751,-1.6916,0.54719,-0.62167,1.189,-0.78088
1.4533,-0.13538,-2.9293,0.52744,-1.3441,-2.1699,0.38315,-2.1984,-1.7316,-1.3693,-1.568,-1.4164,1.1272,-0.11803,1.1875,-0.77817
-0.5273,-0.28936,-0.73489,0.063725,-1.7901,-0.95439,-1.612,-1.9678,-1.8729,-1.92,-2.4469,-1.6284,1.8088,-0.22491,1.48,-1.824
2.1252,-0.20093,-3.1775,-0.042316,-0.2749,-0.31159,-0.1621,-1.4663,-0.60196,-0.91587,-2.8292,-1.0479,1.2843,-0.75133,1.8681,-0.82138
0.88087,-0.25318,-2.111,1.468,-1.3187,-1.9299,0.21006,-1.6108,-2.5368,-1.4821,-2.2147,-1.6173,0.80561,0.33946,1.1012,-0.64967
0.57387,2.7253,-0.42237,-0.6297,1.6797,-0.82912,1.1439,-1.3893,-0.82505,-0.57496,-1.5549,-1.6318,0.77434,-0.48671,1.8722,-1.1679
1.4272,-0.32574,-2.1161,2.0109,-0.79017,-1.9958,0.49226,-1.0328,-0.95854,-1.2983,-1.4231,-1.661,1.2041,-0.29944,1.3732,-0.80588
0.24032,0.2045,-2.671,1.1851,-2.4698,-2.5751,-0.0034108,-0.26944,-1.8474,-1.7213,-1.6583,-0.75066,0.89501,-0.19701,1.3501,-0.71032
1.7276,-0.12902,-3.2752,-0.3203,-0.8145,-0.57674,-0.22228,-1.3442,-0.71418,-1.1433,-2.94,-1.4129,1.2722,-0.3417,1.0786,-0.94771
-0.16957,-0.17735,0.37165,-0.01477,-2.4546,-1.3933,-2.4833,-0.92024,-1.6899,-1.9703,-1.8905,-0.37467,1.8385,-0.52411,0.9955,-0.69531
-0.30572,-0.15166,-2.1569,1.2201,-2.0195,-0.063721,-2.0444,-1.1302,-1.4259,-1.6035,-3.3397,-1.4979,2.2698,-0.40208,1.0006,-0.7938
2.3891,-0.21762,-3.5444,0.048829,0.097499,0.71352,-0.52119,-1.0832,-0.97056,-1.537,-1.5437,-1.0735,1.0344,-0.36719,2.0301,-0.93543
0.66304,-0.20456,-2.3523,1.7141,-1.3436,-2.3089,-0.13648,-0.80593,-1.1235,-1.2542,-1.581,-2.0875,0.90399,0.014267,1.5497,-0.74206
-0.70425,0.23094,-2.1187,1.7788,-2.2394,-2.0478,-1.5125,-1.7046,-1.9188,-1.4581,-1.6073,-2.1206,1.0994,-0.86466,1.3016,-0.89195
0.69527,0.11375,-1.3798,-0.98123,-1.3291,-1.4929,-0.45329,-1.4455,-2.2089,-1.5459,-2.238,0.076871,1.0435,-0.24413,1.1792,-1.9243
1.9406,-0.15826,-3.2731,-0.19035,-0.52971,-0.38077,-0.21014,-1.3713,-0.66112,-1.0148,-2.9211,-1.2121,1.2493,-0.71632,1.3745,-0.69551
-1.4509,0.68974,0.44743,0.035915,-2.0379,-1.3506,-3.2593,-1.6132,-0.93748,-1.4605,-1.5732,-0.172,0.063079,-0.49383,0.98448,-0.70372
-0.073161,2.9239,-0.086455,-0.71425,1.2387,-0.55693,0.98613,-2.0007,-1.682,-0.9854,-2.0643,-1.8327,0.74876,-0.12656,0.64582,-0.94818
-2.3066,2.8216,0.49987,0.51328,0.01735,-0.51577,-0.53847,-1.3915,-1.3066,-1.4722,-2.3495,-2.6283,0.094444,0.14464,1.1488,-0.79955
2.3372,-0.20253,-3.5797,-0.021605,0.020964,0.67792,-0.5345,-1.0816,-1.009,-1.5603,-1.5769,-1.1213,1.018,-0.30782,1.8935,-0.92486
1.6838,-0.25251,-2.9119,0.61941,-0.75265,-0.36754,-0.11778,-0.88689,0.11994,-1.348,-2.6584,-1.2459,1.4304,-0.71456,1.4449,-0.97252
-0.6746,0.41036,-1.7651,2.0144,-1.8166,-2.1495,-1.0706,-0.97347,-2.5143,-1.3162,-1.8262,-1.5284,-0.04286,-1.072,1.0404,-0.91898
0.3182,2.6572,0.12109,-0.15546,1.6973,-0.33162,1.0559,-1.9608,-1.3515,-0.84911,-1.8622,-1.4594,0.81129,-0.51183,1.5248,-1.0418
-0.58624,0.067646,-2.2734,1.6293,-2.2399,-2.1214,-1.0678,-1.5392,-1.7732,-1.6375,-1.7101,-2.3114,0.61994,-0.72591,1.5513,-0.79331
0.21517,-0.30556,-2.2019,1.1008,-2.0602,0.085581,-0.50079,-0.87526,-1.475,-2.3172,-3.7414,-1.3098,1.2365,-0.25211,1.0094,-0.73097
2.2443,-0.17071,-3.6503,-0.18865,-0.1198,0.60798,-0.56524,-1.0867,-1.1231,-1.5966,-1.6356,-1.2288,1.0001,-0.22825,1.6384,-0.90944
1.7699,-0.18841,-2.8282,0.7609,-0.83477,-2.1844,0.47054,-1.9825,-1.4351,-1.0849,-1.4365,-1.5259,1.1181,-0.14154,1.3812,-0.81092
2.197,-0.22276,-3.1291,0.064482,-0.16864,-0.2616,-0.14157,-1.4695,-0.53593,-0.88455,-2.7863,-0.97341,1.3003,-0.81754,2.0578,-0.8341
-0.76826,0.36957,-1.641,2.1058,-1.8005,-2.0664,-1.0269,-0.97983,-2.7137,-1.3547,-1.8633,-1.1955,-0.075654,-1.1399,0.89439,-0.89187
-2.1381,2.5634,-0.24642,-0.25355,-0.95861,-0.48462,-0.74479,-2.2068,-1.229,-1.9207,-1.9685,-2.0752,1.977,-0.065507,1.7148,-0.57159
-1.4755,2.7183,-0.033386,-0.12178,-0.67206,-0.67167,0.76037,-0.68342,-1.3934,-2.1015,-2.2602,-1.4181,1.4996,0.4219,1.1683,-0.53413
-1.3742,2.7871,-0.15814,-0.33734,-0.5815,-0.71498,0.82422,-0.78929,-1.3954,-2.0239,-2.249,-1.578,1.3834,0.39116,1.2886,-0.60157
1.6377,-0.19658,-2.547,1.4054,-0.77655,-1.9496,0.48226,-1.9486,-1.1579,-1.2041,-1.5005,-1.1495,0.84321,-0.028552,1.767,-0.83025
-0.6311,0.33633,-1.6869,2.0706,-1.7859,-2.0737,-0.87845,-0.93647,-2.6243,-1.3816,-1.8693,-1.1691,-0.011318,-1.0119,0.89213,-0.88482
-0.95729,-1.7115,-0.87315,-2.6666,-0.68667,-1.5165,0.65501,-0.80462,-1.4711,-1.2752,-1.3393,-0.46266,0.97031,-0.010548,1.9451,0.32549
-0.1725,1.059,-0.98126,-0.64898,-1.4963,-0.82117,-0.53513,-1.5049,-2.8292,-1.86,-2.6662,0.23065,-0.046013,-1.6542,0.78965,-1.3606
2.154,-0.20949,-3.1587,-0.00093963,-0.23253,-0.29188,-0.15403,-1.4683,-0.57669,-0.90309,-2.8124,-1.0183,1.2905,-0.7773,1.9435,-0.82643
-0.11776,-0.084751,-2.1133,1.6948,-2.3037,-1.9382,-0.85173,-1.5368,-2.211,-1.7178,-1.8796,-1.4795,1.7362,-0.087794,1.2228,-0.65841
2.0043,-0.15999,-3.2717,-0.25341,-0.45856,-0.40283,-0.20019,-1.4762,-0.73934,-0.96359,-2.9104,-1.1791,1.2525,-0.62765,1.5347,-0.79896
1.7984,-0.091211,-3.4301,-0.60393,-0.76989,-0.55377,-0.26477,-1.4868,-0.96544,-1.0461,-3.0475,-1.4004,1.1986,-0.42718,0.96627,-0.75361
-0.20977,-0.1808,-2.5201,0.92446,-1.8725,-0.34942,-1.8559,-0.89065,-0.91563,-1.4943,-3.1479,-2.0149,1.7467,-0.55982,1.4588,-0.80103
-0.20552,0.10877,-2.4667,1.4428,-2.4012,-2.4105,-0.89845,-0.83261,-1.838,-1.5128,-1.5823,-1.3709,1.4093,-0.25997,1.4391,-0.67358
1.6601,-0.18722,-2.5075,1.3238,-0.7238,-1.8553,0.42831,-1.9056,-1.4285,-1.2285,-1.3699,-1.2425,0.95255,-0.34433,1.8826,-0.87767
1.6303,-0.18136,-2.5269,1.3665,-0.77248,-1.9245,0.47961,-1.9891,-1.3124,-1.2053,-1.5369,-1.1334,0.84441,-0.086164,1.8277,-0.83809
-1.0346,-1.7816,-2.1329,-2.2636,0.45009,-1.0153,1.2333,-1.7331,-0.92276,-1.2636,-0.9714,-0.67782,1.3816,0.27306,0.89609,-0.82123
0.34906,-0.11973,-2.5418,1.0839,-1.5253,-0.29891,-1.8315,-1.019,-0.42096,-1.234,-2.7272,-1.4069,2.3875,-0.70838,1.3373,-0.91304
0.10468,-0.24196,-2.2718,1.1004,-2.0137,0.014663,-1.0833,-1.0314,-1.2369,-2.0166,-3.4571,-1.3359,1.7012,-0.39475,1.0949,-0.7813
2.3082,-0.19066,-3.6019,-0.092295,-0.023809,0.65432,-0.54801,-1.0826,-1.0688,-1.5696,-1.5907,-1.1697,1.0238,-0.30971,1.8117,-0.92329
1.9986,-0.15546,-3.2849,-0.28072,-0.46989,-0.40868,-0.20467,-1.4832,-0.75999,-0.9629,-2.9207,-1.1881,1.2472,-0.62166,1.5064,-0.78988
0.56676,0.44277,-3.0536,0.34901,-1.6072,-2.8171,-1.5796,-1.6226,-2.4417,-0.29279,-1.1517,-0.48035,1.7866,-0.33798,1.363,-0.82645
-0.14537,2.7169,-0.0058543,-2.0571,-0.40879,-1.0844,0.41998,-1.8136,-1.2535,-1.6366,-1.3997,-0.56793,0.77902,-0.28118,1.2552,0.43301
1.1446,-0.051903,-1.5648,-1.1567,-0.94057,-1.5345,-0.13878,-1.6083,-1.5929,-1.4427,-2.1338,-0.87612,1.1866,-0.042797,1.0362,-1.975
0.81848,-0.023992,-1.9613,2.1408,-1.1188,-2.0575,0.25102,-0.87473,-1.544,-1.3555,-1.6143,-1.0893,0.50376,-0.41992,0.98799,-0.83431
-0.060691,-0.132,-2.6877,1.2587,-2.2721,-2.3922,-0.53055,-1.0662,-1.3513,-1.6627,-1.6588,-2.3601,0.96158,-0.16245,1.7755,-0.67541
-2.8519,-1.5983,-1.0085,-0.50737,-0.99193,-0.98977,-0.66677,-1.367,-1.002,-1.6403,-1.6607,-1.4898,1.4326,-0.49832,1.476,-0.9995
1.9689,-0.14733,-3.3013,-0.32024,-0.51306,-0.43067,-0.21191,-1.4815,-0.78377,-0.97674,-2.9356,-1.2184,1.2424,-0.58949,1.4348,-0.79224
0.29596,3.1305,-1.1649,-1.4236,1.4225,-0.038238,0.65313,-1.0337,-1.7468,-1.3574,-0.61204,-2.1995,0.41382,0.15916,0.62041,-0.86529
0.23155,0.21461,-2.6795,1.1737,-2.4823,-2.5889,-0.0008033,-0.23951,-1.851,-1.722,-1.6572,-0.74142,0.8894,-0.19157,1.3643,-0.70853
1.2287,-0.32088,-0.7682,-1.8309,-1.8141,-1.8126,-0.58339,-0.95828,-1.653,-1.9092,-2.1272,-1.049,0.76246,0.071945,1.966,-0.76888
0.086573,0.2432,-1.9974,1.7126,-1.946,-2.1897,0.03738,-0.49205,-2.3823,-1.6726,-2.0134,-1.2284,0.39527,-0.37786,0.92705,-0.85306
0.074794,0.19905,-1.6641,2.0238,-1.8034,-1.7497,0.18374,-1.141,-2.4194,-1.9388,-2.2206,-1.7226,0.20437,-0.52065,0.7825,-0.95266
-1.3407,2.6107,-0.38854,-0.60689,-0.97908,-0.45465,0.84234,-1.6766,-1.4053,-2.404,-2.2481,-1.2611,1.715,0.37921,1.5661,-0.49705
0.23024,0.21513,-2.6798,1.175,-2.4821,-2.5903,-0.012529,-0.24396,-1.8564,-1.7143,-1.6552,-0.72947,0.88795,-0.19899,1.3567,-0.71096
-0.12099,-0.1351,-2.6921,1.2533,-2.2806,-2.4042,-0.6129,-1.0858,-1.3584,-1.6408,-1.6494,-2.4343,0.9609,-0.19245,1.8032,-0.67049
0.26669,0.12828,-2.637,1.2144,-2.4486,-2.4829,0.061174,-0.4197,-1.8053,-1.7993,-1.7208,-0.98516,0.9384,-0.13419,1.3604,-0.7061
1.6932,-0.24528,-2.9157,0.57272,-0.72319,-0.38754,-0.12593,-0.88204,0.044903,-1.3103,-2.6868,-1.2783,1.4138,-0.67793,1.4103,-0.9715
2.0333,-0.16767,-3.2555,-0.21875,-0.41688,-0.38454,-0.19285,-1.4816,-0.71977,-0.94955,-2.8955,-1.1505,1.2576,-0.6511,1.6075,-0.80383
1.5126,-0.2169,-2.458,1.1695,-0.81227,-2.1667,0.40584,-1.4927,-1.6695,-1.1003,-1.641,-1.7404,1.0676,-0.0026231,1.1451,-0.79102
-1.552,2.9502,-0.50983,-0.52615,-1.1659,-0.74094,0.86846,-1.0113,-0.86041,-2.3882,-1.945,-1.239,1.3563,-0.043722,1.3951,-0.67534
0.66167,-0.38503,-1.3965,2.8426,-0.73094,-1.5244,-1.1585,-1.9869,-1.4855,-0.9388,-1.3603,-1.5414,2.2598,-0.54437,1.0224,-0.7619
-0.42501,-0.31323,-2.2433,1.1434,-1.9423,-0.078178,-1.7927,-1.1869,-1.2776,-1.7697,-3.4289,-2.0809,1.4737,-0.57563,1.374,-0.72174
-2.8594,-0.56132,-0.7171,-0.41735,-0.86525,-0.76756,-0.45405,-1.4929,-1.0178,-1.6908,-1.6829,-1.6082,1.765,-0.19987,1.5529,-0.57621
-0.2826,0.056234,-1.9744,1.8663,-1.686,-2.2059,-0.76388,-0.86698,-2.1317,-1.2988,-1.751,-1.6916,0.54719,-0.62167,1.189,-0.78088
0.21821,-0.31009,-2.1952,1.0915,-2.0512,0.10546,-0.50529,-0.88887,-1.4392,-2.3189,-3.7314,-1.3133,1.2656,-0.26138,1.0483,-0.74275
-0.11088,-0.37751,-0.57568,0.35614,-2.054,-0.7767,-0.17488,-1.292,-1.6014,-2.7291,-2.729,-1.254,1.368,-0.025934,1.0628,-1.8077
2.3082,-0.19066,-3.6019,-0.092295,-0.023809,0.65432,-0.54801,-1.0826,-1.0688,-1.5696,-1.5907,-1.1697,1.0238,-0.30971,1.8117,-0.92329
-1.4593,2.5674,0.054742,-0.027591,-0.67137,-0.5461,0.78115,-0.84232,-1.4369,-2.1972,-2.3584,-1.5379,1.6612,0.56753,1.1633,-0.46606
1.7323,-0.089918,-3.4145,-0.63018,-0.88047,-0.6321,-0.25162,-1.5321,-0.94356,-1.1149,-3.012,-1.4356,1.2347,-0.2477,0.98125,-0.93943
0.75285,-0.24738,-2.3563,1.1573,-1.8636,-1.748,0.23457,-2.1587,-2.3725,-1.9126,-2.0746,-1.3456,1.1023,-0.034627,1.4037,-0.6747
1.615,-0.16385,-2.5026,1.3408,-0.77184,-1.8958,0.47932,-2.0296,-1.4461,-1.2138,-1.5733,-1.1286,0.83179,-0.14226,1.8799,-0.84942
1.6464,-0.31047,-2.7447,1.092,-0.70217,-0.27495,-0.10804,-0.70445,0.57743,-1.4095,-2.5515,-1.1147,1.3981,-0.74057,1.6028,-0.97645
-2.9576,0.078687,-0.24781,0.17088,-0.58319,-1.0518,-1.7099,-1.0644,-1.6192,-0.9163,-1.6807,-0.84262,1.1479,-0.71798,0.82311,-1.3636
-1.6502,1.7548,-0.34339,-0.26973,-1.1,-0.50512,-0.69152,-2.1921,-1.5567,-1.9911,-2.1881,-1.7869,2.2537,0.27884,1.7222,-0.59121
-0.33627,-0.38322,-2.3181,1.0157,-1.9406,0.0076022,-1.4848,-1.4255,-1.2961,-1.9483,-3.545,-2.0235,1.0186,-0.53194,1.5449,-0.6907
0.73431,-0.21943,-2.3424,1.7771,-1.2468,-2.2867,-0.13534,-0.8751,-0.99359,-1.2074,-1.5402,-2.009,0.85765,0.058536,1.5425,-0.74715
-0.84507,-0.59164,-0.58605,0.21208,-1.8282,-1.0948,-0.37415,-0.5504,-2.0565,-2.2594,-2.452,0.086754,1.0863,-0.32935,0.74755,-1.6374
-1.3136,2.5854,-0.34658,-0.6273,-0.96179,-0.42137,0.99078,-1.6117,-1.484,-2.4997,-2.312,-1.2505,1.7827,0.55953,1.7211,-0.40711
-0.66976,-0.24825,-0.97185,-0.076575,-1.8015,-1.2732,-1.7918,-1.5285,-1.4686,-1.6974,-2.2206,-1.9466,1.7901,-0.24335,1.6126,-1.8342
-0.7328,0.49237,-1.8352,1.9806,-2.1061,-2.0223,-0.98471,-1.2853,-2.448,-1.5815,-1.7531,-1.0882,-0.094543,-1.3181,1.0244,-0.95298
1.0188,0.30122,0.15918,-0.80854,-1.3415,-1.2823,-0.89709,-1.2894,-2.3664,-1.7815,-2.0795,0.3106,-0.20456,-1.2418,1.7689,-1.0952
-0.18638,-0.10232,-2.3395,1.0685,-1.9715,-0.22615,-1.9974,-0.95174,-1.1901,-1.4881,-3.2013,-1.552,2.2696,-0.41188,1.1114,-0.82734
0.23604,0.21079,-2.6788,1.1706,-2.4818,-2.5831,0.028318,-0.23415,-1.8362,-1.7418,-1.6635,-0.77812,0.8944,-0.17242,1.3825,-0.70314
-0.045857,-0.1303,-2.6859,1.2612,-2.2715,-2.389,-0.51043,-1.0592,-1.3509,-1.6682,-1.6619,-2.3374,0.96424,-0.15279,1.7706,-0.67695
-2.0073,1.2858,-0.44786,0.57124,-1.7617,-1.1584,-2.8239,-1.8066,-1.108,-1.282,-1.836,-0.21603,0.27003,-0.53215,0.89246,-1.9708
0.32505,0.15951,-2.4377,0.60475,-1.609,0.043544,-0.65458,-1.614,-1.6263,-1.8332,-3.7687,-0.83841,0.069103,-0.18006,1.1927,-1.0155
0.27366,0.10353,-2.6189,1.2322,-2.4394,-2.4492,0.073761,-0.47198,-1.803,-1.8209,-1.7399,-1.0446,0.95433,-0.12691,1.3605,-0.70589
0.11506,-0.11382,-2.1597,1.1018,-2.0464,0.0051673,-0.61468,-0.68489,-1.6069,-2.1964,-3.6641,-0.95614,1.0476,-0.48825,0.94391,-0.804
0.26445,0.1039,-2.6205,1.2256,-2.4518,-2.4497,0.079533,-0.46582,-1.8093,-1.8315,-1.7492,-1.0607,0.95362,-0.11512,1.3666,-0.70339
-0.38934,0.042622,-2.5147,1.4379,-2.3628,-2.433,-1.3145,-1.0704,-1.7222,-1.3523,-1.5098,-1.8221,1.4826,-0.35504,1.5562,-0.68518
-0.4266,-0.2263,-0.8819,-0.15347,-1.6754,-0.88106,-1.7803,-2.104,-2.0972,-1.7262,-2.5052,-1.5212,1.8717,-0.45544,1.3945,-1.5501
-2.237,2.8337,0.27074,0.31739,-0.40069,-0.41102,-0.30192,-1.7029,-1.1662,-1.8643,-2.1814,-2.3589,0.46665,-0.28548,1.278,-0.80714
1.0119,-0.18649,-2.7006,0.95587,-1.3284,-0.79385,-0.2631,-1.7616,-3.4622,-2.2806,-1.024,-1.3574,0.7063,0.46721,1.454,-0.72642
1.691,-0.22978,-2.982,0.44413,-0.77062,-0.40449,-0.13571,-0.97613,-0.030374,-1.3158,-2.7074,-1.2737,1.4052,-0.65219,1.3802,-0.96806
-0.1296,0.64894,-0.81182,-0.43316,-1.6717,-1.1135,-0.52001,-1.491,-2.7243,-1.9656,-2.4972,0.20356,0.027703,-1.122,1.1613,-2.2605
-0.63855,1.7576,-0.35638,-0.32104,-0.52338,-0.4715,0.73284,-1.7001,-1.4791,-2.0638,-2.1702,-0.97068,1.6903,0.15641,1.749,-0.79203
2.3157,-0.1922,-3.5996,-0.086253,-0.013705,0.65815,-0.54628,-1.0863,-1.0654,-1.5654,-1.5886,-1.1618,1.0233,-0.31147,1.8286,-0.92409
0.8254,-0.12542,-2.3188,1.6183,-1.5136,-2.2747,0.32829,-0.55761,-1.4286,-1.4935,-1.7313,-1.8026,0.97535,0.023744,1.3455,-0.77154
-0.55059,0.25549,-1.8461,1.98,-1.7166,-2.1736,-1.0064,-0.97689,-2.315,-1.2811,-1.7687,-1.6773,0.09689,-0.96468,1.168,-0.85945
0.23885,0.11674,-2.5797,1.2596,-2.458,-2.433,0.087691,-0.44359,-1.8569,-1.8548,-1.7608,-0.98857,0.9435,-0.11675,1.3636,-0.68802
0.2376,0.20436,-2.6792,1.1733,-2.4793,-2.5791,0.011037,-0.25695,-1.8397,-1.7323,-1.6642,-0.78056,0.89627,-0.18136,1.369,-0.70846
0.62375,-0.24682,-1.9592,1.3537,-1.5277,-1.7619,0.099839,-1.7372,-3.1461,-1.6321,-2.4781,-1.5619,0.89631,0.31341,1.3323,-0.64304
0.2548,0.15806,-2.6621,1.1887,-2.4661,-2.5262,0.041447,-0.35115,-1.8156,-1.7721,-1.6991,-0.91931,0.92351,-0.15079,1.3702,-0.70894
1.5762,-0.17795,-2.5882,0.89954,-0.79115,-2.2439,0.39091,-1.6119,-1.8228,-1.0135,-1.666,-1.7662,1.0343,0.068212,1.0587,-0.79335
0.42525,-0.27264,-2.3244,0.67835,-1.8126,0.078171,-0.53826,-1.2115,-1.9287,-2.0735,-3.8306,-1.2073,1.1892,-0.17719,1.279,-0.75572
-1.1612,2.4213,0.017363,-0.39101,-0.40961,-0.39526,0.94836,-1.3515,-1.9563,-2.1646,-2.595,-1.5829,1.8203,0.97362,1.5733,-0.3313
-1.296,2.4368,0.053601,-0.1892,-0.52159,-0.42349,0.78571,-1.2501,-1.7526,-2.1497,-2.5062,-1.5776,1.7791,0.75943,1.3103,-0.40779
-1.069,2.3232,-0.090386,-0.66358,-0.21633,-0.36993,0.78644,-1.7889,-2.2953,-1.9154,-2.6413,-1.4674,1.7921,0.93861,1.6037,-0.36375
1.6304,-0.16791,-2.5227,1.348,-0.76562,-1.9173,0.48241,-2.0065,-1.3616,-1.2028,-1.545,-1.134,0.83299,-0.11944,1.8447,-0.84746
1.4186,-0.32203,-2.1234,1.9785,-0.80116,-1.997,0.48494,-1.0558,-1.0077,-1.298,-1.4438,-1.6638,1.1966,-0.28258,1.3649,-0.80318
-1.4571,2.6933,-0.02306,-0.13243,-0.65312,-0.64428,0.76077,-0.74935,-1.443,-2.1032,-2.2878,-1.4267,1.5214,0.45219,1.185,-0.52297
0.22836,-0.27152,-2.2837,1.0866,-1.9832,0.038798,-0.80083,-0.98082,-1.1978,-2.1211,-3.507,-1.2957,1.5158,-0.36985,1.1192,-0.77661
0.25659,0.16539,-2.6607,1.1809,-2.4701,-2.5274,0.10057,-0.30619,-1.7946,-1.8085,-1.7042,-0.95177,0.92526,-0.11613,1.4117,-0.6943
0.22526,3.0693,-0.60134,-1.1198,1.3499,-0.9587,1.0983,-1.4315,-1.1019,-0.67066,-1.7396,-1.94,0.71957,-0.24333,1.1068,-0.93874
-2.2068,2.6068,-0.23037,-0.27884,-0.9126,-0.45736,-0.66482,-2.2171,-1.2274,-1.9266,-1.9518,-2.0608,1.9948,-0.044064,1.74,-0.48982
0.25715,0.16944,-2.6618,1.1907,-2.4601,-2.5362,0.038849,-0.33044,-1.8164,-1.7617,-1.6858,-0.87744,0.91793,-0.1616,1.365,-0.70759
2.2225,-0.16435,-3.6626,-0.2202,-0.15148,0.59364,-0.57189,-1.0826,-1.1448,-1.6066,-1.6456,-1.2545,0.99934,-0.2179,1.5828,-0.90666
0.77017,-0.22263,-2.337,1.7976,-1.2175,-2.2767,-0.11398,-0.88581,-0.95957,-1.2,-1.53,-1.9695,0.85358,0.071001,1.5394,-0.75031
-2.7721,2.4559,-0.080678,0.39125,-0.86551,-0.81182,-2.0262,-1.8654,-0.8764,-1.1377,-1.6173,-0.40391,0.66382,-0.14375,0.95666,-1.0764
-0.28571,-0.17202,-2.7077,1.313,-2.2276,-2.4095,-0.86433,-1.2737,-1.1473,-1.5445,-1.6426,-2.5151,0.61489,-0.015009,1.8953,-0.64997
2.2728,-0.18008,-3.6284,-0.14129,-0.076772,0.62915,-0.55671,-1.0846,-1.0935,-1.5851,-1.6163,-1.1994,1.0085,-0.25959,1.7164,-0.91499
2.3443,-0.20168,-3.5785,-0.037429,0.029376,0.67925,-0.53722,-1.0854,-1.033,-1.5539,-1.5706,-1.1299,1.0294,-0.33714,1.9064,-0.92901
1.5052,-0.21056,-2.4732,1.1163,-0.82545,-2.1722,0.39726,-1.525,-1.7377,-1.0968,-1.6669,-1.7477,1.0593,0.018473,1.1294,-0.78797
-0.34477,0.49579,-1.6996,2.0356,-1.8425,-2.0737,-0.57794,-0.79625,-2.6392,-1.474,-1.9077,-0.95802,0.050082,-0.9512,0.7625,-0.96909
0.78453,-0.24082,-2.0637,1.3456,-1.3965,-1.8524,0.14981,-1.6776,-2.7752,-1.5275,-2.3039,-1.5872,0.8962,0.30028,1.2537,-0.66938
-1.3525,2.3617,-0.20041,-0.38883,-0.99945,-0.24941,0.83138,-1.8837,-1.5217,-2.5578,-2.4068,-1.3271,1.9983,0.61091,1.5141,-0.36442
-0.12426,0.34724,-1.8051,1.9431,-1.8336,-2.1049,-0.33452,-0.6753,-2.5019,-1.5089,-1.9155,-0.89322,0.3295,-0.6428,0.77628,-0.90367
1.927,-0.13276,-3.336,-0.39424,-0.57683,-0.46009,-0.22592,-1.4835,-0.83173,-0.99296,-2.9654,-1.2636,1.2301,-0.55292,1.3142,-0.77698
1.6501,-0.10755,-3.0999,0.19882,-1.1537,-2.3191,0.4183,-2.2546,-1.7798,-1.1606,-1.5583,-1.6445,1.092,0.022552,0.99752,-0.79668
0.39027,3.0184,-0.49235,-0.85857,1.5961,-0.82845,1.1436,-1.4215,-0.93509,-0.60054,-1.6436,-1.7641,0.75344,-0.43465,1.5256,-0.9311
2.0903,-0.18653,-3.2125,-0.12257,-0.33077,-0.34227,-0.17526,-1.4786,-0.65781,-0.92651,-2.8582,-1.0893,1.2721,-0.70811,1.7633,-0.8143
-1.473,2.6804,-0.010336,-0.095453,-0.67339,-0.6402,0.7657,-0.72061,-1.4014,-2.1269,-2.2842,-1.4487,1.5404,0.45775,1.1653,-0.517
-1.5627,2.6427,-0.26853,-0.2694,-1.179,-0.49942,0.80463,-1.2639,-1.1135,-2.5338,-2.1482,-1.1672,1.7251,0.25954,1.3374,-0.48868
-0.72224,-0.021875,-0.68081,0.067279,-1.7551,-0.9284,-1.6751,-1.9938,-1.8305,-1.8945,-2.3978,-1.7111,1.8798,-0.24413,1.506,-1.7481
-2.2006,2.8313,0.27526,0.3118,-0.40221,-0.40104,-0.24916,-1.6848,-1.1895,-1.8865,-2.1854,-2.371,0.53147,-0.311,1.2715,-0.81092
1.6788,-0.29249,-2.77,0.936,-0.686,-0.31076,-0.087718,-0.69551,0.35503,-1.3777,-2.5845,-1.2221,1.4689,-0.81109,1.5448,-0.98097
-1.3363,0.82868,-0.49433,0.27737,-1.7021,-0.98771,-2.2165,-1.8919,-1.627,-1.6041,-2.0694,-1.3321,1.725,-0.60536,1.2731,-1.7836
1.8186,-0.099584,-3.4089,-0.55929,-0.73772,-0.53877,-0.25662,-1.4825,-0.935,-1.0397,-3.0298,-1.3772,1.2065,-0.44489,1.031,-0.76512
1.0214,0.029807,-2.863,0.73131,-1.3323,-1.1104,-0.43686,-1.4879,-3.5688,-2.0032,-0.81243,-0.76062,0.58887,0.37273,1.2292,-0.79348
1.6278,-0.16857,-2.517,1.3426,-0.76685,-1.9102,0.48164,-2.0155,-1.3935,-1.2057,-1.5551,-1.1326,0.83736,-0.12556,1.8589,-0.84684
0.7962,-0.23856,-2.0758,1.3449,-1.3884,-1.8643,0.15387,-1.6623,-2.7373,-1.5178,-2.2873,-1.5885,0.89409,0.30107,1.2559,-0.67216
1.1236,-0.25756,-2.301,1.9633,-0.97329,-2.1807,0.17201,-0.98217,-0.64567,-1.1811,-1.4812,-1.5997,0.76259,0.26147,1.4657,-0.77273
0.66719,-0.26782,-1.954,1.3832,-1.4885,-1.7482,0.13102,-1.7566,-3.0574,-1.6366,-2.4464,-1.6195,0.92694,0.29085,1.2965,-0.64765
1.9398,-0.13965,-3.3174,-0.3549,-0.55474,-0.44896,-0.21925,-1.4761,-0.80333,-0.99077,-2.9505,-1.247,1.2372,-0.56604,1.3619,-0.78736
-1.3822,2.5889,0.0012772,-0.17583,-0.59097,-0.55323,0.77098,-0.97249,-1.5916,-2.1142,-2.3841,-1.4888,1.6237,0.58436,1.2543,-0.47647
-0.11393,0.34354,-1.8052,1.9456,-1.823,-2.1023,-0.32313,-0.68186,-2.4908,-1.5096,-1.9132,-0.89327,0.31789,-0.64426,0.77277,-0.90338
-1.2327,1.9605,-0.22094,-0.27807,-1.0726,-0.30764,0.76885,-1.7581,-1.5388,-2.5596,-2.4306,-1.3258,1.9812,0.57398,1.4718,-0.49587
-2.6755,-1.9016,-0.21023,-0.05202,0.060848,-0.86465,-0.1539,-0.4159,-1.9811,-1.1441,-2.0885,-1.2907,1.8997,0.1324,0.56787,-0.89265
-2.7089,-2.45,-0.23865,0.091846,0.45727,-0.84761,-0.42663,-0.66148,-1.6425,-0.85548,-1.805,-1.4846,1.8418,-0.18297,0.76113,-0.88352
2.3658,-0.20884,-3.5629,-0.00026046,0.061707,0.69506,-0.53024,-1.0852,-1.0077,-1.5452,-1.5577,-1.105,1.033,-0.35427,1.9647,-0.93245
-0.72224,-0.021875,-0.68081,0.067279,-1.7551,-0.9284,-1.6751,-1.9938,-1.8305,-1.8945,-2.3978,-1.7111,1.8798,-0.24413,1.506,-1.7481
2.0684,-0.1812,-3.2232,-0.14521,-0.36169,-0.35528,-0.18041,-1.4728,-0.66963,-0.93766,-2.8684,-1.1102,1.2688,-0.69179,1.7099,-0.81073
-2.3543,2.8347,0.25825,0.30453,-0.44183,-0.43164,-0.4313,-1.7359,-1.1631,-1.8404,-2.1964,-2.4275,0.38065,-0.23866,1.3124,-0.79728
-1.4583,2.5458,0.069103,-0.012388,-0.67191,-0.52846,0.78072,-0.86345,-1.4485,-2.2094,-2.3726,-1.5446,1.6857,0.58857,1.1614,-0.45474
0.26748,0.11576,-2.6366,1.209,-2.455,-2.4699,0.08784,-0.43078,-1.7957,-1.8255,-1.7377,-1.0525,0.94935,-0.11203,1.3807,-0.70288
1.0102,-0.1408,-1.4771,-1.067,-0.96827,-1.3691,-0.14074,-1.6662,-1.7566,-1.5343,-2.2774,-0.88723,1.1661,-0.11369,1.1086,-1.8448
1.2566,-0.27138,-2.2754,1.9949,-0.88209,-2.1492,0.28154,-0.97434,-0.61807,-1.1814,-1.4295,-1.56,0.84714,0.14837,1.4601,-0.78827
-2.7378,-2.4408,-0.23539,0.083846,0.42729,-0.85357,-0.43861,-0.64317,-1.6861,-0.8645,-1.8196,-1.4679,1.8384,-0.18378,0.75167,-0.88004
-1.552,2.9502,-0.50983,-0.52615,-1.1659,-0.74094,0.86846,-1.0113,-0.86041,-2.3882,-1.945,-1.239,1.3563,-0.043722,1.3951,-0.67534
-1.1283,2.4335,-0.048366,-0.47463,-0.36547,-0.4215,0.77223,-1.529,-2.0543,-2.0025,-2.5757,-1.5161,1.7654,0.84993,1.5024,-0.40486
0.26329,3.0294,-0.51697,-0.99147,1.4221,-0.9584,1.1317,-1.433,-1.0135,-0.66597,-1.6687,-1.8896,0.75754,-0.1915,1.3306,-1.0856
-1.4013,2.8178,-0.16343,-0.31558,-0.60523,-0.74186,0.82503,-0.71407,-1.3345,-2.0275,-2.2177,-1.5722,1.3528,0.34897,1.2623,-0.61677
-2.0673,2.8447,0.2862,0.2952,-0.4082,-0.38469,-0.04401,-1.5878,-1.2631,-1.9551,-2.2006,-2.2641,0.64334,-0.35862,1.2149,-0.82219
0.030671,0.63796,-1.0921,-0.68632,-1.5571,-0.89584,-0.60886,-1.5049,-2.9214,-1.8218,-2.694,0.28924,-0.023323,-1.6448,0.8371,-1.4832
-2.1843,2.8459,0.26832,0.25556,-0.47515,-0.40966,-0.14165,-1.5967,-1.3102,-1.9576,-2.228,-2.3823,0.60974,-0.34954,1.2359,-0.81011
-0.84248,0.3391,-1.6719,2.0905,-1.7997,-2.0949,-1.1637,-1.0171,-2.6626,-1.3051,-1.8385,-1.3506,-0.054375,-1.1333,0.97674,-0.87447
1.4577,-0.30708,-2.1821,1.8599,-0.77881,-2.0281,0.4806,-1.1179,-1.0689,-1.2533,-1.4526,-1.6728,1.1798,-0.24884,1.343,-0.80546
1.1879,-0.25778,-2.2864,1.9392,-0.95976,-2.1722,0.25314,-0.93069,-0.718,-1.2071,-1.4553,-1.6343,0.88771,0.11307,1.4515,-0.78432
-1.5678,2.8052,0.28363,0.16117,-0.60627,-0.31705,0.81868,-1.207,-1.5422,-2.3303,-2.4371,-1.7621,1.0263,-0.0029724,0.93128,-0.79051
1.4587,-0.30358,-2.1929,1.8331,-0.78156,-2.0337,0.47771,-1.1318,-1.0918,-1.2483,-1.4602,-1.6768,1.1755,-0.23873,1.333,-0.80475
-0.41462,-0.31767,-2.2695,1.117,-1.9404,-0.095582,-1.7485,-1.1625,-1.2504,-1.7807,-3.4298,-2.1154,1.412,-0.57777,1.4045,-0.72013
0.3303,0.22144,-1.7879,2.1835,-1.5312,-2.0162,0.013315,-0.86072,-2.1537,-1.5277,-1.9099,-0.82113,0.12346,-0.40608,0.74661,-0.85704
0.3303,0.22144,-1.7879,2.1835,-1.5312,-2.0162,0.013315,-0.86072,-2.1537,-1.5277,-1.9099,-0.82113,0.12346,-0.40608,0.74661,-0.85704
0.086555,-0.27176,-2.5615,0.51243,-1.6376,-0.047493,-1.5377,-1.715,-1.6819,-1.5766,-3.5003,-1.7568,1.2884,-0.59856,1.6254,-0.65795
1.1884,-0.25777,-2.2862,1.9385,-0.95988,-2.1722,0.25405,-0.92957,-0.71992,-1.2076,-1.4548,-1.6358,0.89016,0.10972,1.4517,-0.78451
-0.15805,-0.14715,-2.279,1.1715,-1.9635,-0.094892,-1.9882,-1.1881,-1.1429,-1.5701,-3.1695,-1.4261,2.3193,-0.51531,1.1004,-0.82096
-2.3462,2.8352,0.25954,0.27762,-0.46196,-0.43582,-0.3901,-1.6895,-1.2415,-1.8689,-2.1965,-2.4923,0.47439,-0.34165,1.3198,-0.79705
-0.55059,0.25549,-1.8461,1.98,-1.7166,-2.1736,-1.0064,-0.97689,-2.315,-1.2811,-1.7687,-1.6773,0.09689,-0.96468,1.168,-0.85945
-2.5161,0.045517,-0.19525,-0.024749,-0.44492,-0.67724,-0.45102,-1.1988,-1.4766,-1.542,-1.9984,-1.9164,2.032,0.17156,1.2883,-0.5049
-0.35323,0.093556,-2.6364,1.3236,-2.3735,-2.5569,-1.3085,-0.92043,-1.621,-1.2799,-1.4342,-1.8164,1.4662,-0.35623,1.6128,-0.70286
0.78141,-0.30488,-2.4569,1.1488,-1.4682,-0.067251,-0.42193,-0.90061,-0.41298,-1.8805,-3.2642,-1.0768,1.1017,-0.17101,1.2613,-0.82569
0.26408,0.13415,-2.637,1.2135,-2.4506,-2.4877,0.063819,-0.40519,-1.8077,-1.7996,-1.7182,-0.97118,0.9354,-0.13419,1.3639,-0.70409
-0.0079258,0.22802,-1.9674,1.8371,-1.791,-2.1808,-0.30764,-0.69101,-2.2032,-1.4831,-1.8818,-1.314,0.38735,-0.46325,1.0061,-0.8594
0.74813,-0.26515,-2.0069,1.3683,-1.4274,-1.7931,0.16189,-1.7233,-2.8908,-1.5894,-2.3621,-1.6488,0.94082,0.26965,1.2618,-0.66153
0.9848,-0.22663,-2.5655,1.1304,-1.3833,-1.0346,-0.10269,-1.7474,-3.0326,-2.1692,-1.2438,-1.4402,0.8249,0.33387,1.4279,-0.72345
0.3737,2.7557,-0.0020332,-0.26776,1.743,-0.42,1.0939,-1.8256,-1.2009,-0.76657,-1.7806,-1.4922,0.80775,-0.53817,1.6382,-1.0048
0.67958,0.046125,-1.9055,2.1307,-1.2284,-2.0466,0.21221,-0.83582,-1.7669,-1.4111,-1.6761,-1.0409,0.44401,-0.52896,0.91926,-0.84993
-2.0756,2.8634,0.28083,0.2484,-0.47603,-0.39754,-0.0024266,-1.5196,-1.3661,-1.9959,-2.2279,-2.274,0.72905,-0.38694,1.1845,-0.82353
-3.5582,-0.44698,-0.60029,-0.0033589,-0.86901,-1.0765,-2.0625,-1.521,-1.0782,-0.89257,-1.4383,0.18276,0.68204,-0.32084,0.85101,-1.2017
2.1988,-0.20411,-3.2083,-0.024751,-0.18141,-0.222,-0.16965,-1.466,-0.60223,-0.86542,-2.8474,-0.97941,1.2594,-0.9485,1.9007,-0.64464
1.9486,-0.15655,-3.282,-0.20519,-0.52208,-0.37653,-0.21232,-1.3808,-0.67542,-1.0068,-2.927,-1.208,1.2448,-0.72647,1.374,-0.68113
-0.44032,-0.12819,-1.8604,2.1393,-1.2523,-2.0759,-0.57086,-1.1224,-1.8885,-1.1371,-1.6429,-1.0756,-0.2437,-0.52921,0.9643,-0.68706
-0.35044,-0.28304,-2.2951,1.0885,-1.9527,-0.12311,-1.7174,-1.0946,-1.2389,-1.7594,-3.4052,-2.0198,1.5173,-0.54405,1.3649,-0.73774
0.5415,-0.24172,-2.4023,0.50163,-1.7064,0.051397,-0.55461,-1.3473,-2.0761,-1.956,-3.8386,-1.1278,1.1527,-0.1528,1.381,-0.76778
0.34861,0.13638,-2.107,1.6828,-1.7865,-2.2362,0.12244,-0.48398,-2.0677,-1.586,-1.8897,-1.354,0.59483,-0.28294,1.0561,-0.82845
0.29015,0.099032,-2.6426,1.208,-2.4375,-2.4594,0.098497,-0.46385,-1.7637,-1.8253,-1.7358,-1.1055,0.96154,-0.10843,1.383,-0.70789
2.3227,-0.19768,-3.5895,-0.047484,-0.00063187,0.66743,-0.53955,-1.0809,-1.028,-1.5661,-1.5845,-1.1397,1.0174,-0.30066,1.8548,-0.92304
1.4461,-0.30776,-2.7592,1.2248,-0.77875,-0.25843,-0.31721,-0.9297,0.80213,-1.3733,-2.7223,-0.82067,0.91052,-0.054375,1.5249,-0.92281
-3.2796,0.29924,-0.25831,0.272,-0.52984,-1.1394,-2.1434,-1.194,-1.3183,-0.63752,-1.6035,-0.19566,0.26303,-0.39545,0.68709,-1.439
1.6377,-0.31059,-2.7495,1.1046,-0.69995,-0.2755,-0.12436,-0.72456,0.61206,-1.4004,-2.5596,-1.0871,1.3542,-0.68022,1.6,-0.97307
-2.7945,2.3384,-0.097696,0.38222,-0.85332,-0.81615,-2.0154,-1.8591,-0.87439,-1.1286,-1.6093,-0.39319,0.64994,-0.16274,0.9556,-1.0916
1.9042,-0.12787,-3.3443,-0.41502,-0.60856,-0.47537,-0.23024,-1.478,-0.84206,-1.0052,-2.9738,-1.2853,1.2282,-0.53041,1.2646,-0.78082
2.1329,-0.20154,-3.1775,-0.043722,-0.26551,-0.30915,-0.16135,-1.4729,-0.60563,-0.91048,-2.8283,-1.0423,1.284,-0.7534,1.8826,-0.82233
0.14338,-0.2523,-2.2785,1.0913,-2.0091,0.020876,-0.97929,-1.0064,-1.2271,-2.0581,-3.479,-1.3279,1.6276,-0.38551,1.1127,-0.7789
0.23992,0.21588,-2.6788,1.1753,-2.4733,-2.5892,0.0088209,-0.23575,-1.8404,-1.7221,-1.6509,-0.73863,0.89064,-0.19197,1.3642,-0.70699
1.7316,-0.092541,-3.4064,-0.61003,-0.87841,-0.62783,-0.24944,-1.5217,-0.92643,-1.1186,-3.0063,-1.4326,1.2379,-0.25529,0.98873,-0.93997
0.23641,2.3624,-1.2276,-1.5134,0.20383,-1.0399,1.0035,-2.1251,-0.78634,-1.3255,-1.5387,-1.4866,0.84511,-0.54937,1.1665,-1.3384
-1.3745,2.5772,0.004434,-0.17942,-0.58473,-0.54308,0.77218,-0.99616,-1.6068,-2.1161,-2.3946,-1.496,1.6353,0.5988,1.2612,-0.47126
0.54736,2.758,-0.41378,-0.31704,1.9792,0.53345,0.70607,-1.4285,-1.6757,-1.4302,-0.52765,-1.6367,0.56679,-0.10513,1.5836,-1.1422
-2.1863,-2.3209,-1.1851,-1.3854,0.74663,-1.1515,-0.33904,-1.9331,-1.887,-0.47238,-1.5944,-0.96057,0.81539,-0.33429,0.98576,-0.8712
-2.9002,-2.3675,-0.6755,-0.19177,-0.33446,-0.72112,-0.70167,-1.4672,-1.1575,-1.2708,-1.4286,-0.89011,2.4305,-0.56378,0.95222,-0.90527
0.25286,0.15643,-2.6445,1.1963,-2.4679,-2.509,0.10006,-0.33095,-1.8067,-1.8189,-1.7154,-0.95884,0.92868,-0.11519,1.4037,-0.69241
0.39066,-0.32513,-1.7618,2.0716,-1.7267,-1.7751,0.17172,-1.2204,-2.4044,-1.8849,-2.3172,-1.6654,0.86767,0.26822,0.91219,-0.59274
0.7001,-0.21216,-2.3492,1.7261,-1.3185,-2.2971,-0.1003,-0.81974,-1.0932,-1.258,-1.5777,-2.0712,0.89498,0.026447,1.5414,-0.74405
0.69961,-0.21217,-2.3495,1.7268,-1.3184,-2.2972,-0.10121,-0.82086,-1.0913,-1.2575,-1.5782,-2.0697,0.89254,0.029801,1.5412,-0.74387
-2.3826,2.841,0.25362,0.30845,-0.44459,-0.44008,-0.485,-1.7565,-1.1375,-1.8163,-2.1933,-2.4015,0.33804,-0.19258,1.3002,-0.7964
1.8283,-0.098463,-3.4164,-0.57112,-0.7274,-0.53321,-0.25825,-1.4919,-0.94737,-1.031,-3.0345,-1.3711,1.2023,-0.45682,1.0353,-0.75107
1.2746,-0.70725,1.1539,1.0331,-0.20762,-0.92844,-1.9273,-1.0914,-0.80179,-0.9911,-1.612,-1.554,2.0394,-0.47801,0.94848,-0.835
0.25731,0.16714,-2.6787,1.1748,-2.4679,-2.5458,0.029119,-0.33231,-1.8091,-1.7533,-1.6859,-0.90045,0.91876,-0.15973,1.3697,-0.71359
-0.44337,0.11454,-1.9374,1.873,-1.7838,-2.1994,-0.79839,-0.86336,-2.2661,-1.3532,-1.8383,-1.6129,0.29807,-0.61455,1.1492,-0.78452
0.21484,-0.30495,-2.2024,1.0957,-2.0633,0.084353,-0.49862,-0.872,-1.4827,-2.3195,-3.7412,-1.3163,1.2433,-0.26039,1.005,-0.7312
1.5388,-0.05644,-2.6891,1.2881,-0.60492,-0.77487,0.0051745,-1.706,-2.5271,-1.961,-0.455,-1.262,0.47709,-0.19322,1.997,-1.0359
0.44342,-0.19907,-2.3742,1.6481,-1.4447,-2.3603,-0.36416,-0.80945,-1.2376,-1.2291,-1.589,-2.3379,0.92927,-0.082138,1.6167,-0.725
1.3117,0.022512,-2.8121,0.46444,-1.2648,-2.3207,0.14467,-1.8926,-2.3924,-1.0956,-1.7055,-0.97564,0.92236,-0.055361,1.0525,-0.75747
0.27863,0.11715,-2.6434,1.2098,-2.4425,-2.4774,0.06842,-0.4374,-1.7877,-1.8013,-1.722,-1.0281,0.94849,-0.13217,1.3685,-0.71001
0.83483,-0.23511,-2.4466,1.1394,-0.88106,-1.3271,-1.3393,-2.9038,-2.7153,-1.1912,-1.0206,-1.7418,1.5547,-0.088207,0.75442,-0.75105
-0.54981,0.29147,-1.7383,2.0247,-1.7946,-2.0949,-0.80871,-0.89547,-2.562,-1.3933,-1.8726,-1.2125,0.098532,-0.90067,0.92194,-0.86502
0.08458,0.67354,-1.1356,-0.76859,-1.4975,-0.9188,-0.60014,-1.554,-2.9385,-1.7647,-2.6727,0.29232,-0.07281,-1.6756,0.84453,-1.5084
1.7865,-0.13521,-3.2488,-0.19895,-0.70796,-0.46569,-0.23828,-1.2963,-0.69126,-1.0989,-2.937,-1.2597,1.2516,-0.57458,1.1948,-0.78725
-0.29734,-0.39122,-2.29,1.1332,-1.9356,0.0045765,-1.4236,-1.2955,-1.1131,-1.9798,-3.4628,-2.0349,1.1196,-0.61437,1.4863,-0.70238
1.7244,-0.12371,-2.8375,0.43343,-0.73225,-2.3887,0.39609,-1.8139,-1.9749,-0.86235,-1.6759,-1.8871,0.9933,0.19705,0.87934,-0.80312
-2.9112,-0.53413,-0.82931,-0.51799,-0.86142,-0.853,-0.44946,-1.4522,-0.89226,-1.6912,-1.6232,-1.5551,1.6773,-0.19799,1.5993,-0.56911
0.52506,-0.30538,-2.3391,1.1211,-1.7338,0.0087536,-0.46121,-0.89211,-0.88087,-2.0779,-3.4748,-1.1796,1.1758,-0.2142,1.1619,-0.7881
-0.80414,0.34592,-1.7455,2.0324,-1.8078,-2.1438,-1.1867,-1.0133,-2.5534,-1.2862,-1.8194,-1.5535,-0.046296,-1.0978,1.0654,-0.88099
-0.69238,0.19576,-2.1065,1.7822,-2.2287,-2.0133,-1.3707,-1.7231,-1.9224,-1.5437,-1.6634,-2.184,0.91589,-0.8784,1.3362,-0.88013
1.3219,-0.22477,-2.6626,1.1509,-0.9147,-0.21616,-0.25556,-0.8337,0.38713,-1.5109,-2.7742,-0.99329,1.0291,-0.48442,1.4565,-0.97306
0.63834,-0.2041,-2.3554,1.7045,-1.3572,-2.3149,-0.1574,-0.80459,-1.1388,-1.2545,-1.5842,-2.1169,0.9037,0.0039898,1.5561,-0.73978
-2.357,2.8367,0.25972,0.2681,-0.47516,-0.43832,-0.40321,-1.6812,-1.2684,-1.8711,-2.1954,-2.5277,0.52486,-0.36904,1.324,-0.79775
1.2343,-0.26644,-2.28,1.9781,-0.9028,-2.1579,0.26134,-0.96772,-0.64299,-1.1822,-1.4328,-1.5833,0.86438,0.13949,1.4496,-0.7873
2.3897,-0.2163,-3.5388,0.031548,0.09899,0.71397,-0.52621,-1.0755,-1.0001,-1.5354,-1.5316,-1.0959,1.0563,-0.41891,2.034,-0.94153
-0.31897,-0.17001,-2.711,1.2999,-2.2513,-2.4169,-0.88641,-1.265,-1.1736,-1.5494,-1.6513,-2.5477,0.61498,-0.024331,1.9077,-0.6471
1.6894,-0.25665,-2.8808,0.66071,-0.71414,-0.36908,-0.11742,-0.83798,0.12102,-1.3262,-2.6625,-1.2636,1.4252,-0.70744,1.4425,-0.97364
1.6141,-0.23995,-2.4605,1.5038,-0.8437,-1.9785,0.5196,-1.6425,-1.0294,-1.2878,-1.3243,-1.4,1.1545,-0.46003,1.6592,-0.8511
0.7533,-0.24019,-2.0316,1.1952,-1.4076,-1.7765,0.10996,-1.8915,-3.2294,-1.5328,-2.4701,-1.5496,0.88646,0.32827,1.3674,-0.65393
0.45605,2.9909,-0.41785,-0.72048,1.6999,-0.79249,1.1728,-1.4202,-0.84374,-0.57949,-1.5813,-1.6914,0.783,-0.45814,1.7559,-1.0038
0.074794,0.19905,-1.6641,2.0238,-1.8034,-1.7497,0.18374,-1.141,-2.4194,-1.9388,-2.2206,-1.7226,0.20437,-0.52065,0.7825,-0.95266
1.2287,-0.32088,-0.7682,-1.8309,-1.8141,-1.8126,-0.58339,-0.95828,-1.653,-1.9092,-2.1272,-1.049,0.76246,0.071945,1.966,-0.76888
0.20218,0.1075,-2.31,1.5064,-2.2996,-2.0569,0.20284,-1.0483,-1.8579,-2.0459,-1.9083,-1.4404,0.67627,-0.34902,1.195,-0.82687
-0.63527,0.21785,-2.1189,1.7724,-2.2357,-2.0329,-1.379,-1.6783,-1.9185,-1.5095,-1.6357,-2.0697,1.0586,-0.83065,1.2801,-0.88771
-3.4363,0.075562,-0.52634,0.067521,-0.91278,-1.062,-2.0937,-1.5765,-1.0701,-0.92563,-1.4497,0.10063,0.432,-0.54223,0.82778,-1.3729
-1.43,2.6588,-0.016306,-0.15061,-0.63039,-0.61403,0.764,-0.82711,-1.4963,-2.1049,-2.3206,-1.4465,1.5549,0.49699,1.2105,-0.50762
-0.44618,-0.093148,-2.2623,1.6731,-2.3317,-2.148,-1.2942,-1.4334,-1.8985,-1.5309,-1.6865,-1.9481,1.5367,-0.32379,1.4517,-0.64896
0.25851,1.6175,-0.34623,-0.38565,1.8829,-0.154,0.96806,-1.517,-1.4642,-0.90089,-1.2001,-1.3338,0.52824,-0.61313,1.5705,-1.2204
0.27189,-0.30384,-2.2669,1.0509,-2.0564,0.086698,-0.48084,-0.91993,-1.3092,-2.3187,-3.6545,-1.2778,1.2891,-0.31259,1.0989,-0.75421
0.42745,-0.27104,-2.3301,0.67812,-1.8123,0.072166,-0.53698,-1.2007,-1.9133,-2.0703,-3.8247,-1.2079,1.1874,-0.17554,1.2856,-0.75688
2.2037,-0.22686,-3.1183,0.089933,-0.1565,-0.25347,-0.13792,-1.4622,-0.51677,-0.88418,-2.7778,-0.96373,1.3042,-0.82972,2.0822,-0.83577
1.5304,-0.22258,-2.4488,1.2209,-0.79166,-2.167,0.41903,-1.4537,-1.5827,-1.0982,-1.6034,-1.7369,1.0805,-0.031298,1.1567,-0.79606
0.2561,0.13331,-2.6374,1.211,-2.4598,-2.4876,0.056221,-0.40635,-1.82,-1.8006,-1.724,-0.97534,0.93648,-0.13656,1.365,-0.70548
-2.1701,2.8356,0.26857,0.30188,-0.39651,-0.407,-0.20829,-1.66,-1.1912,-1.8922,-2.179,-2.3518,0.54191,-0.32819,1.2623,-0.81351
-0.73053,0.14164,-1.5793,2.1861,-1.725,-1.7484,-0.97621,-1.7041,-2.3527,-1.6169,-2.0873,-2.6413,-0.071546,-0.92762,1.1417,-0.92201
0.63532,-0.30624,-2.3867,1.1394,-1.6169,-0.02094,-0.44531,-0.89752,-0.67695,-1.9926,-3.3848,-1.1302,1.141,-0.1932,1.2122,-0.80418
-1.5419,2.4886,-0.17983,-0.17774,-1.1721,-0.37133,0.82887,-1.4289,-1.1589,-2.6285,-2.2505,-1.301,1.8875,0.41083,1.3352,-0.42079
1.82,-0.097408,-3.4167,-0.57457,-0.73828,-0.53934,-0.2589,-1.4891,-0.94791,-1.0362,-3.0354,-1.3785,1.203,-0.44603,1.0222,-0.75735
2.0742,-0.24315,-2.7325,0.92779,-0.43305,-2.0393,0.5345,-2.1209,-1.4055,-0.91484,-1.3311,-1.2779,1.1647,-0.33533,2.0577,-0.86461
-2.2591,2.8306,0.26931,0.29933,-0.42467,-0.41273,-0.30886,-1.6929,-1.206,-1.879,-2.19,-2.4297,0.51374,-0.32048,1.2929,-0.80561
0.56331,-0.30668,-1.8422,1.774,-1.591,-1.7472,0.18486,-1.4132,-2.5371,-1.7836,-2.2969,-1.7148,1.0072,0.17794,1.1219,-0.64912
0.81581,0.0047544,-2.564,0.61516,-1.3755,-0.1154,-0.36114,-1.1417,-1.0743,-1.7616,-3.297,-1.1899,0.83438,-0.72171,1.1983,-1.0131
0.38479,3.0159,-0.47784,-0.84743,1.5912,-0.8421,1.1486,-1.4234,-0.92612,-0.6069,-1.6328,-1.7684,0.76169,-0.39748,1.5486,-0.97559
0.24641,0.19416,-2.6615,1.1866,-2.4684,-2.5561,0.052807,-0.26793,-1.8255,-1.7645,-1.6753,-0.82104,0.90555,-0.15984,1.3818,-0.69853
1.4971,-0.2051,-2.4859,1.0705,-0.83781,-2.1763,0.3885,-1.5549,-1.7982,-1.094,-1.6914,-1.7525,1.0497,0.040395,1.1161,-0.78491
-1.9845,2.8564,0.29137,0.28777,-0.41121,-0.37444,0.065912,-1.5426,-1.2889,-1.9869,-2.2091,-2.1757,0.70677,-0.34959,1.1599,-0.83114
-1.9893,2.8639,0.28795,0.26289,-0.45346,-0.37848,0.11004,-1.5015,-1.3423,-2.0223,-2.2375,-2.1728,0.71697,-0.34523,1.1529,-0.82982
-1.4045,2.7284,-0.42925,-0.58368,-1.0268,-0.55581,0.85345,-1.4464,-1.2234,-2.387,-2.1461,-1.2657,1.5863,0.23789,1.5053,-0.56061
1.8162,-0.18164,-3.1541,0.039667,-0.65009,-0.42098,-0.18443,-1.202,-0.43513,-1.1388,-2.8466,-1.2734,1.3087,-0.63123,1.328,-0.83609
-2.4549,3.0441,-0.34226,-0.22393,-1.0006,-0.71637,-0.75659,-1.772,-0.6981,-1.8099,-1.6672,-1.9766,1.2913,-0.45451,1.5713,-0.74418
2.2359,-0.21735,-3.1774,0.045082,-0.12422,-0.19284,-0.15739,-1.4605,-0.55586,-0.85155,-2.821,-0.9382,1.27,-0.98845,2.0054,-0.65169
-0.19301,-0.053283,-2.0711,1.8157,-1.6374,-2.2398,-0.69541,-0.87841,-1.9193,-1.293,-1.7411,-1.8721,0.53298,-0.44754,1.3252,-0.73664
1.4685,-0.17806,-2.934,0.79719,-1.0636,-1.4469,0.097386,-1.6943,-2.2267,-1.7919,-0.89078,-1.6478,0.92085,0.25438,1.1603,-0.83168
-2.3539,2.8267,0.25735,0.28516,-0.45672,-0.42854,-0.39912,-1.7219,-1.2018,-1.868,-2.207,-2.4983,0.42008,-0.28512,1.3224,-0.79547
1.9137,-0.080241,-3.8139,-0.66163,-0.60248,0.32572,-0.64154,-1.1001,-1.4305,-1.7485,-1.7804,-1.5907,0.97285,0.19509,0.90103,-1.0427
-0.368,-0.39203,-2.2725,1.1375,-1.9722,0.011036,-1.4918,-1.3147,-1.1736,-1.9855,-3.4835,-2.077,1.1384,-0.62643,1.4869,-0.69463
0.16756,2.8749,-0.3509,-0.52056,1.6387,0.60095,0.59977,-1.6965,-2.167,-1.6489,-0.8296,-1.8251,0.52286,0.10133,0.74221,-0.97408
-3.2683,0.35326,-0.24579,0.25659,-0.52726,-1.1335,-2.088,-1.1639,-1.3721,-0.66201,-1.5942,-0.24239,0.30889,-0.5204,0.68302,-1.4552
-1.4994,2.8264,-0.44879,-0.51315,-1.1167,-0.63904,0.86144,-1.2042,-1.0184,-2.412,-2.049,-1.2647,1.4878,0.10294,1.4327,-0.61077
0.19794,0.10561,-2.303,1.5103,-2.3019,-2.0508,0.20174,-1.0558,-1.8695,-2.051,-1.9135,-1.4408,0.67875,-0.35142,1.1861,-0.82556
1.2132,-0.26156,-2.2837,1.9601,-0.93152,-2.1646,0.26009,-0.94998,-0.67653,-1.1951,-1.4461,-1.6002,0.8711,0.13669,1.4478,-0.78569
-0.29453,-0.39605,-2.2988,1.1359,-1.9198,0.001026,-1.4247,-1.3086,-1.0725,-1.9708,-3.4579,-2.0358,1.0682,-0.59282,1.4976,-0.70147
-0.51226,0.10995,-2.1939,1.6782,-2.2326,-2.0397,-0.90906,-1.5592,-1.8679,-1.7198,-1.7537,-2.1917,0.62707,-0.78956,1.4276,-0.83176
-1.3275,2.5052,0.026613,-0.19006,-0.54599,-0.48173,0.78137,-1.1343,-1.6799,-2.13,-2.4502,-1.5421,1.7082,0.68065,1.2846,-0.43998
-0.11135,-0.063437,-2.0844,1.8093,-1.6211,-2.2384,-0.60652,-0.85353,-1.8819,-1.3069,-1.7414,-1.8137,0.55589,-0.39415,1.3061,-0.73552
0.2455,0.16719,-2.6451,1.1981,-2.4707,-2.5202,0.076454,-0.318,-1.8234,-1.8009,-1.7064,-0.90775,0.92037,-0.13285,1.3913,-0.69492
2.3656,-0.20971,-3.5602,0.006454,0.062394,0.69648,-0.52951,-1.0817,-1.002,-1.5465,-1.5558,-1.104,1.034,-0.3568,1.9672,-0.93263
-1.3382,-1.7397,-0.88928,-1.2424,0.58189,-1.2822,0.55134,-0.61397,-2.7619,-0.65265,-2.1357,-0.30645,0.93931,0.15198,0.93845,-1.0458
-0.25804,-0.14843,-2.2381,1.1787,-2.0546,-0.065212,-2.0177,-1.2046,-1.278,-1.6326,-3.253,-1.4337,2.3041,-0.47492,1.0691,-0.80434
0.26191,0.11431,-2.6291,1.2193,-2.4543,-2.4654,0.062897,-0.44817,-1.8142,-1.8139,-1.7381,-1.0255,0.94695,-0.12773,1.3612,-0.70656
-0.10428,-0.19866,-2.2404,1.1319,-2.08,-0.0099615,-1.5127,-1.1143,-1.3233,-1.8759,-3.4066,-1.3835,1.9674,-0.4088,1.0566,-0.78387
1.8616,-0.11285,-3.3793,-0.49387,-0.67383,-0.5085,-0.24415,-1.4837,-0.89424,-1.0212,-3.0037,-1.3322,1.2163,-0.48512,1.1453,-0.77279
-0.2818,-0.30752,-2.2136,1.1481,-1.9621,-0.029783,-1.5287,-1.1225,-1.3372,-1.88,-3.4981,-1.8871,1.4709,-0.49815,1.2739,-0.7285
-2.1122,2.5451,-0.22816,-0.25316,-0.94732,-0.45596,-0.70088,-2.2384,-1.2777,-1.9448,-1.9997,-2.0674,1.9792,-0.052835,1.7136,-0.56414
0.51084,-0.29931,-2.3311,1.7664,-1.8058,-0.6856,-0.2091,-1.1841,-2.8164,-2.7988,-0.99238,-1.6771,0.85141,0.43004,1.0643,-0.73061
-1.543,2.0884,-0.34624,-0.41747,-1.0237,-0.49383,-0.88239,-2.3283,-1.7257,-1.7549,-2.096,-1.4055,2.8947,0.45866,1.5914,-0.60281
-1.3742,2.7871,-0.15814,-0.33734,-0.5815,-0.71498,0.82422,-0.78929,-1.3954,-2.0239,-2.249,-1.578,1.3834,0.39116,1.2886,-0.60157
0.48534,-0.30581,-2.3199,1.1189,-1.7741,0.021501,-0.46762,-0.89136,-0.95251,-2.1084,-3.5077,-1.1939,1.1863,-0.22011,1.1489,-0.78225
1.5704,-0.31146,-2.7866,1.202,-0.68284,-0.2798,-0.25039,-0.87979,0.87947,-1.3298,-2.6219,-0.87409,1.0148,-0.21411,1.5779,-0.94698
-3.3305,0.30697,-0.4866,0.074015,-0.946,-1.0531,-2.0257,-1.5356,-1.1641,-0.98592,-1.4538,-0.012219,0.49731,-0.77018,0.83221,-1.4421
0.32641,2.332,-1.1566,-1.3582,0.34026,-0.97477,1.0323,-2.1206,-0.68609,-1.2898,-1.4774,-1.3897,0.86958,-0.63404,1.4185,-1.3625
0.20967,-0.30702,-2.1688,1.1014,-2.032,0.098406,-0.51178,-0.84477,-1.495,-2.3007,-3.7514,-1.3321,1.2636,-0.25723,1.0273,-0.74149
0.55673,-0.35269,-2.3547,1.0583,-1.6408,-0.0091909,-0.36644,-0.7984,-0.9025,-2.0473,-3.3647,-1.219,1.3079,-0.48301,1.1836,-0.8007
0.22769,-0.30571,-2.2032,1.0874,-2.0426,0.096216,-0.50654,-0.88183,-1.4243,-2.307,-3.7191,-1.3001,1.2624,-0.26487,1.0448,-0.74452
2.0898,-0.18828,-3.2071,-0.10914,-0.3294,-0.33943,-0.17381,-1.4717,-0.6464,-0.92902,-2.8544,-1.0872,1.2742,-0.71317,1.7683,-0.81466
-1.3536,2.5418,0.015262,-0.18647,-0.56802,-0.51253,0.77593,-1.0638,-1.6488,-2.1237,-2.4252,-1.5185,1.6707,0.64136,1.2795,-0.45546
-2.1866,2.8308,0.27401,0.28446,-0.42446,-0.40256,-0.18638,-1.6435,-1.2514,-1.9243,-2.1984,-2.4095,0.57455,-0.37171,1.2676,-0.80969
1.4811,-0.29364,-2.6669,1.0657,-0.87151,-0.2304,-0.12692,-0.6841,0.25811,-1.5352,-2.6757,-1.1828,1.4447,-0.8218,1.5318,-0.96327
0.60238,2.1027,-0.096841,-0.18928,1.573,-0.55602,0.98695,-1.7475,-1.2554,-0.77916,-1.7822,-1.4211,0.75262,-0.58247,1.6791,-1.3485
0.77454,-0.21624,-2.3409,1.7611,-1.2662,-2.2789,-0.049336,-0.83845,-1.0288,-1.2476,-1.5619,-1.9848,0.88582,0.062339,1.5206,-0.75022
-1.3839,2.7985,-0.15994,-0.33005,-0.58974,-0.72503,0.8232,-0.76224,-1.3763,-2.024,-2.2378,-1.5717,1.3724,0.37598,1.2793,-0.60664
2.3496,-0.20588,-3.5598,-0.015533,0.04181,0.68922,-0.53652,-1.0663,-1.0277,-1.5551,-1.5505,-1.1369,1.0514,-0.39156,1.9345,-0.93535
1.2769,-0.23538,-2.4957,1.1667,-1.2423,-1.9972,0.36729,-1.8512,-1.6962,-1.4493,-1.6951,-1.5098,1.1051,-0.074795,1.2501,-0.75515
0.27617,0.11854,-2.6449,1.2071,-2.4453,-2.4793,0.06913,-0.43575,-1.7873,-1.8027,-1.7236,-1.0282,0.94537,-0.12591,1.3652,-0.70883
0.25979,0.11816,-2.6291,1.2193,-2.4554,-2.4689,0.060124,-0.4408,-1.8177,-1.8111,-1.7357,-1.0123,0.94453,-0.13053,1.3606,-0.70623
-1.472,2.6587,0.0040253,-0.080251,-0.67393,-0.62256,0.76527,-0.74173,-1.4131,-2.1391,-2.2984,-1.4555,1.565,0.47879,1.1633,-0.50568
1.0904,-0.16335,-2.8149,0.82124,-1.3084,-0.91982,-0.22843,-1.7393,-3.3006,-2.2223,-0.92429,-1.4551,0.72391,0.52771,1.3004,-0.791
1.7395,-0.08881,-3.3996,-0.62916,-0.84608,-0.64218,-0.25561,-1.504,-0.97672,-1.0855,-3.0276,-1.4594,1.2232,-0.22542,0.96392,-0.93948
0.25672,0.1454,-2.6448,1.1994,-2.464,-2.501,0.083525,-0.3638,-1.807,-1.811,-1.7186,-0.97478,0.93319,-0.12237,1.3893,-0.69869
2.3496,-0.20588,-3.5598,-0.015533,0.04181,0.68922,-0.53652,-1.0663,-1.0277,-1.5551,-1.5505,-1.1369,1.0514,-0.39156,1.9345,-0.93535
-2.2333,2.8336,0.27131,0.31505,-0.40145,-0.4109,-0.29466,-1.6972,-1.1748,-1.8677,-2.1807,-2.3652,0.47949,-0.29903,1.2788,-0.80733
2.238,-0.21707,-3.1787,0.041373,-0.12222,-0.19294,-0.15756,-1.4639,-0.55963,-0.84958,-2.8218,-0.9373,1.2694,-0.9877,2.0078,-0.65184
1.7324,-0.088556,-3.4229,-0.62327,-0.88617,-0.64887,-0.24525,-1.53,-0.97552,-1.1136,-3.0259,-1.4412,1.2024,-0.22762,0.94595,-0.92742
-0.33252,-0.37211,-2.2626,1.132,-1.9991,0.016514,-1.4543,-1.2798,-1.2223,-2.0009,-3.4943,-1.9958,1.2309,-0.6058,1.4287,-0.70234
-0.18248,0.064446,-1.9817,1.8554,-1.7264,-2.1073,-0.64192,-1.0828,-1.9937,-1.4535,-1.8801,-2.2505,0.48826,-0.4935,1.2695,-0.83272
-1.1649,2.5342,-0.091376,-0.49403,-0.39031,-0.50729,0.75655,-1.3777,-1.9851,-1.9584,-2.4993,-1.4338,1.6625,0.74078,1.4765,-0.44851
-0.34477,0.49579,-1.6996,2.0356,-1.8425,-2.0737,-0.57794,-0.79625,-2.6392,-1.474,-1.9077,-0.95802,0.050082,-0.9512,0.7625,-0.96909
0.90981,-0.25644,-2.1255,1.4812,-1.293,-1.9414,0.22192,-1.5985,-2.4503,-1.4674,-2.182,-1.6275,0.8044,0.34185,1.0944,-0.65451
-0.23696,0.076963,-2.6261,1.3152,-2.3719,-2.5169,-1.0498,-0.87814,-1.6242,-1.393,-1.4962,-1.7553,1.3899,-0.29419,1.5802,-0.69896
-3.4437,0.05762,-0.52846,0.062989,-0.90907,-1.0616,-2.0883,-1.5732,-1.0722,-0.9249,-1.4479,0.10208,0.44596,-0.53716,0.82913,-1.364
1.4887,-0.25671,-2.3414,1.4603,-0.80066,-2.1071,0.44027,-1.3349,-1.4149,-1.1689,-1.5627,-1.7227,1.1188,-0.10718,1.225,-0.797
-2.3374,2.8256,0.4975,0.49847,-0.0076412,-0.52418,-0.56248,-1.3771,-1.3429,-1.4757,-2.3543,-2.6648,0.12043,0.12034,1.1596,-0.79777
1.4534,-0.29024,-2.2297,1.7261,-0.80022,-2.0506,0.46333,-1.1919,-1.2056,-1.2347,-1.5014,-1.6922,1.1587,-0.19741,1.2975,-0.80027
0.63705,-0.20351,-2.3564,1.7008,-1.36,-2.3162,-0.15704,-0.80357,-1.1426,-1.2557,-1.5849,-2.1204,0.90569,0.0024181,1.5514,-0.73964
1.2194,-0.25129,-2.4216,1.2807,-1.2858,-1.9553,0.37379,-1.7848,-1.6955,-1.5144,-1.7042,-1.5159,1.1445,-0.13596,1.2749,-0.75086
0.28842,0.072151,-2.6097,1.2379,-2.4308,-2.4136,0.11279,-0.52622,-1.7757,-1.8583,-1.7651,-1.1582,0.97488,-0.094535,1.3744,-0.70296
1.3529,-0.18303,-2.952,0.044442,-0.69211,-0.41282,-0.45471,-1.176,-1.4152,-0.99892,-2.964,-0.11586,1.0717,-0.68948,1.7616,-0.85974
1.2508,-0.19552,-0.22786,-1.041,-1.229,-1.5622,-1.7615,-1.543,-1.7239,-1.2474,-1.7106,-0.34355,1.4591,-0.44957,1.7151,-0.81381
1.82,-0.097408,-3.4167,-0.57457,-0.73828,-0.53934,-0.2589,-1.4891,-0.94791,-1.0362,-3.0354,-1.3785,1.203,-0.44603,1.0222,-0.75735
-1.472,2.6587,0.0040253,-0.080251,-0.67393,-0.62256,0.76527,-0.74173,-1.4131,-2.1391,-2.2984,-1.4555,1.565,0.47879,1.1633,-0.50568
0.90907,-0.25732,-2.1231,1.4886,-1.2922,-1.94,0.22174,-1.5961,-2.4427,-1.4681,-2.1805,-1.625,0.80303,0.34268,1.0967,-0.6545
0.25867,0.12758,-2.6374,1.2119,-2.4579,-2.4829,0.053966,-0.42036,-1.8175,-1.8006,-1.7266,-0.98926,0.93944,-0.13636,1.3618,-0.70736
0.12996,0.029542,-2.1044,1.614,-1.9397,-2.2283,0.1012,-0.45182,-2.2607,-1.6747,-2.0147,-1.3855,0.63635,-0.13399,1.0238,-0.7517
-0.36861,0.13889,-2.6364,1.324,-2.3779,-2.5971,-1.3248,-0.82964,-1.6485,-1.2521,-1.4015,-1.6676,1.4404,-0.38505,1.6089,-0.69623
-1.3383,2.2175,-0.30366,-0.46136,-0.94266,-0.36602,-0.044832,-2.2317,-1.6723,-2.1035,-2.2551,-1.3486,2.3898,0.50059,1.5735,-0.53896
1.4523,-0.29374,-2.2188,1.753,-0.79748,-2.0449,0.46622,-1.178,-1.1828,-1.2397,-1.4938,-1.6882,1.163,-0.20752,1.3074,-0.80098
0.81106,-0.2179,-2.5815,1.0961,-1.5191,-0.74673,-0.27433,-1.7121,-3.5073,-2.4548,-1.1186,-1.4648,0.72519,0.56041,1.3744,-0.75027
0.66118,-0.26029,-2.4606,1.373,-1.659,-0.69792,-0.25072,-1.5247,-3.2784,-2.6218,-1.1059,-1.574,0.77508,0.52771,1.26,-0.73659
1.0515,-0.26827,-2.1724,1.6657,-1.1414,-2.005,0.26456,-1.4608,-1.8693,-1.3757,-1.9617,-1.5741,0.76434,0.34848,1.0816,-0.68178
-0.038043,2.9839,-0.28791,-0.93257,1.1973,-0.67011,0.9884,-1.8559,-1.6146,-0.91329,-2.0394,-1.9089,0.7122,-0.18212,0.57057,-0.84392
0.90415,-0.24119,-2.4453,1.1181,-1.7429,-1.8188,0.28615,-2.1185,-2.1274,-1.8203,-1.9352,-1.3773,1.1291,-0.08379,1.3798,-0.70001
1.4521,-0.29287,-2.2218,1.747,-0.79804,-2.0464,0.46459,-1.1826,-1.1865,-1.238,-1.4961,-1.6877,1.1595,-0.20164,1.3048,-0.80062
2.3515,-0.20407,-3.5733,-0.025039,0.040153,0.68452,-0.53489,-1.0853,-1.0246,-1.551,-1.5663,-1.1216,1.0306,-0.34285,1.9258,-0.93015
1.2287,-0.32088,-0.7682,-1.8309,-1.8141,-1.8126,-0.58339,-0.95828,-1.653,-1.9092,-2.1272,-1.049,0.76246,0.071945,1.966,-0.76888
1.5218,-0.21887,-2.4561,1.1885,-0.80265,-2.1682,0.41171,-1.4766,-1.6318,-1.098,-1.6241,-1.7396,1.073,-0.014433,1.1484,-0.79336
-1.4335,2.3541,0.17767,0.10059,-0.66755,-0.36836,0.81035,-1.0722,-1.5039,-2.3299,-2.4986,-1.7062,1.8893,0.77489,1.1596,-0.36984
0.13588,-0.32599,-1.874,1.9305,-2.3247,-1.5818,0.16675,-1.5929,-2.2774,-2.3663,-2.2693,-1.5148,1.1348,-0.016308,1.0688,-0.60129
0.75647,-0.30525,-2.2793,1.6081,-1.5153,-0.86183,-0.10614,-1.5776,-2.9473,-2.3922,-1.2996,-1.3983,0.87115,0.27121,1.5832,-0.72105
-3.3055,0.30593,-0.48273,0.058,-0.95124,-1.0524,-1.9759,-1.4962,-1.223,-1.0098,-1.4491,-0.055456,0.58535,-0.86307,0.83785,-1.4434
1.7028,-0.2112,-3.0214,0.31156,-0.74984,-0.44305,-0.15509,-1.0187,-0.17576,-1.2609,-2.7615,-1.3162,1.3699,-0.57598,1.3129,-0.96434
-0.17279,-0.055725,-2.0784,1.8105,-1.6384,-2.2442,-0.67453,-0.86209,-1.911,-1.2952,-1.7412,-1.8524,0.54579,-0.42739,1.3269,-0.73487
0.32322,3.034,-0.51499,-0.94104,1.5,-0.89251,1.1329,-1.4275,-0.98553,-0.63385,-1.6658,-1.8338,0.75088,-0.3201,1.3996,-0.98704
0.60025,-0.2446,-2.4697,0.45329,-1.6943,0.027251,-0.52289,-1.4116,-2.0266,-1.9468,-3.8113,-1.1479,1.1344,-0.14259,1.3693,-0.76369
1.5149,-0.099717,-3.5116,-0.26476,-0.8202,-0.63446,-0.64928,-2.0013,-0.0418,-0.89892,-3.1962,-0.74549,0.15661,1.2243,0.93048,-0.85734
0.6592,2.978,-0.81356,-0.72283,1.9896,0.19179,0.79468,-1.0204,-1.2872,-1.2262,-0.31192,-1.7976,0.54501,-0.075603,1.7763,-1.1247
-0.3185,-0.14808,-2.2172,1.1773,-2.1117,-0.050705,-2.0357,-1.2141,-1.3588,-1.6697,-3.303,-1.4415,2.2947,-0.44853,1.0422,-0.79424
1.9075,-0.16439,-3.242,-0.12914,-0.56181,-0.39072,-0.20354,-1.3256,-0.60085,-1.0478,-2.9018,-1.2284,1.2648,-0.6958,1.3605,-0.73051
-0.41864,0.13431,-1.9934,1.8725,-1.6983,-2.2429,-0.96008,-0.95625,-2.0717,-1.2592,-1.7428,-1.9638,0.25937,-0.73608,1.325,-0.81
0.26192,0.060454,-2.5551,1.2901,-2.4315,-2.3687,0.088652,-0.58101,-1.8385,-1.8765,-1.7932,-1.1115,0.97129,-0.1044,1.3332,-0.69572
1.2735,-0.21707,-2.7241,1.1382,-1.1953,-1.3242,0.09739,-1.5332,-2.1946,-1.9767,-0.95069,-1.6054,0.94309,0.21285,1.2496,-0.80454
0.27868,0.11508,-2.6446,1.2063,-2.4445,-2.476,0.073842,-0.44064,-1.7854,-1.8065,-1.7255,-1.0428,0.95011,-0.12593,1.3668,-0.70904
-0.55977,0.42495,-1.7336,2.0523,-1.7817,-2.1149,-0.93803,-0.94678,-2.5153,-1.3428,-1.8285,-1.3497,-0.02121,-1.0566,0.97992,-0.9344
1.9486,-0.13896,-3.3225,-0.36488,-0.54523,-0.44567,-0.22005,-1.4858,-0.81421,-0.98306,-2.9533,-1.2417,1.2345,-0.57178,1.3701,-0.78072
0.037322,-0.15369,-2.3933,0.98524,-1.6198,-0.096901,-2.1432,-1.5048,-1.2212,-1.2722,-3.0698,-1.393,2.2538,-0.66113,1.5483,-0.82469
-0.28571,-0.17202,-2.7077,1.313,-2.2276,-2.4095,-0.86433,-1.2737,-1.1473,-1.5445,-1.6426,-2.5151,0.61489,-0.015009,1.8953,-0.64997
0.37674,0.22687,-1.8054,2.1914,-1.4904,-2.028,0.017427,-0.86278,-2.0783,-1.4967,-1.8774,-0.80494,0.11117,-0.3982,0.76553,-0.86474
-1.2292,2.573,-0.088119,-0.40748,-0.45389,-0.53387,0.8021,-1.2325,-1.7653,-2.0221,-2.4424,-1.5685,1.6111,0.66106,1.4051,-0.48699
-2.2538,2.8073,0.27946,0.32208,-0.36096,-0.40401,-0.34139,-1.7301,-1.1733,-1.851,-2.1449,-2.5175,0.52275,-0.43078,1.3443,-0.8054
2.2799,-0.18247,-3.6232,-0.1289,-0.065995,0.63441,-0.55438,-1.0845,-1.0851,-1.5822,-1.6119,-1.1911,1.0097,-0.2653,1.7358,-0.91614
-1.528,2.354,-0.10277,-0.096364,-1.1748,-0.25874,0.84419,-1.5759,-1.2035,-2.7142,-2.3375,-1.3943,2.0339,0.53962,1.3328,-0.35849
0.23234,2.829,0.11914,-0.22787,1.6944,-0.31812,1.0722,-1.9813,-1.3725,-0.85715,-1.8835,-1.5088,0.81579,-0.47701,1.428,-0.94367
0.28842,0.072151,-2.6097,1.2379,-2.4308,-2.4136,0.11279,-0.52622,-1.7757,-1.8583,-1.7651,-1.1582,0.97488,-0.094535,1.3744,-0.70296
-1.2189,2.4303,-0.33064,-0.67583,-0.8708,-0.3085,0.80983,-2.043,-1.7533,-2.3889,-2.4173,-1.2158,1.912,0.61827,1.6798,-0.39365
-2.239,2.8323,0.26879,0.2894,-0.43114,-0.41288,-0.25872,-1.6672,-1.23,-1.9002,-2.198,-2.417,0.51642,-0.33871,1.2836,-0.80512
-0.35323,0.093556,-2.6364,1.3236,-2.3735,-2.5569,-1.3085,-0.92043,-1.621,-1.2799,-1.4342,-1.8164,1.4662,-0.35623,1.6128,-0.70286
2.2944,-0.18515,-3.616,-0.12195,-0.045981,0.64228,-0.55274,-1.0878,-1.0879,-1.5741,-1.6029,-1.1841,1.0173,-0.28867,1.7702,-0.92001
2.047,-0.17413,-3.2394,-0.18128,-0.39398,-0.37113,-0.187,-1.4739,-0.69287,-0.9463,-2.8824,-1.1332,1.2633,-0.67041,1.6515,-0.80681
-0.99782,-0.074652,-1.7528,2.0888,-1.4271,-2.0738,-0.83002,-1.0905,-2.3665,-1.1542,-1.6973,-1.0879,-0.4401,-0.88799,0.88258,-0.6665
-1.5568,3.0038,-0.50601,-0.54575,-1.1773,-0.7741,1.0181,-0.82269,-0.81938,-2.4659,-1.9335,-1.2147,1.3398,0.03208,1.5043,-0.63021
-1.9815,1.4261,-0.41849,0.58665,-1.7874,-1.1341,-2.8126,-1.8187,-1.1087,-1.2616,-1.8296,-0.24598,0.2166,-0.58289,0.88592,-2.0097
0.35236,-0.27874,-2.2698,0.82861,-1.8903,0.083086,-0.53373,-1.0809,-1.7779,-2.1499,-3.8022,-1.2405,1.2114,-0.20433,1.1924,-0.75179
-1.0792,2.3728,-0.11659,-0.68632,-0.22124,-0.41155,0.77992,-1.728,-2.272,-1.8881,-2.6069,-1.4296,1.7397,0.88832,1.5998,-0.38609
1.7395,-0.08881,-3.3996,-0.62916,-0.84608,-0.64218,-0.25561,-1.504,-0.97672,-1.0855,-3.0276,-1.4594,1.2232,-0.22542,0.96392,-0.93948
1.6225,-0.21244,-0.95583,-1.8324,-1.0095,-1.74,-1.9725,-1.9308,-1.0088,-0.8667,-1.498,-1.5723,1.8668,-0.5926,0.7733,-0.40022
-3.4883,-0.07854,-0.60978,0.012864,-1.0037,-1.0599,-2.0937,-1.6553,-1.0213,-0.97084,-1.3914,0.19935,0.39528,-0.64587,0.84922,-1.3865
-0.093912,0.64737,-0.87601,-0.45009,-1.6195,-1.0227,-0.55298,-1.4166,-2.7604,-1.9169,-2.571,0.21395,-0.0065401,-1.3501,1.0003,-1.9553
-1.3742,2.7871,-0.15814,-0.33734,-0.5815,-0.71498,0.82422,-0.78929,-1.3954,-2.0239,-2.249,-1.578,1.3834,0.39116,1.2886,-0.60157
0.22346,0.20409,-2.6555,1.1979,-2.4797,-2.5648,-0.013417,-0.27573,-1.876,-1.7292,-1.6708,-0.73329,0.89175,-0.19832,1.3453,-0.70756
-0.061873,0.34531,-1.8166,1.9445,-1.809,-2.1005,-0.26512,-0.67742,-2.4483,-1.5242,-1.9168,-0.9056,0.28664,-0.62474,0.79294,-0.90893
-2.5161,0.045517,-0.19525,-0.024749,-0.44492,-0.67724,-0.45102,-1.1988,-1.4766,-1.542,-1.9984,-1.9164,2.032,0.17156,1.2883,-0.5049
0.7472,-0.27315,-2.467,1.4472,-1.5655,-0.67919,-0.21969,-1.4782,-3.1135,-2.5839,-1.032,-1.5555,0.79416,0.42731,1.3153,-0.70776
0.57366,-0.2518,-2.8241,0.84123,-1.5833,1.3126,-0.97539,-0.50282,-2.1771,-2.7785,-2.6662,-1.315,0.86665,-0.48873,0.7783,-0.14458
1.5487,-0.17205,-2.5939,0.84267,-0.82001,-2.2392,0.3733,-1.66,-1.9359,-1.0203,-1.7167,-1.7684,1.0181,0.10364,1.0488,-0.78633
-0.14179,0.099594,-2.5887,1.3365,-2.3923,-2.4845,-0.90967,-0.82668,-1.7074,-1.4442,-1.5347,-1.5173,1.4247,-0.25506,1.466,-0.70965
0.44608,-0.30586,0.48973,0.11051,-1.4752,-1.0789,-2.0222,-1.5846,-1.3141,-1.7781,-1.7896,-1.01,1.2387,-0.97602,1.5052,-0.84851
0.26327,0.1346,-2.637,1.2142,-2.4505,-2.489,0.05278,-0.40881,-1.8151,-1.7922,-1.7157,-0.96079,0.93642,-0.14508,1.3563,-0.70677
1.8702,-0.11303,-3.3817,-0.49713,-0.66363,-0.50378,-0.24423,-1.4899,-0.8994,-1.0148,-3.0047,-1.3259,1.2146,-0.49338,1.1559,-0.76633
1.4542,-0.28588,-2.2434,1.6932,-0.80353,-2.0578,0.4588,-1.2104,-1.2322,-1.2279,-1.5113,-1.6958,1.151,-0.18141,1.2848,-0.79919
-2.2891,2.8271,0.26416,0.26366,-0.45741,-0.42309,-0.29565,-1.6607,-1.2806,-1.9079,-2.2002,-2.5283,0.55322,-0.40747,1.31,-0.80004
-1.1885,2.477,-0.34174,-0.79066,-0.81745,-0.3144,0.9524,-1.9927,-1.8568,-2.4171,-2.4467,-1.1706,1.9125,0.7381,1.8544,-0.32497
-0.71848,0.1724,-1.6339,2.1429,-1.7465,-1.8273,-1.1345,-1.6257,-2.3304,-1.5009,-2.0017,-2.582,0.20734,-0.89807,1.1301,-0.92472
-2.3619,2.8294,0.25761,0.27286,-0.47117,-0.43306,-0.39964,-1.702,-1.2397,-1.8751,-2.2062,-2.5293,0.46803,-0.32798,1.3284,-0.79546
-1.0984,2.5458,-0.11846,-0.61466,-0.33164,-0.49911,0.84981,-1.425,-2.0893,-1.9646,-2.5422,-1.4512,1.6564,0.83329,1.6212,-0.42092
-0.69614,-0.21578,-0.97226,-0.056343,-1.8178,-1.2974,-1.8978,-1.5123,-1.4467,-1.652,-2.1867,-1.9232,1.8542,-0.2484,1.5952,-1.845
2.3835,-0.21707,-3.5342,0.041574,0.092935,0.71432,-0.52608,-1.0645,-0.99088,-1.5414,-1.5283,-1.1005,1.06,-0.42541,2.027,-0.94157
0.39027,3.0184,-0.49235,-0.85857,1.5961,-0.82845,1.1436,-1.4215,-0.93509,-0.60054,-1.6436,-1.7641,0.75344,-0.43465,1.5256,-0.9311
2.0547,-0.17474,-3.2394,-0.18269,-0.38459,-0.36869,-0.18625,-1.4805,-0.69654,-0.94091,-2.8815,-1.1275,1.263,-0.67248,1.6659,-0.80776
-0.049811,0.3272,-1.6388,1.9623,-1.851,-1.9051,-0.10772,-0.93686,-3.033,-1.7096,-2.2041,-0.77233,0.13698,-0.60862,0.71061,-0.86863
-0.28401,-0.16742,-2.7067,1.2764,-2.2622,-2.4174,-0.82379,-1.2116,-1.2529,-1.5785,-1.6448,-2.5923,0.74056,-0.13747,1.9027,-0.65016
-0.06931,0.43706,-1.7779,1.9095,-1.9159,-2.0733,-0.063719,-0.60129,-2.6342,-1.6777,-2.0276,-0.87757,0.080249,-0.71825,0.73147,-0.94579
-0.42232,0.22708,-1.8138,1.9636,-1.7899,-2.1228,-0.67977,-0.84074,-2.4494,-1.4152,-1.8769,-1.2691,0.19391,-0.74633,0.97351,-0.83933
-0.069968,-0.55616,-2.269,0.93681,-1.9195,0.036585,-0.42044,-0.72742,-1.4493,-2.217,-3.6466,-1.202,1.2219,-0.29976,0.97875,-0.66429
-0.22622,-0.36777,-2.2789,1.124,-1.9677,0.016056,-1.3245,-1.2401,-1.1693,-2.0173,-3.4866,-1.9082,1.2118,-0.57261,1.4066,-0.71257
-0.021021,0.24873,-2.8367,0.78182,-2.1193,-2.6527,-1.3598,-1.2145,-2.2654,-0.91483,-1.4771,-1.2299,1.4364,-0.27889,1.8308,-0.74118
2.0901,-0.1874,-3.2098,-0.11586,-0.33009,-0.34085,-0.17454,-1.4752,-0.6521,-0.92776,-2.8563,-1.0883,1.2731,-0.71064,1.7658,-0.81448
0.26872,-0.30588,-2.2213,1.0933,-1.9994,0.084759,-0.50049,-0.88361,-1.3488,-2.2753,-3.6855,-1.2824,1.2499,-0.25739,1.0625,-0.75051
-2.2701,2.8243,0.50534,0.52737,0.041268,-0.51136,-0.51943,-1.387,-1.2939,-1.4629,-2.3334,-2.5857,0.12147,0.13139,1.1382,-0.80374
-1.3288,2.5981,-0.36462,-0.59295,-0.94065,-0.45131,0.84128,-1.6634,-1.4375,-2.3822,-2.2691,-1.29,1.7181,0.40938,1.5588,-0.49207
0.89085,-0.23548,-2.3278,1.8624,-1.134,-2.2416,-0.013163,-0.93166,-0.82577,-1.1939,-1.5246,-1.8163,0.7809,0.19016,1.5098,-0.7559
1.8864,-0.16824,-3.2225,-0.090184,-0.58227,-0.39663,-0.19947,-1.2961,-0.56243,-1.0688,-2.8897,-1.2386,1.2744,-0.68393,1.3507,-0.75142
-1.4755,2.7146,-0.031927,-0.1182,-0.67307,-0.6683,0.76441,-0.68597,-1.3859,-2.1068,-2.2618,-1.4321,1.5025,0.42452,1.1674,-0.53398
2.216,-0.16142,-3.6727,-0.2349,-0.16278,0.58677,-0.57338,-1.0897,-1.1506,-1.6081,-1.656,-1.2562,0.98978,-0.19265,1.5604,-0.9034
-2.2921,2.8162,0.50273,0.53143,0.037246,-0.50644,-0.53777,-1.4145,-1.266,-1.4642,-2.3473,-2.6064,0.068876,0.18097,1.152,-0.80092
-1.2563,2.5604,-0.37331,-0.69434,-0.86905,-0.42515,0.79503,-1.8222,-1.6725,-2.3106,-2.3289,-1.1516,1.7671,0.49208,1.6397,-0.45418
-2.1846,2.8273,0.27411,0.28433,-0.42346,-0.39928,-0.18252,-1.6494,-1.2477,-1.9276,-2.2007,-2.4226,0.57685,-0.36835,1.2691,-0.80969
0.24504,0.047595,-2.5226,1.316,-2.4388,-2.3355,0.095932,-0.6107,-1.8716,-1.9072,-1.8208,-1.1275,0.9775,-0.096663,1.3307,-0.68843
0.88796,-0.23657,-2.326,1.8574,-1.1339,-2.2423,-0.016149,-0.92675,-0.83947,-1.1946,-1.5191,-1.8382,0.79811,0.15929,1.5158,-0.7567
-1.7973,1.9392,-0.12269,-0.15961,-1.0455,-0.23032,0.90851,-1.5792,-1.2239,-2.6833,-2.3081,-1.3095,1.9957,0.4975,1.2207,-0.31584
2.1902,-0.21952,-3.1372,0.045745,-0.18009,-0.26831,-0.14449,-1.4734,-0.54938,-0.88618,-2.7929,-0.98208,1.2974,-0.80788,2.0358,-0.83262
-0.3847,0.17487,-1.8771,1.9139,-1.7799,-2.1554,-0.66278,-0.83239,-2.3521,-1.4055,-1.8643,-1.3983,0.23281,-0.67065,1.0399,-0.81724
-0.95729,-1.7115,-0.87315,-2.6666,-0.68667,-1.5165,0.65501,-0.80462,-1.4711,-1.2752,-1.3393,-0.46266,0.97031,-0.010548,1.9451,0.32549
0.23939,0.19224,-2.6619,1.1838,-2.4774,-2.5543,0.054559,-0.2677,-1.8308,-1.772,-1.6836,-0.83582,0.90579,-0.15219,1.3893,-0.69776
0.091647,2.8799,-0.0056759,-0.48548,1.4786,-0.41278,1.0221,-1.9871,-1.5403,-0.90984,-1.99,-1.6614,0.77042,-0.36809,1.0058,-0.87236
-1.4771,2.7271,-0.039158,-0.12574,-0.67329,-0.67875,0.76269,-0.67245,-1.3819,-2.099,-2.2536,-1.4222,1.4891,0.41232,1.1676,-0.53964
0.21821,-0.31009,-2.1952,1.0915,-2.0512,0.10546,-0.50529,-0.88887,-1.4392,-2.3189,-3.7314,-1.3133,1.2656,-0.26138,1.0483,-0.74275
0.55142,-0.61774,0.43697,-0.087252,-2.2463,-0.98561,-0.64164,-1.0122,-1.5052,-2.8433,-2.5166,-1.333,0.99191,-0.060964,1.0974,-0.64529
-0.44549,-0.40822,-2.2722,1.1428,-1.9747,0.008883,-1.5706,-1.3602,-1.1652,-1.9746,-3.4893,-2.1664,1.0606,-0.63691,1.5288,-0.68305
-1.226,2.4457,-0.33385,-0.67484,-0.87356,-0.32253,0.80443,-2.0144,-1.7471,-2.3798,-2.4061,-1.1961,1.8969,0.60241,1.6729,-0.39904
