0.35153,-1.0534,-0.68668,-0.61007,-0.43939,-0.30894,-0.90257,-2.7,0.55902,-0.83789,-0.3125,1.0721,-1.6212,-0.89057,-1.444,-0.99756
-0.98561,3.2007,-0.64458,-0.57322,-1.6322,0.25966,-0.59832,-3.0934,0.035475,0.28729,-1.8921,0.18644,-1.141,-2.1201,-0.77616,0.42772
-1.9316,3.3355,-0.6865,0.24299,-1.2555,-0.098065,0.58931,-0.89294,-0.54106,-2.247,-1.2724,0.20278,-1.0519,-1.0926,-1.394,-0.60772
2.0105,-1.0242,1.4941,0.90854,-0.95255,-0.25707,-0.26004,-1.2929,-0.092056,-1.4211,-1.6544,0.4629,-1.4063,-1.3102,-0.8643,-0.73039
0.69089,-0.61278,0.4049,0.95878,-3.4361,-0.54866,-0.94201,-1.8115,0.22577,-1.3939,-1.8364,0.35381,-2.0252,-1.4175,-1.1396,-0.64354
0.96569,-0.49203,-1.9221,2.5308,-1.9471,0.23325,-0.39386,-2.8679,0.64387,-1.4333,-1.6438,0.46846,-1.7396,-1.0281,-1.1984,-0.58352
0.17744,0.1043,-2.1863,2.7915,-2.2714,-0.045602,1.8149,-1.5676,0.29022,-1.9399,-1.5973,1.062,-1.1781,-1.1657,-1.2214,-0.87702
1.0754,-0.52134,0.044072,0.15352,-2.5816,-2.2064,0.68391,-2.2408,0.85944,-1.6277,-0.47031,1.1601,-1.7476,-1.0665,-1.2471,-0.97071
2.9813,-0.63057,-3.1027,-0.48269,-0.33793,-0.84985,-0.3912,-1.5345,0.015495,-1.2313,-1.1789,0.61452,-1.0971,-1.4183,-1.9856,-0.77643
2.4858,-0.61244,-0.80479,-1.2306,-2.4722,-0.26961,0.113,-1.974,0.043735,-1.9515,-0.054166,0.24734,-1.6482,-0.77904,-1.0118,-0.64908
-1.8191,-0.74783,-1.0593,-0.14123,-1.761,1.7958,0.4085,-0.54814,0.35942,-0.19352,-1.0937,-0.5378,-0.74186,-1.7234,-1.0511,-1.7239
1.8593,-0.12412,1.6578,0.90429,-0.64919,-0.25863,-0.5533,-1.257,-0.1268,-1.5606,-1.5876,0.70179,-1.4196,-1.2854,-0.88626,-0.49809
-1.435,2.4343,0.059238,0.60076,-1.2449,-0.76829,0.011185,-2.0518,0.17325,-1.8349,-2.1054,2.366,-1.9642,-0.68862,-1.1303,-0.45807
1.058,-0.5897,0.23044,0.17897,-3.4187,-0.4577,-0.36276,-2.6623,-0.084645,-1.1352,-1.9826,0.26336,-1.9887,-1.2578,-1.5854,-0.70817
1.0526,-0.59969,0.24623,0.19526,-3.4328,-0.46868,-0.39742,-2.6682,-0.098346,-1.1687,-1.9793,0.26739,-2.0289,-1.2659,-1.5168,-0.7122
1.9655,-0.57704,-1.7201,2.5461,-0.78421,0.98645,-0.014575,-1.5894,-0.4022,-1.793,-1.1658,0.77264,-1.1079,-1.2476,-1.221,-0.60275
1.1085,-0.67793,0.45619,0.62761,-3.5212,-0.6806,-1.1228,-2.2084,-0.011921,-1.1154,-1.9259,0.6042,-0.23943,-0.37662,-1.2731,-0.72194
0.93998,-0.17012,-2.5401,1.1789,-1.4232,-1.3566,-0.84417,-1.4999,-1.1907,-0.36497,-2.8105,-1.0673,-2.2031,-0.18873,-1.4449,-1.2033
-2.0453,2.8939,-0.26069,0.55955,-1.3966,-0.92318,-0.67035,-2.293,-0.32862,-2.2427,-1.5849,1.0189,-1.2902,-1.5883,-1.2704,-0.8542
-1.4614,2.5961,0.96333,0.3233,-1.8785,-1.3863,0.82754,-1.8397,-0.045436,-1.8405,-1.5698,1.3263,-1.4498,-0.95716,-1.16,-0.18243
2.213,-0.70354,0.62083,-0.46879,-1.9116,0.1522,0.7127,-2.3527,-0.32081,-1.682,-2.134,0.15817,-1.6414,-0.78051,-0.37832,-0.68884
2.178,-0.57329,0.92498,-0.095567,-1.1878,-0.56604,0.038304,-2.1549,0.68087,-1.6646,-1.2384,0.25208,-1.7361,-0.669,-0.66818,-0.77578
-2.0029,2.8297,-0.241,0.57383,-1.3472,-0.79065,-1.0884,-2.4483,-0.40058,-2.304,-1.6248,0.20521,-1.2417,-1.691,-1.3091,-0.78175
-0.47606,-0.16642,-1.6399,2.9164,-1.4679,0.14784,1.0239,-2.2986,0.40235,-0.91314,-1.5759,-1.0309,-0.84454,-1.5125,-0.96876,-1.0736
-0.58563,3.0805,-0.43651,-0.88353,-1.1447,0.6187,0.096638,-3.0331,0.19005,0.089626,-2.2476,0.23193,-1.1993,-1.6513,-0.73866,0.56512
0.33731,-0.078389,0.46233,0.81711,-3.1996,-0.44674,-1.0176,-1.9037,0.14057,-1.3812,-1.6411,-0.39958,-1.5873,-1.8133,-0.91743,-1.2253
1.2606,-0.62921,0.30529,0.67982,-2.9057,-0.20772,-0.60222,-1.336,-0.21531,-1.4444,-1.4317,0.42806,-1.7053,-1.4806,-1.2416,-0.57195
0.7215,-0.43726,0.27643,0.387,-3.644,-1.7145,0.59038,-2.549,-0.32399,-1.1986,-1.8522,1.4776,-0.15357,-0.40378,-1.4233,-1.0366
2.444,-0.48429,-3.4898,-0.71445,-1.3087,-0.71226,-0.19564,-1.8413,0.21527,-1.6474,-1.4784,0.38926,-1.6646,-0.70651,-1.0201,-1.4145
-2.3249,-2.6185,0.069533,0.24401,-0.25196,0.4265,0.16017,-1.5775,0.34732,-1.5072,-1.9752,0.55226,-1.2613,-1.0135,-0.96554,-0.82533
-0.26811,0.37031,-1.8149,3.0336,-2.0643,-0.4141,1.8072,-2.0598,0.51413,-1.4545,-1.6527,0.16929,-0.85331,-1.6726,-1.0815,-1.2106
2.2338,-0.51115,0.50731,-0.70825,-1.5979,-0.39849,0.48562,-2.5845,0.66116,-1.787,-1.2914,-0.13007,-1.7653,-0.45707,-0.49677,-1.078
2.5003,-0.4712,-3.6079,-0.85642,-1.258,-0.76029,-0.18113,-1.9029,0.25996,-1.5042,-1.613,0.34049,-1.4812,-1.0108,-0.69369,-0.69669
-0.42433,0.60383,0.32432,0.81421,-3.2197,-1.9731,0.95108,-2.0229,-0.30011,-1.5925,-1.4497,0.80796,-1.3762,-1.7329,-1.345,-0.93157
1.3385,-0.62812,0.3188,0.62954,-2.85,-0.22768,-0.62657,-1.4292,-0.28763,-1.5333,-1.4325,0.42421,-1.6962,-1.4588,-1.2271,-0.65408
0.71563,-0.36167,-1.0092,-0.018214,-2.6357,-0.28207,-0.30715,-3.2155,-0.0033134,-0.60174,-2.5965,0.47217,-1.697,-1.8839,-1.108,0.32895
-1.7851,-1.2373,-1.2802,-0.33634,-1.957,1.6211,0.055657,-0.7716,0.069581,0.026685,-1.0026,0.81942,-1.3481,-1.3129,-1.445,-0.56867
0.96767,-0.6892,0.56543,1.0108,-3.4791,-0.73028,-1.3887,-1.7873,0.12434,-1.1712,-1.8309,0.65647,-0.19667,-0.47637,-1.1388,-0.67177
0.33153,-0.4504,-0.49754,1.1824,-2.4912,-0.21891,-0.94783,-1.9193,0.19056,-1.3082,-2.1392,0.6568,-2.0686,-1.3648,-1.2461,-0.99685
2.1008,-0.81054,-1.6119,2.499,-0.22055,-0.49099,-0.85486,-2.6184,0.83928,-1.3319,-0.07606,0.74287,-1.3233,-1.2593,-1.1482,-0.70842
1.9385,-1.1184,1.5496,0.98975,-0.83559,-0.23804,-0.33853,-1.156,-0.071122,-1.3958,-1.5793,0.51114,-1.3372,-1.3866,-0.90531,-0.70665
-0.49062,1.1916,-0.38736,-0.91819,-0.55245,0.41896,-1.0117,-3.3352,-1.103,-1.0492,-1.2315,0.59483,-1.1813,-1.2823,-0.53505,-1.6646
0.72389,-1.0072,-0.020307,-0.35368,-0.57992,0.59249,0.29402,-2.7058,-0.23116,-1.2351,-2.2307,0.76102,-1.6681,-0.60811,-0.58256,-1.3735
2.0865,-0.55675,-0.27378,-0.59228,-2.8144,0.21492,0.27162,-1.9316,-1.0362,-1.5092,-1.2287,0.39017,-1.518,-1.2299,-1.0322,-0.65768
1.4329,-0.56314,-0.83681,-0.12383,-2.0167,-0.15906,-0.33319,-3.0826,-0.97045,-1.2188,-1.7455,0.81356,-1.8431,-1.2226,-0.76618,-1.4412
0.93282,-0.77831,0.64206,0.95032,-2.7602,-0.47149,-0.71773,-1.5688,0.06207,-0.95957,-1.5144,0.39352,-1.7573,-1.6005,-1.0323,-0.63978
1.9939,-0.46165,-3.1967,0.10711,-1.3237,-0.71751,-0.15503,-1.38,-2.0341,-0.932,-2.3691,-0.31325,-2.1568,0.17048,-1.0235,-1.0515
-2.6905,-2.3096,-0.32546,0.3202,-1.1416,-0.18775,0.58477,-1.6196,0.31716,-0.94861,-1.6714,1.7747,-1.3919,-1.1325,-0.82756,-1.2817
1.9932,-0.7212,0.080655,-0.40791,-3.1463,-0.40502,-0.50214,-2.7067,-0.92901,-1.2899,-1.5643,0.6692,-0.096437,-0.13919,-0.69753,-1.0474
0.57479,-0.40761,0.13657,0.36485,-3.4177,-1.6379,0.86585,-2.5163,-0.27422,-1.3179,-1.8356,1.2472,-1.637,-1.5472,-1.3387,-0.55941
1.6736,-0.43206,-0.071408,-0.36285,-3.0689,0.0068083,0.40398,-2.2365,-0.53171,-0.78077,-1.5166,0.20581,-1.6043,-1.3758,-1.3075,-0.52734
0.99648,-0.69657,0.57928,1.0148,-3.4376,-0.7352,-1.3945,-1.7784,0.103,-1.1631,-1.8099,0.66707,-0.18026,-0.49071,-1.1466,-0.67134
1.502,-0.31021,-0.54373,-0.53986,-3.6361,0.4311,0.52371,-1.7818,-0.57341,-1.2447,-1.4426,0.17246,-1.7004,-1.1532,-1.7619,-0.59816
-2.0643,3.3496,-0.71004,0.33961,-1.1601,-0.39975,0.6806,-0.77656,-0.89598,-2.0775,-1.1651,-0.16363,-1.2172,-0.67104,-1.3979,-0.43717
0.46392,-1.1081,0.4712,0.7679,-2.9634,-0.32725,-1.0472,-1.6667,0.070426,-1.2447,-1.5563,0.43533,-1.9072,-1.4979,-1.1126,-0.70926
2.1729,-0.59307,-0.43896,-0.73959,-3.3849,0.14328,-0.20739,-2.014,-1.2022,-1.6641,-1.2695,0.67479,0.10803,-0.012106,-0.87791,-0.92716
-2.2833,0.41957,-0.53975,0.55003,-1.7411,-1.1241,0.6277,-2.0935,-0.27456,-1.1477,-1.4139,1.3947,-1.2203,-1.5536,-1.379,-1.3415
0.11616,-0.074445,-2.5729,2.6943,-2.665,0.002666,1.244,-1.6767,-0.05938,-2.024,-1.3164,0.87983,-1.2091,-1.3937,-1.46,-0.52807
-0.8311,2.8691,-0.70902,-0.5747,-1.7376,0.26862,-0.46792,-3.1386,0.024394,0.35358,-1.8952,0.0064538,-1.0657,-2.2144,-0.83058,0.19008
1.4749,-0.3752,0.036207,-0.23165,-3.1827,-0.0909,0.4536,-2.358,-0.28959,-0.44356,-1.6407,0.12637,-1.6467,-1.4444,-1.4515,-0.48977
2.2459,-0.69386,-0.50231,-0.92061,-2.6069,0.18675,0.19328,-1.8806,-0.86909,-1.7962,-0.80066,0.40136,-1.4847,-1.0476,-0.9603,-0.67249
-2.3473,-2.4894,-0.67762,0.063077,-1.6421,0.68927,-1.162,-1.9979,0.16374,-0.55986,-1.5179,0.93411,-1.6622,-1.3138,-0.96508,-1.0309
-0.7104,1.5767,-0.38439,0.22033,-1.725,0.11158,-1.5106,-2.584,-0.047822,-1.2609,-2.0019,1.4119,-2.0694,-1.0658,-1.292,-0.22167
-1.187,2.0275,-0.43773,0.19088,-1.8117,-1.0282,-0.045142,-2.7655,-0.38654,-1.5124,-1.8471,2.4291,-1.9576,-0.90318,-1.5274,-0.55674
0.3483,-0.98553,0.47529,0.75653,-3.1291,-0.34898,-1.1413,-1.6885,0.15099,-1.1584,-1.6303,0.44222,-1.4229,-1.1816,-1.08,-0.67947
-1.7243,1.9557,-0.35431,0.67303,-1.6477,-1.3876,0.54686,-2.2004,-0.2411,-1.4332,-1.6833,1.5686,-1.4069,-1.4638,-1.2678,-0.63029
0.79303,-0.39709,-2.1763,1.9673,-1.9613,-0.60015,0.85272,-3.5675,0.57898,-1.688,-1.4761,0.76085,-1.59,-0.87905,-1.5998,-0.79429
0.95322,-0.56559,0.59784,1.0132,-2.9984,-0.4907,-0.64109,-1.5803,0.17842,-0.93492,-1.6145,0.33347,-1.8169,-1.5698,-1.076,-0.64716
2.1902,-0.55418,-0.3562,-0.65425,-2.774,0.3184,0.30677,-1.7682,-1.1603,-1.6229,-1.1093,0.42089,-1.473,-1.2114,-1.0105,-0.68335
2.1895,-0.57698,-0.57596,-0.85798,-2.9696,0.23456,0.17955,-2.023,-1.3077,-1.7348,-1.1312,0.4496,-1.4797,-1.2772,-0.69759,-0.49807
-0.13845,3.1556,0.037809,-1.356,-2.1583,0.32342,-0.18576,-2.8053,-0.47619,0.0079203,-1.2532,-0.16951,-0.85051,-2.0315,-0.53101,0.65247
-0.22399,-0.25123,-0.86522,0.97687,-2.7484,-1.1284,0.59781,-1.9601,-0.18992,-1.8919,-1.9727,1.2618,-1.6979,-1.5068,-1.588,-1.0825
0.52331,0.0020185,-2.1705,2.6576,-2.2396,0.58509,1.097,-1.6331,0.37443,-1.7437,-1.6771,0.60898,-1.3376,-1.0791,-1.2076,-0.76031
-2.0844,3.3501,-1.0536,0.2524,-1.7019,-0.43715,0.18293,-1.0472,-1.0128,-2.0021,-0.84189,0.30519,-1.0872,-1.2903,-1.4897,-0.59375
1.3693,-0.5841,-1.4274,3.0145,-0.53366,-1.2282,0.54018,-2.3873,-0.057491,-1.4905,-0.59337,1.8159,-1.036,-1.5142,-1.0652,-1.0009
-1.702,-2.4807,-0.82688,-0.82023,-1.364,0.72823,-0.57101,-2.9136,-0.32575,-0.35065,-1.6385,0.86423,-1.5416,-1.1848,-1.1601,-0.93586
-0.44334,2.8445,-0.78057,-1.1318,-0.40981,0.23429,0.49833,-2.4221,-1.6065,-2.9746,-1.2621,0.11043,-0.83416,-0.99284,-0.94749,-1.014
1.2225,-0.64175,0.36808,0.66267,-2.9439,-0.3107,-0.64128,-1.6019,-0.14536,-1.4399,-1.5871,0.41582,-1.7666,-1.4512,-1.295,-0.57668
2.1794,-0.58395,-0.40626,-0.75102,-2.8736,0.33006,0.28448,-1.9122,-1.2212,-1.8674,-1.1574,0.43262,-1.5901,-1.0198,-0.84719,-0.90792
2.2514,-0.6184,-0.35021,-0.7105,-2.7085,0.30604,0.24181,-1.8476,-1.2515,-1.7892,-1.1118,0.46236,-1.4922,-1.1466,-0.97325,-0.76079
-0.3364,-0.24355,-0.59127,1.4403,-2.7731,-1.4409,0.21837,-1.9235,0.052764,-1.4596,-1.956,1.6744,-1.8724,-1.5471,-1.2162,-1.2862
0.78797,-0.48176,-2.2361,1.4357,-2.064,-0.86174,-1.1514,-1.479,0.44242,-1.1384,-3.2599,0.513,-1.8772,-1.4511,-1.2143,-1.1992
0.68852,-0.59769,0.449,0.98878,-3.8008,-0.6724,-1.3147,-1.8582,0.32116,-1.2542,-2.0055,0.49914,-0.4807,-0.48823,-1.1556,-0.68407
2.1341,-0.73888,0.79515,-0.31325,-1.8889,0.034477,0.62098,-2.4766,-0.27721,-1.6527,-2.1476,0.17157,-1.7537,-0.64209,-0.4624,-1.0308
-0.14935,0.20029,-1.8946,2.912,-2.0312,-0.029574,1.3254,-2.0873,0.44778,-1.8093,-1.7349,-0.38901,-0.88673,-1.6494,-1.2437,-0.89315
1.3122,-0.6575,0.37131,0.78555,-2.8038,-0.24772,-0.73091,-1.2489,-0.24468,-1.5481,-1.3851,0.48639,-1.69,-1.5061,-1.2146,-0.60047
2.1965,-0.47636,-3.021,-0.11046,-1.5471,-0.14671,-0.17352,-1.6,-1.0365,-1.4888,-2.4753,0.65797,-1.436,-1.2079,-0.97736,-1.451
-1.1066,-2.3184,-0.4426,-0.22395,-0.67574,0.42908,-0.92016,-2.2674,-0.13364,-0.5267,-1.1477,1.0166,-1.4397,-1.2853,-1.3252,-0.99105
-2.003,-2.5843,-0.44626,0.097066,-1.0607,0.68042,-1.12,-1.8675,-0.020472,-0.58534,-1.4111,0.97238,-1.5355,-1.2922,-0.93082,-1.0332
2.4398,-0.51745,-2.9381,-0.18542,-1.1903,-0.17892,-0.13119,-1.6277,-1.1005,-1.2926,-2.4812,0.68714,-1.1998,-1.4829,-1.2226,-1.0114
1.8263,-0.26414,-2.7753,1.0402,-1.7591,0.33633,0.74395,-3.2706,0.89661,-0.96598,-0.44174,0.17371,-1.6052,-0.62048,-1.2248,-0.79599
1.2836,-0.61703,0.25203,0.037988,-3.2458,-0.41143,-0.35872,-2.725,-0.28861,-1.1457,-1.8486,0.31387,-2.0099,-1.252,-1.4037,-0.81768
-1.1801,1.8465,0.24369,0.39489,-0.91416,-0.53396,0.58153,-2.2873,0.37052,-2.2173,-2.5977,1.5783,-1.8407,-0.55121,-1.384,-0.28223
-1.4367,1.9877,-0.4659,0.25701,-1.7986,-1.3194,0.28147,-2.7638,-0.46272,-1.7595,-1.8147,2.2689,-1.7819,-1.0612,-1.6244,-0.48125
-2.9271,-2.5475,-0.079688,0.35823,-0.51628,-0.025609,0.49224,-1.5579,0.16796,-1.6163,-2.0627,-0.023974,-1.4453,-0.6015,-1.0431,-0.55939
1.8097,-0.84954,0.80142,0.72956,-2.0306,-0.61551,-0.80557,-1.8279,-0.57686,-1.221,-1.2582,0.6299,-1.5381,-1.6474,-0.99498,-0.7905
-2.9289,0.33735,-0.28354,0.91582,-1.2156,-1.2842,1.5222,-1.3214,-0.32384,-0.23172,-1.26,-0.30088,-1.0707,-1.1177,-0.92557,-1.5024
0.45146,-0.74152,-2.2593,1.325,-2.0049,-0.75912,-1.1114,-1.462,0.48777,-0.96597,-3.2027,0.47369,-1.8597,-1.4724,-1.1319,-1.1678
1.7355,-0.36973,-0.60398,-0.73775,-2.864,-0.84545,1.628,-1.8568,-1.3417,-1.9183,-1.162,1.3446,-1.108,-1.5024,-0.36165,-0.21819
-2.8377,0.47398,-0.25683,0.86244,-1.2677,-1.1091,1.4648,-1.4099,-0.10229,-0.36028,-1.3182,-0.14149,-0.91244,-1.4421,-0.91496,-1.6946
-0.24714,2.6962,-0.42611,-0.79103,-1.0459,0.37615,-0.79721,-3.2571,-0.81838,-0.99654,-1.5417,0.79978,-1.5723,-1.0731,-0.94664,-1.0557
-0.28811,-0.36449,0.37803,0.23635,-2.6554,-1.0665,0.56974,-2.0267,-0.28315,-1.5174,-1.497,1.3322,-1.4805,-1.2934,-1.6786,-0.6126
1.1508,1.5522,-0.098208,-1.4037,-1.7767,0.75145,-0.36213,-2.0831,-1.4394,-1.9102,-0.82752,0.86857,-1.3668,-0.86506,-0.95141,-0.49263
0.64265,-1.8253,0.10287,-0.64644,0.61232,0.61138,0.16091,-2.3974,-0.16849,-0.77538,-1.4089,0.90731,-1.2225,-0.91817,-1.5529,-0.91013
0.70101,2.0825,-0.88634,-1.057,-0.72006,0.96068,-0.53482,-2.3394,-1.5164,-1.6724,-0.93919,0.4981,-0.94383,-1.3973,-1.2851,-1.4777
-1.9584,3.1279,-0.34208,0.41217,-1.1131,-0.42129,0.25067,-1.4358,-0.31699,-2.3137,-1.5691,0.47844,-1.1694,-1.1618,-1.2986,-0.68376
0.32012,-0.65685,0.02994,0.65234,-2.9293,-2.0045,-0.12668,-1.8881,1.3159,-2.4182,-0.76502,0.14928,-1.7948,-1.2716,-1.4152,-0.436
-0.25405,2.2662,0.61404,-0.38628,-2.3068,0.18584,-0.33277,-2.492,-0.014226,-0.13094,-1.3462,-0.1554,-1.3036,-1.5636,-1.3892,-0.79161
2.0533,-0.52361,-0.34068,-0.63833,-2.9351,0.28302,0.35425,-1.9057,-1.069,-1.5655,-1.1828,0.36625,-1.5962,-1.0872,-0.92315,-0.87344
1.9178,-0.73203,-1.2043,2.5374,-0.55433,0.34068,-0.13623,-2.8964,-0.25036,-1.3193,-1.6004,0.73651,-1.3119,-1.1895,-0.82161,-0.88813
0.70024,-0.39538,-0.98813,0.029074,-2.62,-0.30794,-0.41068,-3.201,0.00073999,-0.72555,-2.6209,0.499,-1.7159,-1.8704,-1.0945,0.33152
0.3297,-0.68044,-2.3571,1.7623,-1.639,-1.5276,-1.2621,-1.1302,-0.68214,-0.33158,-3.0109,-0.57725,-2.6311,-0.014919,-1.2553,-0.70734
2.1286,-0.92425,1.5614,1.0743,-0.92471,-0.31143,-0.34575,-1.1652,-0.058156,-1.4491,-1.6325,0.50075,-1.3799,-1.4004,-0.91981,-0.69746
2.0755,-0.8892,1.461,0.90325,-1.1099,-0.27168,-0.21613,-1.3668,-0.029854,-1.4627,-1.7417,0.44566,-1.451,-1.2995,-0.86054,-0.74216
-2.5727,-0.46729,-0.61167,0.15543,-1.1406,0.050484,0.40834,-1.2727,-0.17805,-1.9346,-1.5468,0.84426,-1.2929,-0.94678,-1.3448,-0.52846
-1.0617,3.1981,-0.42478,-0.34472,-1.7069,0.36207,-0.60376,-3.022,-0.11051,0.026238,-1.605,0.23875,-1.4787,-1.5222,-1.4752,-1.0415
2.5626,-0.45771,-3.713,-1.0224,-1.2106,-0.80132,-0.14109,-1.9868,0.33807,-1.3838,-1.7406,0.31999,-1.2476,-1.3827,-0.37577,0.011574
3.1188,-0.75564,0.15909,-0.91801,-0.91588,0.0065517,0.67291,-1.4035,0.40008,-1.912,-0.32853,0.19673,-1.2951,-0.72288,-1.9143,-0.50438
-1.6894,2.9686,-0.62964,0.46509,-1.8769,-0.54603,0.027126,-1.5441,-0.24866,-1.2941,-1.2552,1.9203,-1.5228,-1.3391,-1.185,-0.75615
0.51879,1.9663,0.012193,-1.0935,0.54803,0.34414,-0.30666,-2.9892,0.29343,-1.5654,-1.1919,0.088426,-1.1626,-0.7898,-0.77789,-1.424
1.2471,-0.65036,0.38792,0.82049,-2.8548,-0.2722,-0.74603,-1.2795,-0.18,-1.5252,-1.4305,0.47177,-1.7179,-1.5036,-1.2039,-0.60117
0.27579,1.9879,-0.037793,-1.1528,0.63786,0.070871,-0.5204,-3.0743,0.85884,-1.613,-0.89147,0.052908,-1.2867,-0.63208,-0.48086,-1.3965
-1.1701,3.0821,-0.78425,0.021178,-1.836,1.0306,-1.4052,-1.3516,-0.1699,-1.4092,-1.2558,0.75281,-1.678,-1.2325,-1.4773,-0.7544
1.0556,-0.56921,0.63369,0.77135,-2.4731,-1.6611,0.69998,-1.961,-0.53856,-1.3721,-1.3835,1.469,-1.4218,-1.6196,-1.4236,-0.94661
1.088,-0.51309,-1.6101,2.9058,-1.487,0.5661,-0.11865,-2.2973,0.25229,-1.5224,-1.9403,0.32371,-1.7272,-0.74205,-1.0504,-0.66066
1.1699,-0.62574,0.34068,0.36895,-3.115,-0.37076,-0.42535,-2.2057,-0.080357,-1.2633,-1.8631,0.31361,-1.8669,-1.3354,-1.5044,-0.59695
-2.5073,-1.7769,-1.4711,-0.48253,-2.0229,1.8037,-0.12144,-0.62561,0.00015805,0.13967,-0.71558,0.84139,-1.308,-1.3648,-1.2097,-0.75872
-1.1509,1.1694,0.34711,1.3088,-3.0717,-2.3785,1.2802,-1.3012,-0.6641,-0.52876,-0.88012,-0.68399,-1.2194,-1.5508,-1.0127,-1.0709
2.0226,-0.51731,-2.6901,0.12806,-1.2419,-0.24282,0.040919,-1.6392,-0.75208,-0.4113,-2.4231,0.54791,-1.2418,-1.5958,-1.7375,-1.2414
2.1102,-0.76343,0.8961,-0.2201,-1.8259,-0.051441,0.54375,-2.5304,-0.22403,-1.5959,-2.1731,0.18984,-1.7547,-0.68891,-0.4523,-1.039
-1.4695,2.8284,0.19743,0.54126,-0.76038,-0.2318,-0.90778,-2.2066,0.029038,-2.0976,-1.9389,0.30892,-1.3095,-1.3808,-1.096,-0.91971
1.1235,-0.64852,0.35826,0.5605,-3.0495,-0.33345,-0.5553,-1.8442,-0.067087,-1.3347,-1.7187,0.35959,-1.8176,-1.4114,-1.3563,-0.57747
1.3062,-0.49829,-2.4806,1.6493,-1.0298,-1.2522,-1.0368,-0.38589,-1.3616,-0.39165,-2.3113,-0.35485,-2.1902,-0.24847,-1.418,-0.66474
1.1484,-0.64023,0.39937,0.7027,-2.9917,-0.35405,-0.66664,-1.6662,-0.07228,-1.4082,-1.6549,0.39604,-1.8034,-1.4435,-1.3204,-0.5707
0.67308,2.3982,-0.52051,-1.4971,0.19817,0.37705,-0.15068,-2.8385,0.65739,-1.9623,-0.86737,-0.028164,-1.322,-0.49226,-0.48707,-1.2192
-0.056487,1.4177,-0.10381,0.019945,-0.95003,0.14405,-1.2496,-2.727,-0.45545,-1.1302,-1.7626,1.504,-1.8556,-1.0436,-1.5984,-0.55171
0.11992,-0.79647,-0.46544,1.0951,-2.2861,-0.2381,-1.1071,-2.0179,0.079216,-1.1336,-1.9477,0.76021,-1.9587,-1.5431,-1.1736,-1.0482
0.30252,-1.3284,0.46882,0.70481,-2.8507,-0.36298,-1.002,-1.7243,0.019941,-1.1936,-1.5229,0.43169,-1.8139,-1.5365,-0.98884,-0.67205
1.3688,-0.394,-2.485,1.5723,-0.87474,-1.2173,-1.1173,-0.40579,-1.508,-0.58136,-2.2267,-0.56946,-2.011,-0.3619,-1.4083,-0.88564
-2.0947,-2.4963,-0.00076895,0.10467,-0.72994,1.1396,-0.3162,-1.6256,0.83071,-0.85291,-2.2063,0.62935,-1.654,-0.76585,-0.76904,-0.99886
-1.5395,2.4279,-0.049615,0.26899,-1.21,-1.0653,0.69747,-2.524,-0.073165,-1.9379,-2.1409,2.0724,-1.7198,-0.81169,-1.4719,-0.44997
0.73787,-0.62549,0.39154,0.96133,-3.4037,-0.58747,-0.99162,-1.8165,0.13806,-1.3504,-1.7479,0.3898,-1.9901,-1.4773,-1.1408,-0.64865
0.59871,-1.0851,1.4382,-0.57252,0.14026,0.54887,-0.12747,-1.9732,-0.44075,-0.91229,-1.2914,0.59695,-0.82887,-1.1533,-1.1464,-0.6362
2.4972,-0.59369,-2.966,-0.31769,-0.51886,-0.91201,-0.14271,-1.6153,0.44555,-0.37019,-1.262,0.42646,-1.1183,-1.5869,-2.1344,-0.69322
2.4749,-0.76002,0.33001,-0.84863,-1.5,-0.52016,0.51451,-2.4917,0.94859,-1.7782,-1.0177,-0.012955,-1.7917,-0.43994,-0.62222,-0.72151
0.86497,1.9038,0.68417,-0.44582,0.92565,0.44891,-0.52424,-2.7383,-0.62603,-1.2927,-1.9513,1.5063,-1.4322,-0.80862,-1.4687,-0.21295
2.26,-0.55216,-0.73599,-1.0784,-2.9049,0.18913,0.2453,-2.1194,-1.2056,-1.559,-1.3616,0.36473,-1.2287,-1.6798,-0.18789,0.50935
2.3445,-0.6298,-0.28278,-0.68095,-2.5837,0.29416,0.23253,-1.8319,-1.3021,-1.7471,-1.0581,0.49825,-1.4487,-1.1825,-1.1874,-0.79431
2.0242,-0.6781,-0.099554,-0.53619,-2.8446,-0.13099,-0.035458,-2.5083,-1.1161,-1.5555,-1.305,0.46302,-1.7109,-1.1258,-0.67034,-1.0111
-1.903,2.8778,0.015332,0.6127,-1.0346,-0.7603,-0.083222,-2.024,-0.010335,-2.4217,-1.9201,0.83255,-1.2697,-1.3245,-1.1815,-0.83878
0.90753,-0.46275,0.29983,0.83335,-2.8061,-1.3355,0.70131,-1.2485,-0.51755,-1.7283,-1.213,1.4563,-1.4186,-1.5757,-1.2788,-0.84674
-1.5086,-0.86466,-1.2796,-0.94327,-1.4405,-1.2089,0.79426,-2.9854,0.71424,-1.1186,-0.48277,1.5727,-1.4992,-0.91113,-1.6802,-1.3464
-0.15925,0.72915,-0.76686,0.17371,-2.1718,0.99171,0.2143,-1.5123,0.28722,-0.70077,-1.838,-0.044734,-1.4547,-1.334,-1.5271,-1.3365
2.2229,-0.67361,0.53051,-0.49567,-2.0085,0.31453,0.7886,-2.1552,-0.40989,-1.8464,-2.0054,0.17069,-1.7008,-0.60898,-0.54546,-0.97832
0.62871,0.071357,0.51697,0.70166,-2.8279,-1.4949,1.1774,-1.9675,-0.2527,-0.65265,-1.3012,0.61935,-1.1108,-1.9839,-1.3224,-1.3954
0.47735,-0.45259,0.058215,0.72227,-3.0212,-2.2179,0.32835,-1.6935,1.3714,-1.8172,-0.61995,1.1063,-1.9152,-1.0934,-1.1727,-0.83712
-0.5652,3.3056,-0.75575,-0.92951,-1.402,0.80109,-0.23831,-2.7515,-0.70951,-0.24458,-1.1668,0.28449,-1.2378,-1.4078,-1.1555,-1.1865
2.1335,-0.73879,0.79439,-0.31277,-1.8852,0.034117,0.62388,-2.4756,-0.2802,-1.6526,-2.1458,0.16785,-1.768,-0.64711,-0.46286,-1.0297
-2.4742,-2.6367,-0.54262,0.2169,-0.99575,-0.049626,-0.67446,-1.9207,-0.39236,-1.1885,-1.231,0.88472,-1.2288,-1.5692,-1.1321,-0.86936
-2.2019,-2.2142,-1.1105,-0.83523,-1.4914,-0.27263,0.30155,-3.1483,-0.33193,-1.0424,-2.0181,0.63336,-0.92597,-1.9904,-1.0967,0.55957
-1.1349,2.8759,0.18652,0.42211,-0.97389,0.37371,-1.408,-2.2229,0.30654,-1.572,-2.0535,0.34921,-1.5953,-1.1869,-0.94579,-1.0432
1.059,-0.47329,-2.3242,0.7926,-2.0541,-0.85342,-0.68377,-2.339,0.23447,-0.86276,-3.4558,0.42663,-1.8787,-1.3135,-1.5991,-1.2711
1.1,-0.61428,0.36629,0.82811,-3.0166,-0.24916,-0.72657,-1.3147,-0.04972,-1.4594,-1.5137,0.42196,-1.7725,-1.4526,-1.2099,-0.61099
-0.87434,2.9629,-0.45182,-0.3846,-1.3631,1.0454,-0.35311,-1.9673,0.065401,-1.0413,-1.8212,0.60912,-1.6306,-0.89718,-1.456,-0.58747
1.0437,-0.70057,0.58317,0.97888,-3.4004,-0.73598,-1.3697,-1.8109,0.065907,-1.1355,-1.7933,0.67325,-0.15021,-0.48771,-1.155,-0.67979
0.34808,0.054012,-2.1748,2.7253,-2.2541,0.26605,1.4503,-1.6089,0.33427,-1.8468,-1.6408,0.83201,-1.2567,-1.1248,-1.2104,-0.8252
-1.7288,-1.1777,-0.58189,-0.55119,-1.3764,-0.042396,1.5527,-2.5428,-0.043188,-0.39577,-1.8091,1.6942,-1.3691,-0.92177,-1.4908,-1.397
0.69367,-0.84327,-0.72241,-0.42092,-1.1172,-0.24632,-0.48377,-2.882,0.26402,-0.72347,-0.96421,0.83172,-1.6901,-1.0637,-1.6329,-1.0547
1.0044,0.19173,-2.8046,1.6015,-2.4933,0.16749,2.5626,-2.4885,-0.62038,-0.69835,-1.0231,1.2624,-1.0959,-1.1813,-1.3132,-1.0044
1.0314,2.3968,0.12159,-1.1497,1.2915,0.05743,-0.55529,-2.7865,0.50232,-1.5168,-0.66791,0.59367,-1.1199,-0.81186,-1.5168,-0.57997
2.2104,-0.59531,-0.37664,-0.70045,-2.7858,0.30806,0.23885,-1.8409,-1.2209,-1.8261,-1.1346,0.44814,-1.5284,-1.1141,-0.87205,-0.7785
1.7295,-0.42678,-2.3676,1.2114,-1.0652,-0.53937,-1.0564,-0.62688,-0.57339,-1.231,-2.2716,0.52153,-1.2141,-1.8003,-1.3427,-1.3078
1.186,-0.64875,0.39625,0.83607,-2.9097,-0.3009,-0.76277,-1.3372,-0.13117,-1.525,-1.4887,0.45181,-1.7582,-1.4769,-1.192,-0.60444
1.4963,-0.51841,-0.051427,-0.25923,-2.7685,-1.4311,1.1614,-2.5251,-1.227,-1.6041,-1.2156,1.4464,-1.3945,-1.4047,-0.55981,-0.98928
1.5329,0.94432,1.1038,-0.52173,-1.2587,0.044431,0.16062,-2.7207,-0.3622,-1.7726,-2.0145,0.056724,-1.5454,-0.72576,-0.31003,-1.0157
2.3388,-0.45172,-3.0403,0.65568,-1.475,0.6445,0.55203,-3.1286,-0.0061467,-1.8403,-0.62476,0.41808,-1.3109,-0.79612,-0.55978,-0.19834
2.3533,-0.64167,-0.26365,-0.6584,-2.5433,0.28922,0.21564,-1.8036,-1.3097,-1.7333,-1.0394,0.50634,-1.4319,-1.2028,-1.2243,-0.78177
1.4429,-0.36878,-1.1922,-0.26763,-2.2167,0.42585,0.13047,-2.2466,-0.92504,-1.3773,-1.6176,0.68029,-1.7345,-1.1191,-1.1438,-1.2183
2.0993,-0.79005,1.0045,-0.046382,-1.702,-0.12029,0.42333,-2.412,-0.19646,-1.5514,-2.1265,0.21669,-1.7373,-0.77317,-0.49625,-1.0031
0.23592,-0.29309,-2.232,1.6939,-2.1129,-2.0151,0.13036,-1.364,0.29983,-1.3503,-3.1112,1.4884,-1.6572,-1.5343,-1.1731,-1.4682
-0.2214,-0.67973,0.39255,1.2988,-2.9844,-1.9167,-0.0078444,-1.6071,-0.71391,-2.0845,-1.6813,-0.77785,-1.9608,-0.79552,-1.4013,-0.0013501
-1.5442,3.2801,-0.71559,0.30442,-1.7122,0.24482,1.1371,-0.63465,0.061524,-1.0737,-1.1733,1.0303,-1.0207,-1.4223,-1.1419,-1.1147
-0.39614,1.1732,-0.92584,0.46244,-2.3191,1.2835,0.29514,-0.6163,0.40398,-0.56286,-1.4395,-0.48186,-1.133,-1.6856,-1.2918,-1.545
0.1658,-0.34608,0.061823,0.89921,-3.5419,-1.5086,0.8949,-1.388,-0.18739,-2.0161,-1.5296,1.2163,-1.5924,-1.4908,-1.3645,-0.77214
0.61234,0.076007,-2.8312,1.7008,-2.6798,0.12535,2.2731,-2.601,-0.44759,-1.3396,-1.3556,0.90217,-1.1233,-1.2191,-1.9164,-0.69167
1.1689,-0.6559,0.37361,0.81283,-2.9069,-0.25713,-0.71455,-1.2864,-0.13432,-1.4711,-1.4473,0.44601,-1.7314,-1.4983,-1.1872,-0.60289
1.8297,-1.1923,1.5472,0.93907,-0.78363,-0.19426,-0.3399,-1.1567,-0.072984,-1.3731,-1.5489,0.50419,-1.2968,-1.3958,-0.89088,-0.72501
2.1945,-0.46652,-3.0615,-0.19516,-1.6062,-0.13205,-0.11612,-1.6966,-1.0437,-1.4971,-2.5137,0.63902,-1.461,-1.1638,-0.94473,-1.4755
0.95464,2.6451,0.10536,-1.1036,1.156,0.48555,-0.41245,-2.5086,-0.048286,-1.6291,-0.83869,0.40232,-0.90528,-0.97322,-1.5874,-0.90682
2.3508,-0.63225,-0.27503,-0.67206,-2.5687,0.29193,0.22643,-1.8219,-1.3045,-1.7423,-1.0514,0.5023,-1.4418,-1.1916,-1.203,-0.78943
-0.28219,2.1424,0.6152,-0.46379,-2.1982,-0.05314,-1.3733,-2.7224,-0.36296,-1.4662,-1.5773,1.1675,-2.0311,-0.78499,-1.4124,0.026667
2.2317,-0.59312,-0.39574,-0.76359,-2.7945,0.31369,0.28017,-1.9114,-1.2392,-1.8135,-1.155,0.43875,-1.5286,-1.1013,-0.88666,-0.7723
-0.46978,1.9536,-0.69479,-0.72239,-1.5948,0.14627,-1.0185,-3.4024,-0.19686,-0.83472,-2.356,1.3026,-1.7758,-1.3565,-1.084,0.99729
-2.86,2.2953,-0.35844,0.86868,-1.3947,-1.6893,0.80675,-1.5855,-0.71815,-0.40767,-1.0828,0.77084,-1.6388,-0.7434,-1.0769,-0.29425
2.0036,-0.47044,-0.26799,-0.71573,-2.5368,-0.71523,0.30366,-2.4148,0.70534,-0.63665,-0.2963,0.02789,-1.7292,-1.0594,-1.3466,-0.707
2.0477,-0.6771,-0.020361,-0.52557,-2.7143,-0.073919,0.077891,-2.4527,-1.0084,-1.5889,-1.4021,0.42569,-1.6977,-1.0625,-0.70033,-1.0045
2.3532,-0.63983,-0.27103,-0.67489,-2.555,0.29304,0.2265,-1.8223,-1.3093,-1.7359,-1.0469,0.50449,-1.4354,-1.1969,-1.218,-0.78714
3.0638,-0.60752,-3.2885,-0.72497,-0.2826,-0.91591,-0.34675,-1.6587,0.09141,-1.0269,-1.39,0.54311,-0.81649,-1.8799,-1.484,0.29015
1.4278,-1.1031,0.58908,-1.1967,-0.61284,0.50938,0.40544,-1.9828,0.01529,-1.3947,-0.92933,0.57087,-1.3328,-0.54283,-1.2229,-0.51171
1.22,1.2416,0.2714,-0.57619,1.0047,-0.19556,-0.65087,-2.6196,0.75896,-1.4128,-0.81091,1.126,-1.5709,-0.56362,-1.5864,-0.62886
1.6215,-0.41098,-0.14553,-0.4266,-3.1757,0.012664,0.43317,-2.2896,-0.49242,-0.79987,-1.5846,0.16967,-1.6241,-1.3697,-1.1109,-0.43316
-0.97292,2.2834,-0.31232,0.060561,-1.6072,0.15632,-1.605,-2.7005,-0.14055,-1.3608,-1.9378,1.5651,-2.193,-0.81609,-1.4143,-0.22307
1.0482,-0.69226,0.5618,0.9198,-3.4217,-0.72768,-1.3337,-1.8835,0.054054,-1.1439,-1.8192,0.65058,-0.16962,-0.47447,-1.1717,-0.69607
-1.7948,3.6695,-1.0262,0.19776,-2.0335,0.028954,0.56589,-0.87448,-0.36188,-0.95844,-0.75901,1.2724,-1.0227,-1.6773,-1.2318,-1.0845
2.0671,-0.73686,1.5812,1.0456,-0.86988,-0.29617,-0.37056,-1.1879,-0.066558,-1.464,-1.6039,0.38773,-1.3072,-1.4696,-0.89038,-0.77238
0.77628,0.79699,0.56789,0.32758,0.21206,0.35601,-0.56503,-2.1064,-0.23477,-1.3756,-1.9398,0.98303,-1.4858,-0.97766,-0.85842,-0.97841
1.4792,0.23461,1.646,0.29401,-0.29015,0.090278,-0.54208,-1.5775,-0.277,-1.4003,-1.5026,1.0116,-1.3877,-1.0229,-1.1435,-0.3785
1.4795,-0.46964,-2.3532,1.4551,-1.7107,-0.11966,0.10612,-3.7778,1.3061,-1.1879,-0.99344,0.23152,-1.7869,-0.67193,-1.7859,-0.59914
2.27,-0.45244,-3.1951,-0.36579,-1.5611,-0.1592,-0.060823,-1.828,-0.99442,-1.3425,-2.6811,0.55616,-1.2916,-1.4335,-0.61959,-0.78746
2.0883,-0.81235,1.1112,0.14915,-1.5567,-0.15247,0.27776,-2.1987,-0.16379,-1.5299,-2.0386,0.26536,-1.6519,-0.89143,-0.5649,-0.95779
1.1059,-0.62532,0.40027,0.45327,-3.586,-0.64745,-0.98933,-2.4065,-0.034057,-1.044,-1.9791,0.49964,-0.19692,-0.3403,-1.3348,-0.78885
2.2148,-0.46044,-3.1092,-0.25909,-1.5961,-0.1472,-0.1018,-1.7332,-1.0278,-1.4473,-2.5672,0.61965,-1.3967,-1.2695,-0.82332,-1.2207
1.101,-0.62222,0.366,0.83168,-3.0072,-0.27606,-0.70826,-1.333,-0.062714,-1.4585,-1.5157,0.41531,-1.7794,-1.4703,-1.1852,-0.5992
1.0432,-0.70733,0.59429,1.0105,-3.3685,-0.73888,-1.3893,-1.7727,0.062444,-1.1581,-1.7732,0.67755,-0.19633,-0.53016,-1.1385,-0.67725
1.3755,-0.76757,0.7351,1.0275,-2.8857,-0.70593,-1.466,-1.6202,-0.17836,-1.0978,-1.4971,0.79197,-0.16608,-0.71877,-1.213,-0.72832
-0.50451,0.072671,-0.67138,1.0498,-2.6566,-1.6197,0.62297,-2.378,-0.2011,-1.6187,-1.9736,1.5864,-1.7217,-1.5753,-1.5109,-1.2062
2.0929,-0.82331,1.5704,1.063,-0.89069,-0.3104,-0.35917,-1.1729,-0.07523,-1.4503,-1.6148,0.42769,-1.3523,-1.423,-0.90517,-0.73234
0.13656,-0.088524,-2.3966,2.7902,-2.6181,-0.10592,1.1053,-1.8771,0.067093,-1.7639,-1.4086,1.0002,-1.3153,-1.3623,-1.3642,-0.63801
-2.6476,0.10809,-0.25219,0.78017,-1.3558,-0.92048,1.2986,-1.5227,0.14327,-0.7196,-1.5115,0.57977,-1.0106,-1.5292,-0.97306,-1.5466
0.22008,0.58964,-0.84359,0.30059,-2.7138,-0.061002,0.16969,-2.8027,0.20764,0.39594,-1.9968,-0.75143,-1.158,-2.4052,-1.167,-1.1862
-2.0923,2.1451,-0.81685,0.12224,-1.4756,0.53554,0.82766,-0.76676,-0.061381,-1.5665,-1.1825,-0.14701,-0.72441,-1.6126,-1.3763,-0.6721
1.1517,-0.44811,-2.4244,0.57142,-2.1006,-0.81251,-0.52352,-2.5272,0.11916,-0.75946,-3.439,0.4057,-1.8576,-1.2962,-1.7216,-1.2844
1.1127,-0.72617,0.36796,0.31801,-3.5482,-0.61589,-0.91153,-2.5225,-0.090656,-1.0321,-1.9898,0.53958,-0.27555,-0.31799,-1.357,-0.76971
2.425,-0.50008,-3.0225,-0.26782,-1.2375,-0.19259,-0.11217,-1.6744,-1.057,-1.2565,-2.5677,0.64991,-1.1457,-1.5901,-0.98496,-0.70223
2.3754,-0.55105,-2.4777,1.5903,-0.71596,0.32153,-0.11586,-2.2377,0.40226,-1.7826,0.13296,0.56252,-1.1763,-1.014,-1.5579,-0.64098
-1.0717,1.0457,0.69503,1.3238,-2.6049,-2.139,1.7596,-1.085,-0.29793,-0.66727,-1.2707,-0.79996,-1.2782,-1.1746,-0.9153,-0.96656
0.035073,2.5244,0.92013,0.50238,0.81976,0.42386,-1.1948,-1.7851,-0.16267,-1.5482,-1.6646,0.73056,-1.1327,-1.2944,-0.84894,-0.99036
0.32716,-0.22684,-1.9427,2.5759,-2.341,-0.78554,1.1457,-3.2857,0.064052,-1.3604,-1.8811,1.4097,-1.5255,-1.1659,-1.3998,-1.0233
1.2264,-0.63447,0.3539,0.54988,-2.9884,-0.32428,-0.5553,-1.8029,-0.1442,-1.3768,-1.667,0.38195,-1.7938,-1.4092,-1.3771,-0.58771
0.73729,-0.48903,-2.1775,1.4784,-2.0714,-0.93032,-1.1808,-1.5765,0.50181,-1.0795,-3.3165,0.50164,-1.9071,-1.454,-1.1897,-1.2136
-3.1758,-2.5569,-0.75284,0.32421,-1.3855,-0.51659,-0.3664,-1.9277,-0.56058,-1.3525,-1.3535,0.24684,-1.4524,-1.1262,-1.244,-0.57156
0.66165,-0.59727,0.36221,0.95841,-3.5021,-0.57374,-0.97312,-1.8312,0.19755,-1.3512,-1.7961,0.35081,-2.0194,-1.4569,-1.1465,-0.65032
0.098418,-0.28564,-1.8239,3.1232,-2.3335,-0.85418,0.69652,-2.6777,0.25312,-1.6292,-1.7827,1.5265,-1.569,-1.2493,-1.0796,-0.95308
1.0041,-0.631,0.42633,0.88487,-3.0776,-0.3729,-0.78519,-1.4981,0.039459,-1.4763,-1.6501,0.39874,-1.8571,-1.4348,-1.165,-0.61615
1.2828,-0.64697,0.3435,0.67012,-2.8921,-0.26539,-0.6547,-1.4689,-0.21289,-1.5075,-1.497,0.44658,-1.7322,-1.4608,-1.2355,-0.59489
0.95114,-0.44493,-0.01264,0.32776,-3.1684,-0.99409,-0.4628,-1.9223,1.6436,-0.8724,-0.72473,-0.041282,-2.0913,-1.0989,-1.291,-0.56902
0.16848,-2.2347,0.23044,-0.67013,0.70926,0.93883,0.18962,-2.3838,-0.53973,-0.61584,-1.646,0.99857,-1.0561,-1.0404,-1.48,-1.0142
0.48042,-1.6811,1.5593,0.24515,-0.051606,0.45847,-0.50515,-1.1218,-0.14159,-1.0606,-1.1684,0.93237,-1.0565,-1.1274,-0.92079,-0.65162
1.0245,0.015233,-1.6472,2.9087,-1.3974,0.7482,0.2805,-1.9921,0.21693,-0.73602,-1.5405,-0.39363,-1.3025,-1.1496,-0.9529,-1.0195
-2.5395,-1.3038,-1.1197,-0.22927,-1.7055,0.80174,1.6718,-0.50552,0.16303,-0.35334,-1.0696,1.628,-1.1515,-1.1453,-1.1897,-1.049
2.0767,-0.70103,-2.0519,1.6042,-0.84282,-0.33986,-0.23539,-3.6211,0.73664,-1.3975,-0.47183,0.51735,-1.6003,-0.7634,-0.81021,-0.95471
0.047595,-0.047985,-2.4743,2.7401,-2.5511,-0.16634,1.1397,-1.8495,-0.097571,-2.1801,-1.362,0.75267,-1.1416,-1.4543,-1.4212,-0.67608
-0.42553,1.2741,0.53352,-0.01266,-2.3696,-0.62357,-0.75783,-2.344,-0.41801,-1.9077,-1.4623,0.99968,-1.7779,-1.1083,-1.5916,-0.15739
0.69089,-0.61278,0.4049,0.95878,-3.4361,-0.54866,-0.94201,-1.8115,0.22577,-1.3939,-1.8364,0.35381,-2.0252,-1.4175,-1.1396,-0.64354
1.5353,-0.89307,0.20386,-0.12797,0.32598,0.042539,-0.030249,-2.419,0.22868,-1.0339,-1.4405,0.84868,-1.3993,-0.95775,-1.5933,-0.97339
-0.97747,3.1799,-0.043806,-0.25649,-1.2535,0.60427,-0.17949,-2.764,0.32237,-0.15376,-2.0048,0.10861,-1.5037,-1.2228,-1.3493,-0.9917
0.70384,-0.09929,-2.3378,2.562,-2.5365,0.88781,-0.12824,-2.0557,0.19887,-1.4794,-1.5363,0.21792,-1.4862,-1.2807,-1.251,-0.76128
2.1785,-0.58762,-0.39203,-0.71656,-2.849,0.31978,0.26247,-1.8731,-1.2264,-1.8597,-1.1417,0.43208,-1.5863,-1.0256,-0.86016,-0.89524
0.89241,-0.4937,-1.7639,2.8235,-1.9701,0.42603,-0.45363,-2.5745,0.29105,-1.4704,-1.8227,0.58073,-1.6641,-1.1723,-1.1241,-0.67218
0.55917,-0.31514,-2.2189,2.514,-1.7894,-1.3365,0.74935,-2.6974,1.4471,-1.7985,-0.67097,1.3158,-1.602,-0.90264,-1.1843,-0.77783
1.077,2.2796,-0.062483,-0.92877,0.62012,1.2931,0.01166,-1.8805,-1.0654,-1.7559,-1.356,0.4276,-0.69539,-1.2074,-1.703,-1.1063
1.1649,-0.65496,0.30814,0.55341,-3.0356,-0.26608,-0.56212,-1.6986,-0.14551,-1.4502,-1.6217,0.3863,-1.8103,-1.3733,-1.2581,-0.64937
0.66442,-0.60585,-0.39307,1.0371,-1.9397,-0.41611,-1.0086,-2.052,0.23561,-1.1713,-1.7441,0.7481,-1.9012,-1.4775,-1.3034,-1.0124
1.695,-0.41401,-1.4496,-0.54732,-2.1985,0.49841,0.061151,-2.2512,-1.2856,-1.6279,-1.4204,0.80088,-1.6153,-1.2067,-0.96129,-1.11
0.68538,1.2469,0.39406,-0.28872,0.057485,0.47373,-0.36471,-2.7233,-0.33747,-1.4933,-2.1659,1.3138,-1.7873,-0.51641,-0.77313,-0.78104
-2.1587,-2.5541,-0.55226,-0.70837,-0.59306,-0.06931,0.73555,-2.7724,-0.7599,-1.2768,-1.6973,0.21436,-1.2695,-0.77891,-1.2039,-0.86126
0.199,-0.50877,-0.54483,1.1382,-2.6319,-0.29821,-1.0512,-2.1309,0.19159,-1.2126,-2.1264,0.70078,-2.0792,-1.4607,-1.2552,-1.0389
-0.32679,-2.2831,-2.198,-2.3759,-0.83659,0.76119,-0.12067,-2.4221,0.0048391,-0.98651,-0.0069563,0.76034,-1.0518,-1.1902,-0.14755,0.21343
0.27821,-0.27084,-0.83371,0.90745,-2.5519,-0.66938,-0.95712,-2.0706,1.1649,-0.95964,-1.3137,0.34817,-2.0915,-1.3655,-1.2707,-1.0733
0.75772,-0.15684,-2.4691,2.5142,-2.6752,1.0602,0.048718,-1.7974,0.22207,-1.3467,-1.4658,0.43786,-1.6018,-1.1635,-1.3495,-0.53844
2.2516,-0.46119,-3.0975,-0.29713,-1.5388,-0.13589,-0.053963,-1.7509,-1.0079,-1.4266,-2.6128,0.60335,-1.3617,-1.2962,-0.80644,-1.116
-0.62874,3.0724,-0.40714,-0.8426,-1.1639,0.58733,0.070481,-3.0594,0.24045,0.11313,-2.2871,0.23563,-1.2222,-1.6527,-0.76931,0.58253
0.63934,-0.47398,0.34502,1.0422,-2.9406,-1.3698,0.58702,-1.114,-0.31723,-1.7052,-1.2577,1.4261,-1.4919,-1.5793,-1.1473,-0.86588
-0.69088,1.7327,0.56656,0.12074,-2.4381,-1.2127,-0.090833,-2.2132,-0.40114,-1.6852,-1.3707,2.0872,-1.8105,-0.96778,-1.3301,-0.31905
1.8633,-0.53673,-1.8887,2.6158,-0.75383,0.86169,0.094863,-1.2759,-0.79067,-1.7291,-1.0367,0.43413,-1.2849,-0.80861,-1.3112,-0.40525
2.0937,-0.86349,1.5681,1.0586,-0.89842,-0.30155,-0.35472,-1.1733,-0.062143,-1.4524,-1.6187,0.45628,-1.3548,-1.4292,-0.90611,-0.72614
-2.9707,0.31991,-0.56111,0.83139,-1.6378,-1.3037,1.1035,-1.5515,-0.41987,-0.1989,-0.99684,0.05836,-0.94592,-1.6361,-0.99804,-1.643
2.1794,-0.58579,-0.39888,-0.73454,-2.862,0.32624,0.27361,-1.8934,-1.2216,-1.8648,-1.1499,0.43446,-1.5867,-1.0256,-0.85347,-0.90254
2.1187,-0.76309,0.9962,-0.075866,-1.6562,-0.12977,0.41982,-2.4243,-0.19607,-1.5143,-2.1398,0.19764,-1.6735,-0.86095,-0.46257,-0.86382
2.18,-0.58825,-0.38868,-0.71355,-2.8474,0.3229,0.25929,-1.8695,-1.2192,-1.863,-1.1404,0.43972,-1.58,-1.0374,-0.86158,-0.89667
0.9256,-1.299,0.51518,0.2834,-2.3433,-0.36371,-0.64822,-2.0694,-0.19194,-1.1159,-1.3515,0.45877,-1.6263,-1.3826,-1.069,-0.85815
-2.3563,3.246,0.035941,0.89819,-1.1431,-1.2847,1.0081,-1.6511,-0.056183,-0.91805,-1.5272,0.61311,-1.2427,-1.2105,-0.99824,-0.88549
0.63018,-2.0336,0.48522,-1.5361,-0.22887,1.5568,0.64957,-1.2717,-0.92815,-1.2333,-0.8967,0.79194,-0.8177,-0.77723,-1.5331,-0.40706
0.9905,-0.49696,-1.5719,2.7347,-1.7102,0.57554,-0.12475,-2.5979,0.49018,-1.5697,-2.1028,0.46698,-1.6812,-0.95414,-1.1149,-0.67326
0.58072,-0.89662,0.29901,0.45565,-3.3222,-0.39726,-0.67221,-2.2192,0.070152,-1.2249,-1.8568,0.30345,-1.9582,-1.3458,-1.3083,-0.71004
-0.89124,3.2498,-0.28261,-0.54959,-1.164,0.51563,-0.1466,-2.8986,0.42397,0.11961,-2.2671,-0.052578,-1.0992,-1.8699,-0.65991,0.38347
0.93279,-0.68042,0.54997,1.009,-3.5095,-0.72006,-1.3687,-1.7935,0.14796,-1.1826,-1.8489,0.63662,-0.27738,-0.50373,-1.1488,-0.66657
-0.89952,-2.4535,-0.80087,-1.094,-0.86997,0.69295,-0.46682,-3.0602,-0.99291,-0.5934,-1.2333,1.0474,-1.4437,-1.0389,-0.49693,-1.4531
0.91217,-0.62645,0.43878,0.9051,-3.1658,-0.40965,-0.80567,-1.5867,0.12349,-1.4752,-1.738,0.37545,-1.9116,-1.4069,-1.1436,-0.62531
1.101,-0.62222,0.366,0.83168,-3.0072,-0.27606,-0.70826,-1.333,-0.062714,-1.4585,-1.5157,0.41531,-1.7794,-1.4703,-1.1852,-0.5992
-2.6909,0.26477,-1.1765,0.032528,-1.6477,-0.1017,0.20493,-1.0789,-0.8053,-1.7486,-0.91165,0.80518,-1.2322,-1.1359,-1.4742,-0.42518
-1.8138,2.8013,0.16229,0.69284,-0.5709,-0.79891,-0.6377,-2.0978,-0.48194,-2.219,-1.7989,-0.28376,-1.3533,-1.0246,-1.2057,-0.60764
2.1181,-0.88871,1.537,1.0112,-0.95917,-0.29844,-0.31174,-1.2359,-0.062105,-1.4575,-1.6556,0.47306,-1.3773,-1.3787,-0.89253,-0.72672
1.043,-0.68636,0.54302,0.89627,-3.447,-0.7153,-1.3149,-1.8967,0.054708,-1.1503,-1.8297,0.6432,-0.17625,-0.4615,-1.1782,-0.69631
2.1706,-0.59194,-0.44561,-0.74344,-3.3444,0.15649,-0.16531,-2.0115,-1.2127,-1.6804,-1.2495,0.65189,-0.072521,-0.12369,-0.88048,-0.92496
0.76812,-0.71587,0.49927,0.97466,-3.6189,-0.67996,-1.3407,-1.818,0.22404,-1.1942,-1.9067,0.59261,-0.38059,-0.49082,-1.1303,-0.65278
0.77182,-0.45879,-2.303,2.0366,-2.0269,-0.33942,0.90388,-3.2948,-0.6615,-2.1164,-1.5394,0.73932,-1.2141,-1.3224,-1.5184,-0.71509
2.4868,-0.32756,1.0143,-0.24541,-0.45071,-0.81453,-0.08846,-2.1501,0.91361,-1.4649,-0.67126,-0.046023,-1.3063,-1.075,-1.2332,-0.63013
-1.0173,2.2728,0.11114,0.41507,-1.1676,0.37475,-1.3876,-2.1286,0.38189,-1.638,-2.2621,1.4496,-2.2134,-0.58911,-1.122,-0.16749
-0.75618,3.1096,-0.15772,-0.54497,-1.2262,0.68493,0.022626,-2.926,0.13546,-0.15901,-1.9901,0.22402,-1.5287,-1.099,-1.4264,-0.93162
2.1514,-0.53156,1.156,0.50764,-0.6154,-0.87486,-0.55371,-1.3331,1.254,-1.6698,-0.57943,0.40523,-1.6102,-0.93901,-1.0028,-0.47025
0.68538,-0.1692,-1.9899,2.6012,-2.1118,1.0693,0.32271,-1.9112,0.56811,-1.3257,-1.8155,0.071178,-1.4882,-1.0757,-1.116,-0.71596
0.92329,2.2373,0.33777,-0.68757,0.80054,0.88372,-0.23132,-2.4025,-0.86488,-1.4851,-1.5757,0.44367,-0.8065,-1.2467,-1.5752,-1.2035
1.5392,-0.70965,-1.4788,2.9289,-0.72661,-0.23667,-0.53784,-2.6208,-1.0089,-0.83116,-1.3089,0.17082,-1.822,-0.47879,-1.0438,-0.53424
-0.083519,-0.55555,-1.8719,3.0665,-2.0668,-0.70063,0.14203,-2.8042,-0.09177,-2.3024,-1.8337,0.071236,-1.4584,-1.2732,-1.3996,-0.32598
2.003,-0.29917,-3.5312,-0.5228,-1.2283,-1.8641,1.0946,-1.6651,0.043418,-1.7821,-1.3221,1.3751,-1.2741,-1.0158,-0.9216,-1.2782
0.5809,-0.4127,-2.3687,1.846,-1.6994,-1.5336,-1.094,-0.99997,-0.69069,-0.14337,-2.932,-0.58537,-2.5817,-0.077613,-1.3033,-0.70602
1.777,-0.12529,-2.8793,-0.0096645,-1.6926,-0.44742,0.43563,-1.9518,-0.14289,0.52336,-2.9506,0.21491,-1.0281,-2.2175,-0.96926,0.15801
1.3124,-0.65689,0.36903,0.77956,-2.8081,-0.24557,-0.72719,-1.2557,-0.24307,-1.5498,-1.3878,0.48718,-1.6902,-1.5061,-1.2123,-0.60291
1.2277,-0.45756,-1.7626,1.9405,-1.8528,0.63495,0.45617,-3.5916,0.28432,-1.3232,-2.3765,0.33087,-1.7381,-0.72241,-1.4831,-0.76774
0.52593,0.17367,-1.5702,2.8417,-1.9553,0.69856,0.39874,-2.6659,0.88418,-0.52273,-2.0209,-0.54004,-1.3678,-1.347,-0.89367,-1.2526
1.8316,-0.51438,-2.1294,0.61323,-1.0532,-0.82931,-0.5277,-2.2092,-0.24413,-0.31895,-3.0496,0.50848,-1.225,-1.9516,-2.5552,-0.75759
0.38243,-0.37525,-1.6422,2.6502,-1.908,-0.38854,1.0833,-3.0739,0.39279,-1.8373,-2.2539,0.86155,-1.5235,-0.9849,-1.3581,-0.78448
2.0746,-0.90395,1.5387,1.0696,-1.0031,-0.29587,-0.32164,-1.1744,-0.0060028,-1.4385,-1.6655,0.48328,-1.3999,-1.3923,-0.91552,-0.69707
2.5894,-0.93567,0.36385,-0.35098,-1.3641,-1.1891,-0.56576,-2.5722,0.2708,-1.1597,-0.15406,0.45382,-1.5183,-1.2931,-1.6515,-0.7122
1.7924,-0.45069,-2.3198,1.5065,-1.7904,0.87298,0.46554,-3.1884,-0.63024,-1.5194,-1.5425,0.56064,-1.4718,-0.86816,-1.0349,-0.90177
2.3401,-0.62001,-0.44644,-0.80896,-2.5936,0.11944,0.18529,-1.845,-0.89979,-1.8294,-0.77181,0.40725,-1.5403,-1.0336,-1.058,-0.76754
0.16794,-0.43783,-0.58209,1.2045,-2.7668,-0.33461,-1.1084,-2.1093,0.22555,-1.231,-2.1382,0.69977,-2.1177,-1.4716,-1.2615,-1.0228
2.0835,-0.90958,1.5459,1.0647,-1.0147,-0.29701,-0.33397,-1.1865,-0.028942,-1.4554,-1.6574,0.4852,-1.4246,-1.3974,-0.8706,-0.69736
2.1954,-0.47021,-3.0462,-0.16368,-1.5843,-0.13706,-0.13759,-1.6606,-1.0402,-1.4945,-2.4995,0.64692,-1.4511,-1.1815,-0.95689,-1.4667
-2.2487,-1.5058,-0.80646,-0.7896,-1.3127,0.184,1.8855,-2.2213,-0.13534,-0.40414,-1.5634,1.6319,-1.1577,-0.96259,-1.567,-1.252
-1.8277,2.8246,0.42757,0.70042,-0.31425,-0.57058,-0.21676,-1.964,-0.065505,-2.4132,-2.2126,-0.47219,-1.3937,-0.74655,-1.1257,-0.58069
-1.6899,3.3073,-0.83067,0.35516,-1.9791,-0.27753,0.31352,-1.2042,-0.30169,-1.1472,-1.0237,1.5743,-1.2743,-1.5168,-1.2067,-0.9286
0.21668,-0.43369,0.37629,1.1963,-3.4317,-1.694,0.32276,-1.6411,-0.023425,-1.6075,-1.5865,1.3629,-1.7573,-1.5411,-1.1074,-0.90862
0.07299,-0.10753,-2.6213,2.6885,-2.6371,-0.20469,1.3685,-1.6453,-0.19957,-2.4095,-1.3101,1.1297,-1.1849,-1.3285,-1.4916,-0.57241
-0.04682,2.6973,-0.1739,-0.67916,-0.49734,0.17592,-1.228,-3.3698,-1.0939,-1.3599,-1.3765,0.64148,-1.3256,-1.2802,-0.56193,-1.4591
-2.3521,-2.4873,-0.53634,0.23329,-1.127,-0.11168,-0.37992,-1.8074,-0.25814,-0.80393,-1.1685,1.6213,-1.2991,-1.5089,-0.95611,-1.1854
1.5095,-0.26254,1.6543,0.70852,-0.47215,0.014151,-0.60425,-1.1942,-0.12919,-1.3922,-1.4543,0.83565,-1.3508,-1.1681,-0.98827,-0.55234
0.74532,-0.49066,-2.2043,1.4736,-2.088,-0.94212,-1.2112,-1.5758,0.46006,-1.07,-3.2745,0.51802,-1.8976,-1.4796,-1.2012,-1.2133
2.3671,-0.47928,-3.0878,-0.33009,-1.3604,-0.17751,-0.072623,-1.74,-1.0281,-1.2951,-2.6243,0.61627,-1.1961,-1.5317,-0.83214,-0.71257
-1.0678,3.3515,-0.62194,-0.086332,-1.4479,1.5289,-0.74982,-0.87133,0.13136,-1.5591,-1.4406,0.27376,-1.4461,-1.0936,-1.3966,-0.91323
-0.0566,-0.42654,0.41979,1.1898,-3.3503,-1.3517,0.45465,-1.5867,0.1988,-1.5503,-1.6908,0.18508,-1.5401,-1.8001,-1.2876,-0.46734
0.16727,-0.15729,-2.619,2.6313,-2.628,0.075508,1.062,-1.6915,-0.14816,-2.3702,-1.3553,0.8092,-1.2141,-1.3501,-1.5209,-0.4742
-2.3583,-1.7783,-1.0958,-0.48641,-1.551,2.0238,0.3245,-0.52571,0.37438,-0.058103,-1.1449,0.68425,-1.321,-1.0556,-1.1332,-0.75489
1.0167,-1.0522,1.5973,0.49052,-0.28767,0.23826,-0.53107,-1.1494,-0.12426,-1.2137,-1.3115,0.84847,-1.1886,-1.1767,-0.95632,-0.63989
1.0313,2.0548,-0.50111,-1.5738,1.0881,0.79401,-0.12421,-1.981,0.19418,-1.8165,-0.21672,0.20928,-0.70568,-0.9271,-1.7102,-0.90297
1.3128,-0.65812,0.37413,0.79006,-2.8008,-0.24724,-0.73435,-1.2437,-0.24189,-1.549,-1.383,0.48982,-1.6869,-1.512,-1.2164,-0.59997
0.27452,-0.33279,-0.72646,0.66376,-2.6443,-0.83492,0.019615,-2.6877,-0.10114,-1.0999,-2.2085,1.1028,-1.8771,-1.4989,-1.4403,-0.92308
1.0274,-0.46548,-2.4386,1.7245,-1.2873,-1.3607,-1.0589,-0.62137,-1.1058,-0.29724,-2.5496,-0.44465,-2.342,-0.18018,-1.3723,-0.68046
1.9577,-0.72688,0.098543,-0.40529,-2.757,-0.33866,-0.15611,-2.7597,-1.0118,-1.413,-1.4149,0.46589,-1.7589,-1.1606,-0.60498,-1.0544
1.8704,-0.61514,0.24443,-0.32179,-2.6441,-0.45951,-0.26587,-2.8978,-0.95783,-1.3334,-1.4472,0.38274,-1.7217,-1.2391,-0.55274,-1.1285
2.18,-0.58825,-0.38868,-0.71355,-2.8474,0.3229,0.25929,-1.8695,-1.2192,-1.863,-1.1404,0.43972,-1.58,-1.0374,-0.86158,-0.89667
2.2514,-0.6184,-0.35021,-0.7105,-2.7085,0.30604,0.24181,-1.8476,-1.2515,-1.7892,-1.1118,0.46236,-1.4922,-1.1466,-0.97325,-0.76079
0.65418,-0.42603,0.30218,0.74096,-3.1167,-1.4471,0.78233,-1.73,-0.27901,-1.5999,-1.5478,1.3346,-1.5941,-1.4592,-1.2912,-0.85791
1.2394,-0.43466,0.17555,0.20355,-3.2324,-0.16771,0.057815,-2.0192,-0.13503,-0.77583,-1.6187,0.20245,-1.7786,-1.3704,-1.3341,-0.69552
2.1166,-0.86618,1.3825,0.70931,-1.1747,-0.24349,-0.10114,-1.5651,-0.098783,-1.4873,-1.7889,0.40715,-1.4756,-1.2057,-0.78201,-0.80303
-0.98119,-1.0591,0.33532,-0.43482,-2.306,0.42628,-0.44142,-2.1588,-0.078499,-0.15329,-1.0814,0.11567,-1.207,-1.4869,-1.1792,-1.0862
2.0194,-0.55696,-2.8009,0.91895,-0.75935,-0.84416,-0.70951,-0.4534,-1.9381,-0.86661,-2.0009,-0.10504,-1.8964,-0.29092,-1.3372,-0.8258
0.83689,-0.21174,-2.5744,2.4299,-2.6707,1.1103,-0.00011008,-1.7365,0.088851,-1.6792,-1.4585,0.48519,-1.5774,-1.1066,-1.3656,-0.50049
2.1782,-0.58824,-0.38975,-0.71057,-2.8447,0.31763,0.25875,-1.8663,-1.228,-1.858,-1.139,0.43129,-1.5862,-1.0256,-0.86239,-0.8928
1.3847,-0.66799,0.36505,0.78233,-2.7276,-0.22025,-0.73801,-1.1636,-0.31169,-1.5785,-1.3137,0.51393,-1.6468,-1.5299,-1.223,-0.59318
1.655,-0.40828,-1.4363,-0.52864,-2.252,0.5237,0.080786,-2.2484,-1.2718,-1.6872,-1.4191,0.79453,-1.6859,-1.0951,-0.97236,-1.2979
2.1519,-0.58223,-0.5006,-0.77607,-3.0038,0.27128,0.18253,-1.9825,-1.3148,-1.8267,-1.0764,0.46957,-1.572,-1.062,-0.86246,-0.91814
-0.15569,-0.47876,-0.80785,0.64759,-2.5379,-1.1309,0.10696,-2.8622,-0.26493,-1.8586,-2.3276,0.34972,-1.5836,-1.7986,-1.666,-0.3521
0.96972,-0.68981,0.56716,1.012,-3.4753,-0.73075,-1.3895,-1.7859,0.12333,-1.1697,-1.8295,0.65738,-0.19491,-0.47839,-1.1433,-0.67063
-2.0576,-2.5347,-0.61012,-0.87757,-0.62087,0.14773,0.9238,-2.7765,-0.66371,-1.1378,-1.6116,0.3898,-1.1308,-0.99973,-1.0525,-0.98961
0.38147,0.16571,-0.53986,0.10577,-1.5919,0.42189,-0.38592,-2.2496,-0.34592,-0.53348,-1.6194,0.64935,-1.4405,-1.548,-2.1653,-1.0515
2.1951,-0.46898,-3.0513,-0.17417,-1.5916,-0.13539,-0.13044,-1.6726,-1.0414,-1.4954,-2.5042,0.64429,-1.4544,-1.1756,-0.95284,-1.4696
0.14389,-0.56481,-2.3047,1.6062,-1.936,-1.788,-0.55736,-1.5737,0.034237,-1.9758,-3.1168,0.30191,-1.4862,-1.7857,-1.4884,-0.95484
1.6827,-0.67139,0.20111,-0.29512,-2.7259,-0.44574,-0.21673,-2.8508,-0.86852,-1.0711,-1.4028,0.36377,-1.7045,-1.3184,-0.68123,-1.082
0.91275,-0.17658,-2.2869,2.4535,-2.3188,1.3308,0.4425,-1.5482,0.43347,-1.698,-1.7526,0.32716,-1.5646,-0.89331,-1.2761,-0.4838
-2.0354,-2.5739,-0.099645,-0.40961,-0.3647,0.54483,0.61266,-2.2942,0.18565,-1.3078,-2.1361,0.61129,-1.3033,-0.83687,-1.0928,-0.99691
0.56856,2.574,0.76596,-0.35902,1.1169,0.45667,-0.69756,-2.6879,-0.58758,-1.2703,-1.7783,0.54817,-0.84937,-1.4198,-1.1311,-0.79239
2.1927,-0.45976,-3.0896,-0.25288,-1.6463,-0.12288,-0.076751,-1.7624,-1.0502,-1.5019,-2.5399,0.62454,-1.4793,-1.1315,-0.92244,-1.4916
1.1282,-0.64192,0.40495,0.67919,-3.0211,-0.36957,-0.65863,-1.7506,-0.046329,-1.4019,-1.7044,0.38843,-1.822,-1.4315,-1.3481,-0.57592
1.5521,-0.45496,-2.5008,1.2902,-1.7906,-0.002512,0.2,-3.7434,1.167,-1.3719,-0.9195,0.23398,-1.8205,-0.53475,-1.5609,-0.74184
1.1373,-0.46414,-2.0141,2.0392,-2.0449,0.35469,0.02461,-3.476,0.343,-1.2773,-1.8669,0.40786,-1.764,-0.87282,-1.4659,-0.73899
1.9407,-0.45386,-2.1702,1.5161,-1.4647,1.118,0.72028,-2.8485,-0.48878,-1.754,-1.6615,0.50499,-1.4148,-0.71214,-0.98042,-0.86613
2.158,-0.59204,0.76197,-0.42725,-1.5609,-0.37829,0.37484,-2.5692,0.41019,-1.6785,-1.6037,0.16794,-1.8374,-0.50017,-0.50545,-0.91598
-1.1819,3.3485,-0.98053,-0.10492,-1.9065,1.2724,-1.2112,-1.0666,-0.26046,-1.3901,-1.0482,0.43869,-1.4441,-1.3877,-1.4952,-0.92736
1.6813,-0.41653,-1.3253,-0.45116,-2.1046,0.56483,0.12789,-2.1244,-1.1816,-1.7164,-1.4682,0.77841,-1.6627,-1.0749,-0.9792,-1.2737
1.0972,-0.58927,0.18046,0.092841,-3.448,-0.47521,-0.34545,-2.7712,-0.166,-1.0874,-1.9495,0.27278,-1.981,-1.2711,-1.6204,-0.72353
0.27474,0.52023,-1.5024,2.9448,-1.9997,0.68229,0.44683,-2.4606,1.0062,-0.20869,-1.8282,-0.90972,-1.0727,-1.7511,-0.79619,-1.4885
-1.7912,1.9312,0.0038089,0.65491,-1.2361,-0.82337,0.19025,-1.877,0.19554,-1.8376,-2.0082,2.2391,-1.8545,-0.8191,-1.0611,-0.40806
2.3439,-0.63102,-0.27821,-0.66896,-2.575,0.28986,0.2251,-1.8184,-1.3053,-1.7437,-1.0526,0.49666,-1.4484,-1.1825,-1.1919,-0.78944
1.2925,-0.64722,0.33893,0.66902,-2.8835,-0.26013,-0.65382,-1.4519,-0.22578,-1.5125,-1.4842,0.44789,-1.7279,-1.4597,-1.2286,-0.59437
0.95415,-0.64975,0.4668,0.77482,-3.6342,-0.68869,-1.2088,-2.0746,0.12327,-1.1328,-1.9608,0.57917,-0.24747,-0.37947,-1.247,-0.69894
2.1689,-0.4464,-2.3947,1.173,-1.4716,1.2937,0.90926,-2.8667,-0.77071,-1.9656,-1.5432,0.51971,-1.3853,-0.57978,-0.75159,-0.95495
0.36684,-0.21229,0.033384,0.78497,-3.1572,-2.1175,0.80947,-1.4608,1.5538,-0.94492,-0.42046,0.93551,-1.8063,-1.2882,-1.1254,-0.81196
1.5091,-0.85223,-0.16927,-0.60393,0.29616,0.50401,0.25562,-2.1255,-0.045335,-1.232,-1.2103,0.88812,-1.3123,-0.80267,-1.8082,-0.87379
-0.21101,0.029009,-1.9391,2.9474,-2.1465,-0.45843,0.30149,-2.7632,0.080398,-2.2828,-1.6879,-0.35877,-0.931,-1.8626,-1.2798,-1.1048
-3.0492,0.35481,-0.57246,0.88651,-1.5732,-1.4786,1.137,-1.4841,-0.64063,-0.094951,-0.93312,-0.17885,-1.0552,-1.3708,-0.99979,-1.5301
2.2619,-0.60444,-0.35782,-0.73056,-2.7332,0.30941,0.26196,-1.8805,-1.2556,-1.7992,-1.1217,0.45969,-1.5083,-1.1214,-0.98117,-0.79637
0.67323,2.5856,0.68818,-0.57535,1.0916,0.54075,-0.52877,-2.841,-0.70499,-1.2813,-1.7738,0.53436,-0.86102,-1.3147,-1.3275,-0.91152
1.2999,-0.46061,-1.8022,1.905,-1.8103,0.68407,0.47036,-3.5059,0.20644,-1.3833,-2.3021,0.35429,-1.7044,-0.72375,-1.4258,-0.77809
1.0023,-0.52761,0.33579,0.89031,-2.8162,-0.98363,0.16946,-1.17,-0.39321,-1.69,-1.2621,1.1416,-1.5175,-1.5631,-1.198,-0.75251
2.0486,-0.6529,-0.35666,-0.70518,-2.7285,0.37648,0.38502,-1.7459,-1.1226,-1.4178,-1.0706,0.39153,-1.4292,-1.2698,-1.1104,-0.61773
-1.6809,3.6718,-0.66878,0.21667,-1.5761,0.28175,1.0269,-0.68201,0.027749,-1.1263,-1.1505,1.1084,-1.0236,-1.3851,-1.1312,-1.0681
-0.043174,-0.35749,-0.66362,0.94413,-2.6732,-1.0342,0.062412,-2.4693,-0.089727,-1.4561,-2.1259,1.0598,-1.8644,-1.4942,-1.5439,-1.1197
-1.7227,-1.7242,-0.93391,-1.1478,-1.3672,1.6541,0.59251,-2.106,0.067833,0.021086,-1.6291,0.67183,-1.4177,-0.82752,-1.5909,-0.96729
-0.69973,2.271,-0.091234,-0.45215,-1.1281,0.51864,-0.74846,-3.0057,0.049453,-1.3172,-2.3796,1.3028,-2.1395,-0.44768,-1.5885,-0.25819
2.0003,-0.54373,1.6062,0.99872,-0.79799,-0.2888,-0.43967,-1.2079,-0.091988,-1.495,-1.6058,0.54189,-1.3643,-1.3641,-0.89706,-0.64014
1.2284,-0.65135,0.38635,0.82134,-2.8749,-0.28016,-0.7539,-1.2991,-0.16883,-1.5376,-1.4502,0.46568,-1.7338,-1.4888,-1.1915,-0.60434
-0.2107,0.040642,-1.5115,3.0405,-1.6606,-0.41839,0.53019,-2.8193,0.39466,-2.4347,-2.0761,-0.73202,-0.90746,-1.6625,-1.1593,-1.1746
1.1212,-0.7483,-1.093,3.1465,-0.38522,-0.62815,0.45747,-2.4431,-0.31768,-2.1014,-1.4516,0.87337,-0.88887,-1.639,-1.1865,-0.63937
2.1312,-0.81404,1.4923,0.96782,-0.82144,-0.43105,-0.40054,-1.1899,0.14954,-1.4808,-1.4134,0.4584,-1.4315,-1.2937,-0.93476,-0.65394
0.31071,-0.60893,-2.6918,0.33594,-1.8458,-1.4037,1.437,-1.8931,-0.25963,-0.22932,-2.6715,1.305,-1.3079,-1.4584,-1.3062,-1.5315
0.60829,2.5139,0.48273,-0.3684,1.3763,-0.17254,-1.1118,-2.3119,0.82583,-1.575,-0.54508,0.42303,-1.0962,-1.0259,-1.1178,-0.96915
1.0297,-0.71281,0.40152,0.81571,-2.9355,-0.29046,-0.76183,-1.3849,-0.066855,-1.464,-1.5167,0.41051,-1.7695,-1.4844,-1.1561,-0.61521
0.24696,-0.2983,-1.697,2.8789,-1.1634,0.31208,0.73218,-1.9724,-0.054829,-1.0354,-1.384,-0.69124,-1.0461,-1.1616,-1.0409,-0.85591
1.1392,-0.62016,0.35232,0.81888,-2.9863,-0.25821,-0.70504,-1.3002,-0.096343,-1.4864,-1.4892,0.42588,-1.7639,-1.4722,-1.19,-0.59773
1.0405,-0.68888,0.55329,0.90633,-3.4401,-0.72437,-1.323,-1.9012,0.059425,-1.1442,-1.8319,0.64452,-0.17664,-0.46559,-1.1775,-0.6967
1.136,0.21289,-0.079959,-0.2354,-3.4385,-0.042653,0.5505,-2.3934,-0.32508,-0.038208,-1.302,-0.6584,-1.3087,-1.8338,-1.2925,-1.3389
-1.6499,-2.3815,-0.77398,-0.637,-1.3988,0.65952,-0.66953,-2.8012,-0.30329,-0.39439,-1.6147,0.88487,-1.5837,-1.1794,-1.228,-0.97953
-0.48918,1.1713,-1.2178,0.44699,-2.6926,1.0771,-0.081406,-0.77349,0.085747,-0.42578,-1.1197,-0.3479,-1.1322,-1.9243,-1.3739,-1.5584
1.5841,-0.80626,0.76159,0.81454,-2.2702,-0.60207,-0.8358,-1.7893,-0.38356,-1.2507,-1.3881,0.57306,-1.6266,-1.6099,-1.0586,-0.7447
1.4122,-0.45843,-1.9521,1.8697,-1.4494,-0.52459,0.99116,-3.6539,-0.24672,-1.3769,-1.3438,1.1972,-1.442,-0.92696,-0.8001,-1.1835
1.986,-0.53889,-1.8414,2.5054,-0.83215,1.1023,0.055592,-1.3776,-0.47785,-1.8421,-1.08,0.74147,-1.0909,-1.2051,-1.2749,-0.55214
0.44495,-0.40279,0.2447,0.59394,-3.4696,-1.5997,0.80202,-2.3073,-0.18612,-1.4342,-1.7757,1.2622,-1.764,-1.3729,-1.4634,-0.9519
2.2647,-0.55325,-0.73143,-1.0837,-2.9208,0.19106,0.24275,-2.1291,-1.2253,-1.5648,-1.3517,0.36256,-1.259,-1.6895,-0.13908,0.50813
2.1114,-0.38044,-2.8074,0.15626,-0.87961,-1.3382,1.0962,-1.3372,-1.3775,-1.3942,-2.1633,1.7507,-0.79968,-1.7494,-1.6039,-1.1701
1.2412,-0.66717,-1.3514,2.5326,-0.68557,-0.56333,0.94211,-3.0912,-0.46274,-2.0253,-1.6306,0.89603,-1.0417,-1.3144,-0.93818,-0.87361
-0.45997,3.3354,-1.0001,-1.2319,-1.3224,0.70978,-0.19468,-2.8944,-0.60963,0.030244,-1.4439,0.18734,-0.86988,-2.0182,-0.4829,0.24019
2.7567,-0.56412,-3.301,-0.60497,-0.7488,-0.80281,-0.31238,-1.6722,0.10203,-1.3743,-1.3406,0.49667,-1.3209,-1.1527,-1.49,-0.89479
1.2086,-0.79772,-1.0518,3.1457,-0.23096,-0.61732,0.38291,-2.4378,-0.4063,-2.1419,-1.3916,0.79322,-0.8231,-1.6995,-1.2134,-0.59753
0.60431,2.1196,-0.97173,-1.1217,-0.89404,0.98105,-0.49611,-2.4059,-1.4677,-1.7365,-1.0118,0.4551,-1.0196,-1.3128,-1.0583,-1.4994
-2.3797,-1.9996,-0.1278,0.49381,-0.78062,-0.27597,0.48198,-1.6346,0.54509,-1.8581,-2.0728,0.035685,-1.5769,-0.68793,-1.1149,-0.50079
1.8498,-0.095385,1.6613,0.9005,-0.64362,-0.25792,-0.56045,-1.2603,-0.12826,-1.5611,-1.5846,0.68517,-1.3954,-1.2861,-0.88155,-0.50933
1.9642,-0.57951,-1.7091,2.5711,-0.76975,0.98275,-0.03163,-1.5608,-0.39824,-1.7923,-1.1553,0.77831,-1.1013,-1.2603,-1.2266,-0.59655
2.1128,-0.86423,1.3725,0.69851,-1.1779,-0.24926,-0.088314,-1.5774,-0.11676,-1.4809,-1.7922,0.38683,-1.5041,-1.1842,-0.77761,-0.80052
0.71528,-0.61091,0.47048,0.95793,-3.3455,-0.49185,-0.83778,-1.7638,0.30108,-1.4349,-1.9159,0.316,-2.0245,-1.3511,-1.1134,-0.63694
-1.2935,2.8669,-0.14704,-0.45291,-0.77172,-0.37997,0.13369,-3.2404,-0.58074,-2.0766,-2.0666,-0.11947,-1.1995,-1.1078,-1.6236,-0.86517
-2.6058,3.3448,-0.34194,0.98416,-1.4963,-1.8399,0.63074,-1.7191,-0.82389,-0.529,-1.0082,0.29873,-1.3955,-1.078,-1.0968,-0.75214
2.0124,0.32086,0.97124,-0.71643,-0.50813,0.70107,0.30837,-1.7255,-0.83416,-1.5413,-1.3238,0.51344,-1.0209,-1.0083,-1.7314,-0.64941
2.1791,-0.5864,-0.39659,-0.72855,-2.8577,0.32409,0.26989,-1.8867,-1.2232,-1.8631,-1.1472,0.43366,-1.5866,-1.0256,-0.8557,-0.90011
2.2225,-0.78485,0.79345,-0.34558,-1.6423,-0.28091,0.46632,-2.5492,0.19221,-1.5946,-1.807,0.13268,-1.7708,-0.65488,-0.5155,-0.91142
-2.6022,-2.512,-0.57808,-0.52594,-0.93506,-0.103,0.70467,-2.6969,-0.43082,-1.2931,-1.9301,0.083293,-1.3737,-0.76251,-1.6303,-0.67723
0.18938,-0.43965,-0.54132,1.2054,-2.7067,-0.30861,-1.0601,-2.0875,0.25912,-1.2485,-2.173,0.68529,-2.1141,-1.4424,-1.2436,-1.0238
-0.20026,2.7842,0.063362,-0.72336,-0.56791,0.93736,0.33534,-2.6962,0.055306,-0.75952,-2.1748,0.55827,-1.6366,-0.58834,-0.99075,-0.78809
-0.71235,2.0056,-0.32466,-0.0096688,-1.5356,0.19305,-1.5604,-2.7703,-0.25862,-1.3251,-1.8703,1.4945,-2.1308,-0.87791,-1.5051,-0.44951
-0.77214,-1.5585,0.064692,-1.0389,-2.4588,0.52566,-0.13179,-2.6731,-0.33645,-0.1726,-1.2388,0.61039,-1.5026,-1.0627,-1.4724,-0.74181
1.3199,1.364,0.1163,-0.88456,0.99472,-0.036297,-0.43394,-2.7375,0.5993,-1.4316,-0.75764,0.90368,-1.4211,-0.60025,-1.739,-0.78511
1.667,-0.54089,-1.9761,2.3909,-1.3937,0.76004,-0.1881,-2.1796,-0.44014,-1.6385,-1.2466,0.75467,-1.296,-1.2596,-1.2252,-0.67626
0.64934,-0.29871,0.62871,0.9656,-2.6001,-1.4979,0.61617,-1.7439,-0.29838,-1.2306,-1.3262,0.60473,-1.1679,-2.0042,-1.4213,-0.9655
1.0081,1.0845,1.7963,0.41284,-0.08402,0.12291,-0.94116,-1.3604,-0.18877,-1.5846,-1.4191,1.2097,-1.4491,-0.94996,-0.93957,-0.19081
-0.0055788,0.087442,-1.983,2.828,-2.0486,0.17283,1.1696,-1.9914,0.38184,-1.9493,-1.7379,-0.36359,-0.97786,-1.5241,-1.3036,-0.73327
2.1784,-0.5821,-0.41418,-0.76602,-2.8839,0.33125,0.29508,-1.9294,-1.2251,-1.8674,-1.1642,0.42656,-1.5966,-1.008,-0.84131,-0.91135
1.5347,-1.1932,0.18389,-0.45457,-1.9417,-0.9285,-0.42153,-2.5988,0.85954,-0.85162,-0.51763,0.2196,-1.6927,-1.236,-2.3964,-0.40367
1.8956,-0.60311,-2.1714,2.8592,-0.58174,0.223,-0.44308,-1.1134,-2.0292,-1.0899,-0.44325,-0.055486,-1.7205,-0.11013,-1.449,-0.11709
1.7581,-0.11775,-3.1805,-0.24402,-1.7968,-0.78014,0.35079,-2.066,0.71204,0.21727,-2.1693,0.050775,-1.4258,-1.5626,-1.063,-0.56246
1.2097,0.2463,0.34735,0.018047,-2.8959,-0.12567,0.51844,-2.3479,-0.13246,0.18973,-1.4018,-0.81751,-1.0651,-2.0985,-1.869,-1.2695
2.1316,-0.49577,0.68439,-0.51818,-1.5478,-0.45751,0.40597,-2.5793,0.67457,-1.6096,-1.4185,0.12194,-1.8821,-0.45149,-0.55055,-0.86652
2.1055,-0.79832,0.98892,-0.032382,-1.5813,-0.21098,0.32957,-2.3233,-0.019787,-1.5539,-1.9271,0.18816,-1.7146,-0.75927,-0.53727,-0.97761
1.127,-0.055111,-2.7012,1.6608,-2.7226,1.1878,0.88306,-2.6526,-0.077232,-0.79931,-1.5624,0.27735,-1.5021,-1.059,-1.8127,-0.5756
2.1647,-0.50393,-2.4907,1.4967,-1.3734,0.93408,0.30524,-2.5033,-0.68852,-1.8554,-0.86958,0.67048,-1.2899,-0.90253,-1.0028,-0.82281
2.567,-0.64849,-0.71295,-1.1564,-2.3118,-0.30752,0.093762,-1.93,-0.01856,-1.911,0.024173,0.28931,-1.6026,-0.83133,-1.2335,-0.70501
1.1371,0.88681,1.2974,-0.47629,-0.8079,0.24816,-0.18514,-2.4123,-0.32064,-1.612,-1.816,0.6971,-1.6112,-0.5648,-0.55093,-0.68621
0.219,-0.073183,-2.3289,2.6919,-2.2837,0.13289,1.71,-1.4534,0.16803,-2.325,-1.6024,0.90781,-1.2014,-1.101,-1.382,-0.54968
0.65412,-0.29559,-1.863,2.9232,-2.2346,0.30558,-0.13366,-2.4791,0.33509,-0.7465,-1.6418,0.45402,-1.6667,-1.265,-1.1023,-0.64582
1.3455,-0.63446,0.27933,0.54968,-2.8995,-0.20236,-0.54552,-1.4955,-0.29135,-1.4938,-1.4576,0.43453,-1.7199,-1.4204,-1.249,-0.63759
-2.1015,2.7449,0.037254,0.83235,-1.2208,-1.1784,0.75845,-1.7758,0.10526,-1.4358,-1.7855,1.5304,-1.5137,-1.0803,-1.1017,-0.53898
2.2364,-0.9348,1.3776,0.86477,-0.79993,-0.5745,-0.41185,-1.212,0.50257,-1.516,-1.1555,0.41649,-1.4285,-1.2325,-0.96279,-0.66972
1.189,-0.55476,-2.4505,1.669,-1.1108,-1.3298,-1.1702,-0.55836,-1.2842,-0.55616,-2.4737,-0.35588,-2.2895,-0.1683,-1.4104,-0.67562
2.0416,-0.87264,1.5312,1.0638,-1.0239,-0.29264,-0.3276,-1.1863,0.0055432,-1.4578,-1.681,0.45603,-1.4107,-1.3889,-0.91341,-0.70562
-1.1487,0.82936,-0.56122,1.4142,-2.4902,-1.8277,0.65653,-1.9015,-0.20334,-1.4177,-1.6567,0.98363,-1.4519,-1.8094,-1.2554,-1.3126
-1.1411,2.8211,-0.10578,-0.47403,-0.61194,-0.39946,0.064185,-3.2571,-0.70988,-2.101,-1.9807,-0.065118,-1.1852,-1.0894,-1.4049,-0.93872
2.107,-0.82645,1.1561,0.24999,-1.497,-0.17143,0.21845,-2.0895,-0.15211,-1.525,-1.9985,0.29647,-1.6431,-0.9478,-0.60541,-0.92553
1.7903,-0.3175,0.13409,-0.14906,-2.782,0.055537,0.68897,-1.9038,-0.50167,-0.010051,-1.1882,0.183,-1.392,-1.64,-1.8598,-0.60122
1.0659,-0.64183,0.40213,0.854,-3.0158,-0.3269,-0.75987,-1.4175,-0.029516,-1.4842,-1.5742,0.41632,-1.8117,-1.4537,-1.1688,-0.61258
-2.5227,-2.3955,0.062231,0.37849,-0.39092,-0.21087,1.1005,-1.4138,0.38896,-1.3419,-1.8359,1.6536,-1.1684,-1.0529,-0.80337,-1.2181
-1.5497,3.0758,-0.3311,0.45703,-1.4533,-0.22587,0.55133,-1.2615,0.11567,-1.4602,-1.5897,1.6698,-1.4597,-1.0887,-1.0995,-0.7884
0.60491,2.8605,-0.31894,-1.2682,0.18334,1.3661,0.051801,-2.1559,-0.92621,-2.012,-1.6145,0.37515,-0.94355,-0.89802,-0.82909,-0.86162
1.3856,-0.64927,-0.075839,0.13349,-2.7784,-0.9192,-0.73462,-1.8445,1.1764,-1.6081,-0.5807,0.17763,-1.9925,-1.0148,-1.3497,-0.58373
0.065302,2.6061,0.072324,-1.376,-1.963,0.67385,-0.26596,-2.3659,-1.0037,-0.90095,-0.79457,0.42457,-1.3179,-1.0742,-0.92158,-0.53773
1.9419,-0.54391,-2.2984,1.4044,-1.6802,0.67329,0.30192,-3.5438,-0.88429,-1.5435,-1.45,0.65338,-1.487,-0.87626,-0.69731,-1.0584
-0.031993,-0.67887,0.31913,1.1179,-3.3549,-1.4569,-0.2387,-1.8798,-0.11716,-2.3324,-1.7673,0.090979,-1.638,-1.7118,-1.4186,-0.37543
-1.606,2.5672,-0.36357,0.62249,-1.7462,-0.91345,-0.38226,-1.9979,-0.19844,-1.6049,-1.5908,2.3892,-1.8587,-1.0804,-1.1801,-0.53888
2.3469,-0.6323,-0.27257,-0.6701,-2.5925,0.29049,0.21854,-1.8238,-1.3232,-1.7499,-1.0425,0.49567,-1.4722,-1.1893,-1.14,-0.79023
1.2847,-0.41498,0.19304,0.075869,-2.894,-0.91277,0.97121,-2.1822,-0.56838,-1.0018,-1.4661,0.95145,-1.4814,-1.4567,-1.8027,-0.79965
0.92425,-0.50086,-2.1449,2.4032,-1.865,-0.26301,-0.62308,-2.8697,1.7522,-1.5826,-0.91984,0.31725,-1.9316,-0.76362,-1.1952,-0.61771
2.1201,-0.52811,1.1302,0.23986,-1.0322,-0.50417,-0.12894,-1.8434,0.4838,-1.6169,-1.2934,0.30205,-1.6029,-0.89072,-0.74254,-0.73916
-1.7848,-2.4744,-0.10239,-0.50388,-0.4628,0.69986,0.64255,-2.317,0.27704,-0.88708,-2.135,0.9992,-1.4394,-0.7011,-0.97194,-1.2146
-0.098576,2.4994,0.65059,0.082384,0.28877,0.50609,-0.86992,-2.2964,-0.065552,-1.5971,-2.0184,0.75224,-1.4429,-0.91268,-0.82878,-0.92174
1.0272,-0.016769,-1.6245,2.8114,-1.4245,0.8999,0.29258,-2.0551,0.41471,-0.84673,-1.5447,-0.21747,-1.1238,-1.457,-0.92053,-1.1314
-2.1196,2.9321,0.049208,0.85739,-1.1721,-1.2486,0.72906,-1.7884,0.008137,-1.4617,-1.7469,1.2406,-1.443,-1.0934,-1.0813,-0.68007
-0.80857,-2.0469,-1.6669,-1.7997,-0.96787,1.371,-0.25989,-2.1651,-1.1629,-1.0453,-0.46405,1.0768,-1.4733,-0.56915,-0.80547,-1.1481
0.18825,0.52932,-0.75753,0.41464,-2.8006,-0.029989,0.15068,-2.781,0.12671,0.27197,-1.8615,-0.62309,-1.3884,-2.0642,-1.5312,-1.8451
1.3208,-0.6559,0.37416,0.80037,-2.7873,-0.24209,-0.73329,-1.2113,-0.25066,-1.5399,-1.3626,0.49108,-1.6778,-1.5196,-1.2127,-0.59614
2.1151,-0.85933,1.3542,0.65057,-1.2126,-0.23204,-0.058603,-1.6316,-0.10387,-1.4946,-1.8141,0.39317,-1.5051,-1.1842,-0.75978,-0.81999
2.1927,-0.45976,-3.0896,-0.25288,-1.6463,-0.12288,-0.076751,-1.7624,-1.0502,-1.5019,-2.5399,0.62454,-1.4793,-1.1315,-0.92244,-1.4916
-2.9248,-2.5478,-0.3739,0.24787,-1.046,0.03463,0.048207,-1.8402,0.20895,-1.6391,-1.8426,0.52325,-1.2852,-1.2693,-1.1189,-0.75951
-0.37272,-0.088658,-0.73361,0.89785,-2.7082,-1.642,0.83487,-2.5841,-0.2712,-1.5618,-2.0241,1.5043,-1.6931,-1.5667,-1.6455,-1.2478
-2.2147,1.4603,-0.47474,0.34336,-1.191,-0.28099,0.47692,-1.3239,-0.23044,-2.0472,-1.5456,0.77373,-1.2152,-1.1016,-1.3182,-0.77108
2.9878,-0.6321,-3.1108,-0.47718,-0.32724,-0.85441,-0.40131,-1.532,-0.015078,-1.209,-1.1839,0.59551,-1.1278,-1.3727,-1.9976,-0.76857
-0.67648,2.0346,-0.45385,-0.30051,-1.7099,0.46495,-1.256,-2.8716,-0.18334,-1.1735,-1.9663,1.3866,-2.2053,-0.74507,-1.8431,-0.51967
-1.7272,3.6197,-1.0402,0.23898,-2.0884,-0.016744,0.58362,-0.87786,-0.36298,-0.96736,-0.77315,1.2317,-1.025,-1.7101,-1.2218,-1.0995
0.56118,-1.5846,-1.6696,-1.1017,-1.6607,0.74371,-0.077277,-2.1815,-1.1023,-1.3377,-0.8094,0.72094,-1.6131,-0.79892,-0.86926,-1.2728
2.382,-0.46153,-3.4114,-0.60924,-1.429,-0.45815,-0.12495,-1.8858,-0.35695,-1.4258,-2.1406,0.45023,-1.3749,-1.2463,-0.65018,-0.75852
-2.8673,-2.585,-0.33031,0.35094,-0.71969,-0.24906,0.040258,-1.6854,-0.28334,-1.4166,-1.6269,0.16569,-1.3979,-0.87914,-1.1196,-0.58613
0.18825,-0.40098,0.11988,0.61888,-3.4372,-1.7178,1.145,-2.0469,-0.31151,-1.9466,-1.6981,1.0193,-1.5499,-1.4888,-1.599,-0.75878
-2.1762,0.030055,-0.15992,0.43771,-1.1188,-0.31911,-0.012273,-1.8836,0.18424,-1.9028,-1.9506,1.5139,-1.562,-0.96571,-1.2202,-0.58894
-0.0031787,2.434,-0.19777,-1.0704,-0.23088,0.099889,-0.31014,-3.1055,1.3821,-1.5306,-1.434,0.65863,-2.0419,-0.017471,-1.2974,-0.5556
-1.7357,-2.1027,-0.74219,-0.57285,-1.2772,-0.052564,0.2267,-2.9813,-0.52644,-1.171,-1.7277,0.71262,-1.2817,-1.3239,-1.6457,-0.80486
-1.2732,3.4724,-1.004,-0.033947,-2.0075,1.1401,-0.737,-1.0495,-0.1811,-0.7228,-0.94607,0.28884,-1.2628,-1.5996,-1.2645,-0.82414
0.51086,-1.1257,0.33964,0.40681,-3.0498,-0.29883,-0.79266,-2.0727,-0.0086025,-1.1849,-1.6991,0.36222,-1.8757,-1.438,-1.1865,-0.66649
-2.159,-0.056278,-0.31816,0.42506,-0.99111,-0.027027,1.1415,-1.0765,0.17857,-1.9953,-1.8641,0.28075,-1.0334,-1.116,-1.161,-1.2267
-2.0368,3.306,-1.0637,0.29195,-1.7557,-0.48056,0.21394,-1.05,-1.0002,-2.0246,-0.86778,0.26208,-1.0874,-1.3201,-1.4891,-0.60296
0.86764,0.24431,0.435,0.35272,-3.0864,-0.26103,0.19198,-2.2453,0.13239,0.0086407,-1.5429,-0.84043,-1.2044,-2.082,-1.6269,-1.2851
2.263,-0.55294,-0.73216,-1.0844,-2.9304,0.18919,0.23775,-2.1311,-1.2229,-1.5639,-1.356,0.36485,-1.235,-1.6717,-0.13365,0.50685
-0.24367,3.1259,0.28212,-1.0537,-2.2379,0.41473,-0.2294,-2.6625,-0.57607,-0.2669,-0.97614,-0.072364,-1.2185,-1.4211,-1.2036,-0.7742
-0.36996,-0.34149,-0.58699,1.4126,-2.6818,-1.3527,0.016662,-1.9987,0.0034444,-1.7141,-1.9916,1.2683,-1.7951,-1.649,-1.3259,-1.1118
1.3461,-0.46543,-1.8232,2.1062,-1.6668,0.72553,0.34516,-3.0077,0.069788,-1.4722,-2.0639,0.36531,-1.6573,-0.72712,-1.284,-0.71968
1.1304,-0.64179,0.35567,0.56715,-3.0513,-0.32861,-0.55479,-1.8257,-0.073665,-1.3424,-1.7097,0.35989,-1.8201,-1.4039,-1.3692,-0.58666
0.28903,0.57245,-1.0008,0.11134,-2.7175,-0.12005,0.19348,-2.9258,0.22556,0.54733,-2.1346,-0.74199,-1.0082,-2.6859,-0.85555,-0.4359
1.9965,-0.53718,-2.8932,0.78084,-0.84896,-0.87018,-0.60038,-0.61356,-2.0451,-0.82994,-2.0628,-0.23148,-2.0107,-0.079313,-1.2805,-0.83415
-1.6265,-1.7505,-0.77749,-0.73384,-1.6024,0.78064,-0.58243,-2.9627,-0.17862,-0.43794,-1.756,0.99147,-1.6464,-1.0004,-1.6454,-1.1214
0.19228,-0.44234,-0.54336,1.2056,-2.691,-0.31004,-1.0477,-2.0725,0.24073,-1.1831,-2.1306,0.68771,-2.0944,-1.4721,-1.2388,-1.023
0.89361,1.0972,0.43949,0.23582,0.94364,-0.29047,-1.1755,-1.7217,1.0833,-1.6048,-0.65951,1.3616,-1.6952,-0.6449,-1.1459,-0.49613
1.0041,-0.631,0.42633,0.88487,-3.0776,-0.3729,-0.78519,-1.4981,0.039459,-1.4763,-1.6501,0.39874,-1.8571,-1.4348,-1.165,-0.61615
0.17587,-0.3497,-2.6116,2.6181,-2.3951,0.090308,0.59125,-1.776,-0.4814,-2.7292,-1.3881,0.078156,-1.3024,-1.1117,-1.6459,-0.16005
-1.7861,2.5775,-0.39683,0.29793,-1.5106,-0.87994,-0.49361,-2.4925,-0.45404,-2.1485,-1.682,1.5054,-1.5796,-1.2593,-1.5068,-0.44897
2.3508,-0.63225,-0.27503,-0.67206,-2.5687,0.29193,0.22643,-1.8219,-1.3045,-1.7423,-1.0514,0.5023,-1.4418,-1.1916,-1.203,-0.78943
-1.7912,2.8223,0.43797,0.70299,-0.28205,-0.56712,-0.22696,-1.9521,-0.085203,-2.3816,-2.193,-0.45091,-1.3939,-0.74123,-1.118,-0.58985
0.090527,-1.9401,-0.38608,-1.7968,-1.5896,1.2434,0.07553,-1.8109,-1.3584,-1.2069,-0.54337,0.88667,-1.1001,-0.91302,-0.87201,-0.55927
-1.5907,-2.625,-0.53263,-0.30428,-0.87262,0.64543,-0.99436,-2.2978,-0.43511,-0.49519,-1.2378,1.0816,-1.4113,-1.3591,-0.95827,-1.1526
0.76131,2.865,-0.8214,-1.8108,0.31708,0.78137,-0.044057,-2.325,0.39016,-2.2203,-0.59461,0.12893,-1.1548,-0.48026,-0.7043,-0.7872
-0.49144,-1.7149,-1.4328,-1.5313,-0.9692,0.95281,-0.39644,-2.4723,-0.89468,-0.99925,-0.55219,1.1011,-1.5322,-0.62037,-0.83785,-1.2091
0.84327,-1.0824,0.15818,0.35076,-2.5387,-1.0173,-1.0253,-1.7936,1.3781,-1.4278,-0.5678,0.20148,-2.0181,-1.1088,-1.1097,-0.54006
1.2217,-0.4747,-2.4818,0.7402,-2.0112,-0.78604,-0.74577,-2.1024,-0.044531,-0.92252,-3.1489,0.51885,-1.7729,-1.4085,-1.5016,-1.2836
0.74532,-0.49066,-2.2043,1.4736,-2.088,-0.94212,-1.2112,-1.5758,0.46006,-1.07,-3.2745,0.51802,-1.8976,-1.4796,-1.2012,-1.2133
2.112,-0.84835,1.3086,0.55714,-1.2805,-0.2193,0.0026496,-1.7388,-0.11592,-1.5,-1.858,0.36898,-1.5238,-1.1204,-0.72324,-0.84561
0.97332,0.31509,0.15722,-0.11127,-3.33,-0.069635,0.61281,-2.4962,-0.020715,0.015462,-1.5565,-0.91839,-1.2766,-1.8489,-1.3736,-1.4418
-0.65464,-1.9216,-0.5916,-0.5874,-0.92081,0.33359,-0.5342,-2.8239,-0.03773,-0.39675,-1.3086,0.90535,-1.5178,-1.1637,-1.9665,-0.90482
2.1547,-0.75726,-0.35123,-0.78899,-2.6061,0.36947,0.22721,-1.8353,-1.2569,-1.7145,-1.0787,0.47097,-1.4544,-1.1961,-1.0057,-0.66865
1.3519,-0.68749,0.10798,0.0091461,-2.0887,-2.2802,0.64371,-2.3797,0.4411,-1.9339,-0.25961,0.92116,-1.5067,-1.2233,-1.076,-0.92974
-2.191,0.082619,-1.0258,0.13151,-1.7922,0.61037,1.5864,-0.43232,0.15823,-0.55857,-0.96705,0.52086,-0.5922,-1.7877,-1.031,-1.9331
-0.15337,2.6376,-0.17977,-0.68713,-0.4617,0.19163,-1.3264,-3.3465,-1.1256,-1.3088,-1.3048,0.74918,-1.3237,-1.2845,-0.58809,-1.4232
1.0055,-1.7081,1.0071,-0.85118,0.26124,-0.079335,-0.2198,-1.9203,0.88322,-1.065,-0.21677,0.6659,-1.1859,-0.64087,-1.3889,-0.61892
1.2593,-1.2023,-0.39242,-0.73737,0.075966,1.3285,0.58749,-1.5369,-0.87784,-1.3221,-1.4725,0.94956,-1.0435,-0.97818,-1.8344,-0.82826
2.1038,-0.81822,1.1833,0.30076,-1.4587,-0.17975,0.17789,-2.0314,-0.14707,-1.5203,-1.9742,0.30239,-1.6067,-0.97349,-0.62414,-0.91661
2.1784,-0.5821,-0.41418,-0.76602,-2.8839,0.33125,0.29508,-1.9294,-1.2251,-1.8674,-1.1642,0.42656,-1.5966,-1.008,-0.84131,-0.91135
1.5194,-1.0386,-0.54528,-0.84481,0.11695,1.0182,0.53115,-1.5808,-0.3683,-1.4323,-1.074,0.85935,-1.1636,-0.82209,-1.9001,-0.79764
1.0993,-0.60548,0.28275,0.26783,-3.2438,-0.39617,-0.37126,-2.3921,-0.0098463,-1.2303,-2.0019,0.25819,-1.9036,-1.3233,-1.3846,-0.48569
0.86908,-0.066622,0.15965,0.45535,-2.741,-1.0524,-0.99325,-1.916,1.4634,-1.489,-0.56833,-0.80452,-1.5743,-1.5472,-1.0682,-1.3394
1.3101,0.045307,-2.1896,0.68561,-0.90084,-1.8309,0.69385,-1.9591,-0.60104,-0.7302,-2.7297,1.6196,-0.95604,-1.9685,-2.4014,-0.98002
2.2204,-0.45624,-0.34723,-0.74161,-2.675,0.3149,0.24302,-1.8911,-1.266,-1.78,-1.0846,0.24412,-1.3663,-1.2633,-0.93506,-0.90176
0.43282,-0.87079,0.43241,0.82263,-3.1736,-0.45382,-0.95427,-1.7693,0.15435,-1.2427,-1.6861,0.3788,-1.9505,-1.4643,-1.038,-0.58789
-0.6549,0.10951,-0.56885,1.4577,-2.7082,-1.5617,0.57755,-1.8643,0.081002,-1.3659,-1.8687,1.4357,-1.6644,-1.7354,-1.2427,-1.274
2.1791,-0.58456,-0.40398,-0.74503,-2.8693,0.32791,0.28076,-1.9054,-1.2228,-1.8657,-1.1547,0.43182,-1.59,-1.0198,-0.84942,-0.90548
-0.66247,2.2527,-0.41393,-0.44751,-1.5705,0.18805,-1.1664,-3.2833,-0.3635,-1.144,-2.0197,1.4212,-2.1299,-0.7636,-1.6475,-0.32877
0.52332,0.85275,-1.1265,-0.30951,-2.4765,0.088787,0.3928,-2.906,-0.097425,0.36813,-2.0027,-0.45407,-1.0341,-2.4308,-0.74657,-0.18532
2.0915,-0.51219,-0.24298,-0.56557,-2.8026,0.24164,0.38559,-1.8822,-1.0256,-1.3064,-1.1503,0.36782,-1.4993,-1.2457,-1.155,-0.75258
0.64494,-0.48063,-1.8028,2.8799,-2.2718,0.27535,-0.59958,-2.8238,0.40928,-1.4002,-1.944,0.55409,-1.792,-1.1745,-1.1167,-0.68944
0.9158,-0.6729,0.54267,1.0078,-3.5404,-0.71771,-1.3642,-1.7955,0.16364,-1.172,-1.8601,0.63143,-0.25938,-0.48244,-1.1413,-0.66729
0.23321,-0.28451,-2.3317,2.6162,-2.1437,0.38175,1.1078,-1.62,0.038525,-2.7813,-1.728,0.10206,-1.2196,-1.072,-1.5512,-0.22353
-2.4274,-2.2724,-0.48701,-0.019926,-0.42857,-0.6739,0.38057,-1.7175,1.5946,-1.9294,-1.0979,-0.11881,-1.6173,-0.40242,-1.1732,-0.49282
0.26856,1.438,0.49802,-0.66934,-2.2484,-0.028844,-0.8964,-2.9336,-0.56606,-1.253,-1.5434,1.054,-1.9617,-0.80356,-1.2957,-0.28059
2.2318,-0.52277,0.47945,-0.6876,-1.7379,-0.12025,0.58887,-2.4015,0.27697,-1.8529,-1.5254,0.13738,-1.816,-0.39907,-0.53926,-0.89608
1.11,-0.63548,0.38229,0.69511,-3.0489,-0.35527,-0.67169,-1.6926,-0.042257,-1.4375,-1.689,0.38773,-1.8293,-1.4274,-1.2536,-0.57292
0.5149,-0.041202,0.51924,0.92287,-3.2076,-0.44406,-0.8773,-1.8572,0.27212,-1.4081,-1.7587,-0.60934,-1.5069,-1.8342,-0.98594,-1.3807
1.7307,-0.79318,-1.2747,3.2153,-0.27886,-0.31604,-0.77296,-2.2615,-1.1482,-0.78042,-1.0492,0.27642,-1.6596,-0.67316,-1.1144,-0.46669
-1.554,3.1127,-0.35422,0.44389,-1.465,-0.19459,0.58571,-1.2225,0.11056,-1.437,-1.5614,1.6292,-1.4306,-1.1107,-1.1007,-0.80799
1.1554,-0.66663,0.37089,0.80767,-2.9058,-0.25406,-0.71418,-1.2866,-0.13569,-1.4687,-1.4461,0.44282,-1.7334,-1.4936,-1.1804,-0.60312
1.0799,-0.50688,-1.0041,0.5007,-1.7714,-0.60246,-0.95234,-1.6849,1.042,-1.5401,-0.64299,0.61208,-1.9176,-1.1832,-1.4438,-0.88994
-2.0826,2.7186,-0.78555,0.37473,-1.6486,-0.66969,-0.040127,-1.4758,-0.71943,-2.0523,-1.1692,1.0582,-1.3646,-1.2191,-1.4447,-0.37742
2.4407,-0.5013,-3.0255,-0.28638,-1.2241,-0.19435,-0.10284,-1.6918,-1.0644,-1.2426,-2.5728,0.64906,-1.1327,-1.6047,-0.99498,-0.67164
1.3481,-0.51814,-1.6372,2.0406,-1.6148,0.536,0.33805,-3.5584,0.18811,-1.3157,-2.2578,0.403,-1.6874,-0.78461,-1.2217,-0.83832
1.9856,-0.60271,-2.5767,1.4638,-0.38909,-1.0107,-1.0497,0.14806,-2.0068,-0.72856,-1.7639,-0.13462,-1.84,-0.38255,-1.5339,-0.6358
-0.36473,0.22093,0.39263,1.1196,-3.2685,-1.9734,0.4704,-1.7492,-0.147,-2.0319,-1.5505,1.302,-1.6018,-1.6291,-1.2052,-0.7341
1.1753,-0.63197,-1.553,2.1413,-0.94605,-0.51705,1.234,-3.5398,-0.52573,-2.1253,-1.8071,0.68065,-1.1228,-1.1379,-0.85249,-0.91988
0.90515,-0.67048,0.54032,1.0088,-3.5673,-0.71977,-1.3747,-1.7987,0.17594,-1.1692,-1.874,0.63395,-0.21381,-0.44648,-1.1432,-0.66642
-2.6172,-0.57216,-0.8165,0.23325,-1.5872,-0.33194,-0.20329,-1.7144,-0.42488,-1.7663,-1.304,1.2025,-1.3531,-1.2926,-1.4164,-0.584
-1.9396,-1.7882,-1.411,-1.2331,-1.8373,1.6239,0.23031,-1.9842,-0.31664,0.10423,-1.1546,0.81461,-1.3751,-1.0912,-1.7045,-0.91329
0.6316,2.1528,-0.39371,-1.2548,-0.099363,0.74934,0.040579,-2.8125,-0.16634,-1.6859,-1.8064,-0.039216,-1.029,-1.0823,-0.065136,-0.68815
1.9416,0.26974,0.48618,-0.86017,-1.6062,0.31588,0.65234,-2.3361,-0.42796,-1.7175,-2.0492,-0.28269,-1.1547,-1.2145,0.0056381,-0.19071
1.2925,-0.64722,0.33893,0.66902,-2.8835,-0.26013,-0.65382,-1.4519,-0.22578,-1.5125,-1.4842,0.44789,-1.7279,-1.4597,-1.2286,-0.59437
-2.0458,-1.7831,-1.1726,-1.0557,-1.5025,2.0178,0.66425,-1.2885,0.13385,0.033426,-1.3255,0.64274,-1.325,-0.90969,-1.4887,-0.82282
-1.7367,1.0164,-0.62344,1.5336,-2.3268,-2.1252,1.2062,-1.5316,-0.64568,-0.31817,-1.2042,-0.27107,-1.3716,-1.473,-1.1239,-1.3329
-0.15619,2.6335,-0.2717,-0.83992,-0.56561,0.2398,-1.2181,-3.4678,-1.1546,-1.3325,-1.3525,0.72176,-1.3667,-1.1976,-0.54366,-1.4494
-0.099523,2.5004,0.62126,0.020554,0.24349,0.51574,-0.82555,-2.369,-0.068588,-1.5976,-2.0526,0.74663,-1.4674,-0.87483,-0.82949,-0.92491
-1.0555,2.2164,-0.23781,0.4439,-1.6416,0.057721,-1.845,-2.3405,-0.022877,-1.4618,-1.876,1.5796,-2.2123,-0.9144,-1.1983,-0.20351
1.3539,-0.58165,-1.8857,2.0478,-1.0034,-1.0595,0.94022,-3.4851,-0.088773,-1.815,-0.9064,1.174,-1.2351,-1.1042,-0.86037,-1.0667
0.53496,0.18273,-2.2211,1.3357,-2.1186,-0.74853,-0.54649,-1.5621,0.60671,-0.046694,-3.0057,-0.38382,-1.4019,-1.9791,-1.1341,-1.7401
1.7602,-0.37583,-1.6804,-0.83579,-2.17,0.43666,0.11425,-2.4123,-1.1864,-1.4107,-1.6938,0.70672,-1.3202,-1.7089,-0.26382,0.082922
-2.1272,2.9464,0.048438,0.8599,-1.1739,-1.2484,0.74415,-1.781,0.0090442,-1.4329,-1.7379,1.2195,-1.436,-1.0993,-1.0782,-0.68585
1.3229,-0.83665,1.5706,0.60413,-0.39487,0.071856,-0.55021,-1.1459,-0.051704,-1.2691,-1.3181,0.83409,-1.3372,-1.0884,-1.0002,-0.55278
0.50422,2.7487,-0.34316,-1.5335,0.44234,0.16208,-0.35634,-3.1725,0.75673,-1.7986,-1.0345,0.082269,-1.3029,-0.61015,-0.21316,-0.70708
1.2082,-0.35607,-1.7942,1.8662,-1.9312,0.68294,0.72104,-3.6306,0.34226,-0.94309,-2.3383,0.24791,-1.7011,-0.7769,-1.5188,-0.76948
-2.3685,-1.9213,0.011302,0.28312,-0.80162,0.36274,0.47639,-1.5612,0.73915,-1.107,-2.1472,1.3274,-1.5534,-0.82236,-0.76098,-1.1554
1.7904,-0.4655,-0.13395,-0.43956,-3.0031,0.066226,0.37388,-2.1643,-0.66997,-0.98156,-1.4438,0.25606,-1.577,-1.3405,-1.2215,-0.55084
-1.149,2.4305,-0.34279,0.33944,-1.6707,0.26012,-1.6949,-2.1497,-0.025886,-1.3712,-1.752,1.4356,-2.0862,-0.97368,-1.2269,-0.26855
0.77284,-0.49588,-1.8992,2.8335,-2.2254,0.28719,-0.67137,-2.7299,0.19321,-1.4126,-1.7352,0.63171,-1.7101,-1.2667,-1.1543,-0.6849
2.0562,-0.49368,-2.0254,2.0986,-1.0453,0.88412,-0.0048391,-2.2097,-0.79826,-1.5908,-1.0182,0.69372,-1.0286,-1.3926,-1.4881,-0.74553
-0.27497,0.58992,-1.537,3.1622,-2.0312,-0.42331,1.7501,-2.2756,0.82747,-0.43129,-1.6484,0.17959,-0.89152,-1.7776,-0.76504,-1.6555
2.1511,-0.79275,1.4561,0.91042,-0.79306,-0.48228,-0.418,-1.2092,0.29379,-1.5082,-1.3054,0.45766,-1.4192,-1.2711,-0.93851,-0.64354
0.56211,-0.75723,0.44653,0.89477,-3.1936,-0.45473,-0.77467,-1.6694,0.17887,-0.93839,-1.5926,0.33734,-1.882,-1.5623,-1.0488,-0.62241
2.1887,-0.082134,1.4695,0.19791,-0.63344,-0.21665,-0.005686,-2.0521,-0.38856,-1.3123,-1.7408,0.15758,-1.1242,-1.4379,-1.1405,-0.60576
0.75561,1.9281,0.048035,-1.2126,1.2088,0.19647,-0.45142,-2.7856,0.5305,-1.4602,-0.57846,0.19176,-0.94195,-0.90694,-1.4132,-1.1889
1.2166,-0.38822,0.66102,0.75946,-2.6275,-0.47011,-0.47854,-1.8363,-0.07767,-0.71883,-1.4614,0.02337,-1.4649,-1.8393,-1.3599,-0.88371
2.241,-0.61577,-2.4167,1.0813,-0.68709,-0.31692,-0.95334,-0.22782,-0.87272,-1.4025,-1.9629,0.94728,-1.0576,-1.8574,-1.4301,-1.1175
2.1032,-0.85223,1.5682,1.0665,-0.90284,-0.3117,-0.35795,-1.1708,-0.069993,-1.4488,-1.621,0.44964,-1.3495,-1.4093,-0.90916,-0.72237
1.1455,-0.23669,0.56763,0.56878,-2.7825,-0.41136,-0.27326,-2.0439,-0.05568,-0.5886,-1.5154,-0.20029,-1.4345,-1.8352,-1.3264,-1.031
-2.4965,3.3614,0.017418,1.0009,-1.034,-1.5855,1.0898,-1.5283,-0.4349,-0.69787,-1.3979,0.12531,-1.3905,-0.7902,-0.99429,-0.74343
0.037295,1.8238,0.72188,-0.24172,-2.0366,0.055096,-0.70226,-2.3743,-0.2388,-0.64645,-1.2864,0.39619,-1.5106,-1.3155,-1.1059,-0.69078
0.60506,-0.97386,0.4769,0.8459,-3.0319,-0.4776,-0.98812,-1.7471,0.053846,-1.2794,-1.6182,0.42363,-1.8815,-1.5184,-1.0646,-0.66658
0.7686,-0.23299,0.039958,0.11084,-3.4369,-1.4165,1.4798,-2.4779,-0.4766,-0.75236,-1.4849,1.1557,-1.5911,-1.4343,-1.385,-1.0475
-1.5096,0.85277,-0.43635,0.22751,-1.5489,0.44104,-1.5457,-2.06,-0.027227,-1.0412,-1.5813,1.2612,-1.9078,-1.1832,-1.1108,-0.62486
-1.0302,3.0284,-0.83923,-0.33035,-1.8505,0.8542,-0.80285,-1.9509,-0.293,-0.86213,-1.3546,0.72177,-1.5843,-1.2402,-1.5027,-0.6159
-2.5674,0.25583,-0.80147,0.058967,-1.1852,0.14566,0.64056,-0.91457,-0.39908,-1.9277,-1.324,0.65283,-1.2412,-0.84808,-1.3731,-0.40534
0.68758,-0.61871,0.38515,0.95682,-3.4506,-0.56735,-0.96462,-1.8207,0.19275,-1.3662,-1.7992,0.36545,-2.0157,-1.4448,-1.1376,-0.64353
0.78557,2.1512,0.69663,-0.41031,0.9549,0.51394,-0.4756,-2.7908,-0.66343,-1.2453,-1.7575,0.45383,-0.89123,-1.3193,-1.4338,-1.2754
2.2418,-0.55722,1.1955,0.50516,-0.51936,-0.88932,-0.5798,-1.3271,1.1663,-1.6715,-0.51211,0.43638,-1.5878,-0.97108,-0.94214,-0.47993
-0.58017,1.8157,-0.35106,0.40774,-1.455,0.44812,-1.2247,-1.7744,-0.12168,-1.1017,-1.5188,1.0829,-1.7282,-1.2583,-1.2663,-0.71541
2.125,-0.9098,1.5634,1.0699,-0.92102,-0.30617,-0.34589,-1.169,-0.053065,-1.4543,-1.6306,0.49715,-1.376,-1.4176,-0.91711,-0.70583
0.32923,1.4541,-0.10233,-0.21276,-0.59751,0.3848,-1.1953,-2.6065,-0.75547,-1.0359,-1.4407,1.5464,-1.7547,-1.0622,-1.6265,-0.77716
-2.2025,-2.4955,-0.31251,0.085212,-1.1424,0.92849,-0.71191,-1.7973,0.51243,-0.715,-1.8782,0.77541,-1.6526,-1.0257,-0.8579,-1.0153
1.2245,-0.39861,0.65937,0.75096,-2.6266,-0.47157,-0.47998,-1.8481,-0.083288,-0.7302,-1.4681,0.036109,-1.4723,-1.829,-1.3672,-0.876
-2.9293,-2.5492,-0.81654,-0.073801,-1.3946,-0.35839,-0.13376,-2.3629,-0.57636,-1.2998,-1.4589,0.36164,-1.371,-1.2098,-1.4488,-0.67473
2.2595,-0.61867,-0.35028,-0.73084,-2.7136,0.3118,0.26047,-1.8771,-1.2647,-1.7917,-1.1115,0.46155,-1.5043,-1.12,-1.0065,-0.80701
2.4152,-0.51011,-2.9589,-0.19999,-1.2357,-0.17331,-0.12112,-1.6438,-1.0884,-1.3101,-2.4984,0.67621,-1.2209,-1.4585,-1.1683,-1.0251
1.2192,-1.0929,0.33328,-0.13476,0.27827,0.51748,0.14214,-2.4051,-0.48902,-0.90964,-1.8945,0.90837,-1.2191,-1.105,-1.6188,-1.1073
2.2473,-0.60048,-0.3706,-0.7296,-2.7504,0.30756,0.25653,-1.8729,-1.2411,-1.8024,-1.1334,0.45381,-1.5065,-1.1332,-0.92825,-0.75796
0.20723,2.5532,-0.050384,-1.0496,0.24769,0.017233,-0.53408,-3.1088,1.0781,-1.7258,-1.1576,0.395,-1.7252,-0.26301,-0.82865,-1.0115
2.1255,-0.54092,-2.074,2.1172,-0.95876,0.84179,-0.024571,-2.1139,-0.95355,-1.5261,-0.95359,0.6645,-1.151,-1.1765,-1.5249,-0.64232
-3.0381,-2.3974,-0.72219,0.29216,-1.6065,-0.46958,0.058801,-1.9161,-0.094562,-1.2021,-1.3749,1.4498,-1.2919,-1.5423,-1.0839,-1.0732
-1.6963,2.8325,0.025767,0.19777,-0.8307,-0.55651,-0.33912,-2.6871,-0.2818,-2.3166,-2.0674,-0.086064,-1.2695,-1.2012,-1.4547,-0.76044
-0.24717,0.40023,-1.8312,3.0136,-2.1777,-0.12955,0.79384,-2.496,0.44703,-0.99486,-1.5254,-0.77723,-0.80915,-2.0504,-1.1024,-1.2283
1.084,-0.71838,0.61651,1.0207,-3.3171,-0.74941,-1.4093,-1.7561,0.034833,-1.1441,-1.7457,0.69822,-0.13426,-0.52774,-1.1446,-0.67725
-2.0186,2.814,-0.23498,0.66516,-1.1495,-1.0398,-1.0977,-2.3222,-0.80747,-2.0971,-1.4733,-0.15641,-1.3928,-1.2899,-1.3141,-0.61398
1.145,-0.58859,-1.3212,2.9318,-1.324,0.39588,-0.3085,-2.5862,0.41014,-1.4497,-1.9741,0.5668,-1.5846,-1.1052,-1.0167,-0.70802
2.2309,-0.56332,-0.64948,-0.98321,-2.9505,0.2199,0.22331,-2.0816,-1.2573,-1.6532,-1.2618,0.39734,-1.3611,-1.4767,-0.36239,0.037322
-0.26132,0.77981,-0.79441,0.37748,-2.2415,1.0571,0.16291,-1.1158,0.37682,-0.69331,-1.7245,-0.036553,-1.4368,-1.396,-1.4148,-1.2855
0.94824,2.7358,-0.031052,-1.0571,0.79923,1.2901,-0.082698,-1.9303,-1.0925,-1.7739,-1.3736,0.5221,-0.65933,-1.2247,-1.591,-0.71212
-1.622,2.5449,-0.019826,0.29106,-1.049,-0.59916,-0.08918,-2.3726,-0.045677,-2.2893,-2.113,1.3763,-1.6201,-0.94166,-1.4136,-0.42278
1.3208,-0.6559,0.37416,0.80037,-2.7873,-0.24209,-0.73329,-1.2113,-0.25066,-1.5399,-1.3626,0.49108,-1.6778,-1.5196,-1.2127,-0.59614
2.1784,-0.5821,-0.41418,-0.76602,-2.8839,0.33125,0.29508,-1.9294,-1.2251,-1.8674,-1.1642,0.42656,-1.5966,-1.008,-0.84131,-0.91135
-2.4877,-2.6489,-0.46695,0.23117,-0.85365,-0.046584,-0.53651,-1.8623,-0.3653,-1.2934,-1.3053,0.75893,-1.2105,-1.487,-1.1341,-0.81748
0.72837,-0.48918,-2.2032,1.4785,-2.1023,-0.95076,-1.2136,-1.5885,0.46995,-1.0651,-3.2882,0.50898,-1.9101,-1.4687,-1.1972,-1.2129
-2.086,2.8656,-0.2187,0.6276,-1.0899,-1.0023,-1.1057,-2.3141,-0.80913,-2.0832,-1.4565,-0.10621,-1.3899,-1.2546,-1.3268,-0.6007
1.0578,-0.69776,0.55341,0.8939,-3.4331,-0.72599,-1.3183,-1.9132,0.047831,-1.1399,-1.8312,0.65883,-0.16597,-0.45129,-1.179,-0.69179
1.433,-0.64854,0.27361,0.51968,-2.8159,-0.2012,-0.55242,-1.4772,-0.37557,-1.5232,-1.4165,0.44997,-1.6879,-1.4269,-1.253,-0.60554
2.0943,-0.86358,1.5688,1.0581,-0.90204,-0.30119,-0.35762,-1.1743,-0.059154,-1.4525,-1.6205,0.46,-1.3405,-1.4242,-0.90565,-0.72726
0.10678,-0.098716,0.24363,0.59063,-3.3648,-1.8375,0.89847,-2.349,-0.30818,-1.732,-1.7074,1.2291,-1.6292,-1.4879,-1.5301,-0.8438
0.39239,0.23701,0.51072,0.9599,-3.2873,-0.35427,-0.52155,-1.7019,0.41344,-0.77676,-1.6002,-0.90429,-1.3421,-2.0486,-0.92161,-1.4939
2.1565,-0.72245,0.7291,-0.3645,-1.9239,0.10599,0.66487,-2.4067,-0.30479,-1.7027,-2.1167,0.17518,-1.736,-0.63578,-0.47992,-1.0218
1.82,-0.84124,0.75903,0.63123,-2.0811,-0.6019,-0.74004,-1.9379,-0.59826,-1.226,-1.2936,0.60974,-1.5624,-1.5977,-0.95812,-0.81876
2.0687,-0.81543,0.96767,-0.12596,-1.7355,-0.085842,0.46677,-2.4692,-0.1988,-1.5592,-2.1427,0.2101,-1.7435,-0.75212,-0.46845,-1.0214
1.1559,-0.606,0.34876,0.76724,-2.0789,-2.326,0.21998,-1.5184,0.83921,-1.6568,-0.11079,1.3253,-1.5424,-1.3955,-1.1466,-0.9023
0.92361,2.5656,0.25718,-1.067,1.3821,-0.042815,-0.64922,-2.9323,0.55059,-1.4484,-0.66973,0.33228,-1.0089,-0.95168,-1.4461,-0.85531
0.7587,-0.49212,-2.2076,1.4746,-2.0683,-0.94402,-1.21,-1.5568,0.43255,-1.0647,-3.258,0.51021,-1.8975,-1.467,-1.2069,-1.206
-0.0068823,-0.29989,-1.8374,3.1414,-2.3038,-0.98767,0.8184,-2.6789,0.19487,-1.8061,-1.7674,1.4822,-1.4914,-1.309,-1.1234,-0.90862
2.2043,-0.75624,0.83713,-0.29403,-1.7674,0.021666,0.60075,-2.4453,-0.29535,-1.6001,-2.1172,0.20172,-1.6875,-0.75513,-0.56822,-0.92796
1.1214,-0.70338,0.094891,-0.066595,-2.3053,-1.9874,0.4566,-2.6253,0.77077,-1.8258,-0.64821,0.30337,-1.4829,-1.3751,-2.4039,-0.41884
-0.057273,2.4707,-0.26717,-1.088,-0.37417,0.17476,-0.13063,-3.0177,1.4674,-1.3134,-1.4306,0.67501,-2.0746,-0.0042887,-1.4083,-0.44529
2.1951,-0.46898,-3.0513,-0.17417,-1.5916,-0.13539,-0.13044,-1.6726,-1.0414,-1.4954,-2.5042,0.64429,-1.4544,-1.1756,-0.95284,-1.4696
2.0901,-0.66543,1.136,0.26503,-1.2914,-0.33441,0.071698,-1.9535,0.1831,-1.531,-1.6368,0.15588,-1.5743,-0.98698,-0.67577,-0.92362
1.3731,-0.45599,-2.1009,1.7944,-2.016,0.63156,0.26652,-3.4931,-0.17675,-1.3493,-1.9315,0.48155,-1.6402,-0.89552,-1.3918,-0.80993
1.2961,-0.57511,-1.3295,3.1338,-0.625,-1.0761,0.57475,-2.3636,-0.36692,-1.4529,-0.87657,1.8603,-1.0084,-1.593,-1.0399,-1.0164
-0.28364,1.6801,-0.28597,0.15788,-1.1808,0.39837,-1.1976,-2.1543,-0.32647,-1.1702,-1.6063,1.1764,-1.6695,-1.241,-1.723,-0.6345
-2.5724,-1.6432,-0.93575,0.32066,-1.7689,-0.35502,0.032323,-1.6415,-0.37796,-1.683,-1.3164,0.89376,-1.2265,-1.4946,-1.3604,-0.89971
2.3595,-0.63838,-0.25307,-0.63497,-2.5309,0.28373,0.20146,-1.7798,-1.3072,-1.7326,-1.031,0.51173,-1.4263,-1.2144,-1.2335,-0.77511
-2.5507,-2.3851,-0.54935,0.31444,-1.2246,-0.46231,0.096312,-1.7491,-0.23345,-0.79823,-1.1534,2.0185,-1.2737,-1.486,-0.91304,-1.3151
-1.8589,2.8394,0.41496,0.66845,-0.42063,-0.49578,-0.1812,-2.0156,0.10337,-2.5048,-2.279,-0.33161,-1.3341,-0.90452,-1.1289,-0.64342
0.34106,1.1532,0.99102,0.38229,-1.9735,-0.30617,-2.067,-1.8033,-0.36652,-1.224,-1.254,1.5675,-0.21739,-0.25692,-1.2306,-0.18695
-2.4292,3.1635,0.30944,1.0045,-0.64701,-1.3566,1.508,-1.3412,-0.092876,-0.81657,-1.7427,0.09068,-1.45,-0.4748,-0.9127,-0.6313
-0.84993,2.4976,-0.57761,-0.49795,-1.6602,0.44317,-1.0446,-2.9124,-0.35594,-1.0378,-1.8107,1.2309,-1.9671,-0.88092,-1.6704,-0.38996
-1.4341,-1.6166,0.3765,0.012195,-2.471,0.43111,-0.7245,-1.5403,0.25394,-0.12114,-1.0849,0.65153,-1.4742,-1.2838,-0.98602,-0.54986
1.2484,-0.81966,-1.0769,-0.49812,-1.8666,0.015788,-0.21473,-3.0148,-0.93941,-1.068,-1.8262,0.73645,-1.5669,-1.5526,-0.32517,-0.5529
-2.5051,-1.6857,-0.79756,0.40928,-1.7556,-0.47016,-0.072573,-1.8434,-0.25138,-1.6558,-1.4402,1.0561,-1.2745,-1.5366,-1.3246,-0.9588
0.17876,-0.14627,-2.6156,2.6396,-2.6322,0.024379,1.107,-1.6822,-0.1557,-2.366,-1.3499,0.94127,-1.2295,-1.3206,-1.498,-0.52361
0.99768,-1.1906,1.4503,0.29254,-0.14963,0.067988,-0.55831,-1.1724,0.28746,-1.2292,-0.92283,0.81825,-1.237,-1.0163,-0.98274,-0.55111
0.40176,-0.3183,0.55292,0.49347,-3.1846,-0.36365,-1.4412,-2.0017,0.06469,-1.0577,-1.7501,0.93961,-0.2747,-0.22578,-1.3062,-0.57508
2.2303,-0.61591,-2.4435,1.0844,-0.71524,-0.34264,-0.98663,-0.23666,-0.91339,-1.383,-1.9332,0.94619,-1.0667,-1.8603,-1.4384,-1.1128
1.8491,-0.43806,-2.4014,1.4559,-1.7938,0.96659,0.50224,-3.049,-0.70015,-1.6036,-1.4671,0.57558,-1.436,-0.86343,-1.0391,-0.88779
-2.0475,3.005,-0.24626,0.78054,-1.7367,-0.93695,0.41361,-1.8596,0.10966,-0.55398,-1.3303,1.2372,-1.2288,-1.7796,-0.98176,-1.1486
0.68178,-0.60777,0.40396,0.95055,-3.4779,-0.53432,-0.95078,-1.8186,0.2207,-1.4019,-1.8351,0.34662,-2.0793,-1.422,-1.0964,-0.6486
-0.5284,1.7742,-0.58057,-0.31442,-1.7582,0.41115,-1.1486,-2.8426,-0.20103,-1.0572,-1.975,1.245,-2.0049,-1.0205,-1.6293,-0.30113
-3.1554,-0.086053,-0.60835,0.84349,-1.5713,-1.4372,1.1829,-1.4425,-0.62646,-0.028091,-0.92978,-0.0053427,-1.1363,-1.2709,-0.99908,-1.3706
0.7388,-0.23204,-2.3475,2.5812,-2.5979,0.88866,-0.076174,-2.0132,0.24308,-1.3915,-1.5685,0.46229,-1.6312,-1.163,-1.2858,-0.55718
-0.33947,-0.24501,-0.57982,1.4412,-2.7646,-1.4316,0.2293,-1.9207,0.072758,-1.4795,-1.9806,1.6679,-1.8778,-1.5311,-1.2206,-1.2833
-1.0227,0.64548,0.66296,-0.0080233,-2.0942,0.13164,-1.5849,-1.9138,-0.035462,-1.2839,-1.3487,1.1523,-1.9577,-1.0074,-0.99961,-0.084113
-1.0504,2.9681,-0.34642,0.092473,-1.3505,1.1772,-1.0368,-1.2848,0.25182,-1.5957,-1.7344,0.72557,-1.7792,-0.87463,-1.3705,-0.66522
-0.68578,1.697,0.67428,0.90386,0.77721,-1.0515,-0.07822,-1.669,-1.0989,-2.0999,-1.5458,-0.54101,-1.1238,-0.7319,-1.1418,-0.45849
2.1791,-0.58456,-0.40398,-0.74503,-2.8693,0.32791,0.28076,-1.9054,-1.2228,-1.8657,-1.1547,0.43182,-1.59,-1.0198,-0.84942,-0.90548
0.55178,0.039464,-1.4893,2.9183,-1.79,0.57128,-0.23474,-2.802,0.75407,-1.5012,-2.1908,-0.51783,-1.3855,-1.2762,-0.84434,-1.4234
1.3888,-0.60858,-0.18942,-0.42598,-3.4922,-1.1492,-0.73283,-2.9454,1.2127,-1.0738,-1.0701,0.2303,-0.58793,0.080358,-1.7821,-0.66211
-1.4299,1.9172,-0.015237,0.71529,-1.3405,-0.65007,-0.085961,-1.9203,0.20921,-2.018,-2.1133,1.8439,-1.8579,-0.84783,-1.2099,-0.3524
-0.85329,-1.9697,-0.77915,-1.123,-0.85638,0.72543,-0.58394,-3.093,-1.0208,-0.61848,-1.1926,1.2368,-1.4584,-0.98014,-0.61203,-1.4077
2.088,-0.039798,1.1048,-0.3153,-1.1759,-0.068975,0.33841,-2.4647,-0.41171,-1.5083,-2.0097,0.3044,-1.515,-0.89737,-0.76829,-0.50431
-1.06,3.4767,-0.33487,0.0014527,-1.1515,1.6133,0.12598,-0.68926,0.54823,-1.037,-1.6789,-0.018175,-1.2646,-1.0526,-1.0762,-0.79352
-0.49497,-0.48497,-0.61359,1.3621,-2.6377,-1.2017,-0.31472,-2.1417,-0.031015,-2.1467,-2.1085,0.58126,-1.7281,-1.7515,-1.4987,-0.82449
2.227,-0.80608,-0.031284,-0.69925,-2.13,-1.0658,-0.32728,-2.9071,0.43187,-1.4409,-0.45521,0.25969,-1.8528,-0.88175,-0.78023,-0.89906
1.0875,-1.2707,0.32274,-0.92235,-0.89984,-0.57531,-0.76169,-2.4657,0.34358,-0.92502,0.14766,0.80412,-1.415,-0.93505,-1.3645,-0.63703
-0.78076,2.2904,-0.84461,-0.20476,-1.8562,0.53615,-0.98276,-2.1671,-0.084277,-0.82428,-1.7629,0.82272,-1.5169,-1.5994,-1.0197,0.25801
1.2026,-0.5211,-2.5547,1.1155,-1.7042,-1.0887,-1.2578,-1.2891,0.7149,-1.2404,-2.3562,0.53285,-1.7751,-1.4125,-1.3311,-1.1487
-0.61712,0.22805,-0.88751,-1.3523,-0.78681,0.93522,-0.65302,-2.8946,-1.2656,-1.1813,-1.0721,0.92644,-1.3034,-1.0032,-0.6071,-1.3875
0.11058,-0.92861,-0.36229,0.29605,-1.4134,0.13306,-0.7445,-2.4265,-0.30849,-0.78866,-1.726,0.98222,-1.6377,-1.3556,-1.4632,-1.0525
0.63515,-0.037211,-2.4408,1.1786,-1.6336,-1.5071,-0.83433,-1.9801,-0.9205,-0.17466,-3.1139,-1.3568,-2.2587,-0.21888,-1.5858,-1.3513
-0.72712,-1.6582,-0.10398,0.23593,-2.4162,-1.7122,-0.094478,-1.6955,0.99619,-2.1332,-0.37944,-0.28112,-1.631,-1.0604,-1.3506,-0.12193
1.1917,2.6968,-0.44636,-1.5259,1.0865,0.69019,-0.21446,-2.0316,0.17502,-1.9332,-0.27604,0.31693,-0.81691,-0.85919,-1.7029,-0.68052
1.2782,-0.55343,-2.4611,1.6529,-1.0419,-1.3039,-1.1651,-0.49343,-1.3566,-0.58696,-2.4098,-0.33076,-2.2482,-0.18636,-1.427,-0.67225
2.0939,-0.8436,1.2394,0.42022,-1.3642,-0.20064,0.097594,-1.8891,-0.14546,-1.5024,-1.9141,0.32032,-1.5876,-1.0346,-0.66954,-0.87791
-1.6531,1.3152,-0.60595,1.5682,-2.3435,-2.1651,1.1662,-1.5615,-0.66357,-0.36333,-1.2058,-0.3649,-1.3343,-1.5317,-1.1303,-1.421
1.0009,-0.59381,0.25904,0.28999,-3.4242,-0.47608,-0.44598,-2.5551,-0.034723,-1.1681,-1.9708,0.27448,-1.997,-1.2796,-1.5306,-0.69805
-0.0096866,-0.26851,-0.54361,1.3658,-2.3775,-1.2471,0.38792,-1.6011,-0.11143,-1.5793,-1.7992,1.7173,-1.7063,-1.5434,-1.2445,-1.2597
0.74204,-0.60724,0.37236,0.82283,-3.4482,-0.53639,-0.83805,-1.9711,0.18228,-1.3478,-1.8748,0.33317,-2.0239,-1.3864,-1.2233,-0.65157
0.76674,0.22348,0.30351,0.28512,-3.6813,-0.48434,-0.41844,-2.424,0.1777,-0.1121,-1.8143,-0.3844,0.13788,-1.0024,-1.18,-0.92472
2.119,-0.66892,1.1265,0.22786,-1.2507,-0.36478,0.038485,-1.9699,0.21067,-1.5723,-1.5988,0.26183,-1.6125,-0.90678,-0.67519,-0.8463
0.80354,-0.41238,0.41184,0.95914,-3.3014,-0.31946,-0.38081,-1.3854,0.29256,-0.71145,-1.5712,0.22128,-1.8222,-1.5729,-1.1011,-0.60275
1.016,1.1569,0.6732,-0.10929,0.68777,0.3985,-0.49941,-2.5169,-0.50515,-1.248,-1.9371,1.4638,-1.491,-0.85713,-1.504,-0.56109
-1.8162,-2.5814,0.11818,0.11666,-0.35228,1.0948,-0.39822,-1.5771,0.62055,-0.86523,-2.0269,0.74855,-1.5124,-0.88155,-0.77509,-1.021
-0.12041,-0.88584,-0.51135,1.0065,-2.3659,-0.074235,-0.96807,-1.939,0.2487,-1.1989,-2.0831,0.677,-2.0381,-1.408,-1.1398,-0.95422
2.1124,-0.76021,0.88279,-0.23568,-1.8335,-0.040579,0.55849,-2.5316,-0.23013,-1.6036,-2.1718,0.18558,-1.7687,-0.68983,-0.45128,-1.0399
2.1588,-0.79465,1.4369,0.88909,-0.78565,-0.5026,-0.41372,-1.2113,0.3502,-1.5069,-1.2625,0.4728,-1.4503,-1.2547,-0.9404,-0.62201
1.4332,-0.03516,1.6763,0.64403,-0.39281,0.046911,-0.66751,-1.2126,-0.14483,-1.4399,-1.4447,0.97634,-1.3945,-1.11,-0.99142,-0.44529
0.97844,-0.33472,-2.4891,1.4503,-1.5484,-1.683,0.20631,-0.63526,-0.48705,-1.5181,-2.3259,1.7346,-1.2195,-1.7768,-1.3295,-1.4075
