3.1393,-0.74405,2.3119,1.5028,1.3896,1.3347,-0.66826,0.5956,0.16915,1.5863,0.44016,-0.2053,-0.09114,-0.10958,-0.33378,-0.1124
-3.9436,4.7264,1.0764,0.091137,0.67374,0.26292,-1.3214,-0.38346,0.36953,-0.58639,-0.16951,-1.4353,-2.3357,-1.1714,-0.22498,-0.31678
3.1189,0.21848,-5.9308,0.050959,-1.0418,1.1945,-0.21759,0.14335,-0.18214,-0.48421,-0.65448,-0.42399,-0.1753,0.19205,-0.50601,0.25365
-1.5606,4.9608,1.1298,1.7603,-1.1674,0.11635,1.2256,1.4499,1.2397,-1.4606,-1.5936,-0.67446,-0.15736,-1.6379,-0.59262,-0.20981
1.0457,-0.51754,2.0532,-5.2489,0.56223,1.7854,1.0949,0.26906,0.17477,-0.8686,0.21528,-0.17836,0.088875,-0.37137,-0.0027823,-0.07035
3.0998,-0.42044,2.3203,1.5628,1.3337,1.6322,-0.53102,0.54265,0.26096,1.648,0.66957,-0.2546,-0.12071,-0.14245,-0.35935,-0.076948
-1.913,0.32179,-1.6776,-0.59907,3.6115,-2.0935,-1.0622,1.0964,1.3741,-0.9978,0.097537,0.50472,1.6233,0.80101,-0.035888,1.3366
2.9558,-0.76079,2.8977,1.2427,1.5479,0.08413,-0.14275,0.14476,-0.90036,0.5254,-0.31012,-0.28137,-0.29937,0.023055,-0.18061,0.0093448
2.6181,0.16321,-3.0343,0.33899,0.80763,-3.0655,1.2227,0.57866,1.1981,-1.2674,0.69104,-0.76776,0.13393,-0.79567,-0.56246,0.25241
1.2054,-0.31432,1.2444,-2.3238,-0.2676,-0.61483,-0.86603,0.31763,0.25504,0.98585,-1.7329,-0.25109,0.025192,-0.39899,0.23584,-0.022758
2.3,-0.026846,-2.2521,0.47102,1.5867,-2.1956,1.3037,-0.27893,2.3554,-1.5695,-0.57982,-0.52809,-0.00051652,-0.74,-1.1102,0.66675
0.27422,0.226,-0.59093,-1.6065,-0.30508,-0.86392,-0.0039885,0.38105,1.2733,-0.24566,-2.22,-0.2053,-0.16817,-1.2389,-0.065968,-1.798
1.1732,-0.32646,1.335,-2.289,-0.03126,-0.54485,-0.83932,0.31517,0.11447,1.1312,-1.6952,-0.21254,-0.004967,-0.36441,0.38698,-0.065458
3.101,-0.57722,2.321,0.8533,-0.27099,-0.31233,-0.29661,0.19898,0.42871,-0.80055,-0.70802,-0.5264,0.10989,-0.50634,-1.0859,0.42631
2.4405,-0.88049,0.53551,-1.2494,-2.0989,-0.92812,0.21728,-1.5999,0.87538,0.32707,-1.1148,0.022542,-0.17076,-0.52005,-0.58128,0.69031
-6.0876,-3.7037,0.21447,1.0345,-0.22786,0.019676,0.0053904,0.54159,0.085168,-0.34958,-0.097064,-0.66112,-0.16241,-0.1453,0.050796,0.06144
1.1026,0.43578,-4.0202,-1.0289,1.6563,0.47616,-0.14979,-0.21645,-1.9395,-0.41551,-2.0869,-0.14783,0.57153,-0.90858,0.035528,0.53431
3.0995,-0.74874,2.7831,1.3449,1.2082,0.050991,-0.14363,0.022092,-0.64524,0.19864,-0.42187,-0.14116,-0.099939,-0.10271,-0.076351,-0.039859
0.015398,-0.28886,2.0634,-5.1954,0.97724,1.5382,-1.0105,-0.51007,0.1631,-1.4277,1.1928,-0.018464,-1.4683,-0.51166,0.082549,0.030771
1.6927,0.17187,-2.9449,-0.80243,1.4911,-2.643,1.0792,0.263,1.5134,-0.60602,-0.24491,-0.39164,0.023667,-0.71748,0.0057478,0.18941
3.1945,-0.52573,-0.019205,-0.44865,-1.8247,1.3289,-0.81935,-0.76154,2.685,1.8618,0.075279,0.023749,0.22906,-0.78465,-0.97122,0.37669
2.8789,1.0363,2.756,1.9167,0.11716,0.26168,0.23507,-0.29618,-0.025685,-0.44685,-0.60354,-0.17004,0.38181,0.36371,0.34775,0.41198
-0.15174,0.049982,1.6247,-2.5902,0.75785,-0.57944,-3.0676,-0.28683,0.21981,0.40568,-0.67002,0.65315,-1.6592,-0.32204,0.00025915,0.31866
3.3033,-0.32206,0.0020435,-1.015,-2.6439,-1.6662,-0.04666,-0.53717,-0.14075,0.19919,0.033582,-0.25758,0.0087216,-0.35335,0.064612,0.024021
-0.44264,0.39367,-1.1873,-2.0028,0.91275,1.4132,-1.2613,1.4476,2.2379,2.7179,-0.91434,0.69809,-0.22003,-0.73572,-0.7762,-1.8718
1.1048,-0.53474,2.0311,-4.8462,0.69132,1.5731,0.95773,0.1301,0.011471,-0.44968,0.077574,-0.16854,-0.02041,-0.28034,0.001586,-0.04595
-2.5839,-2.2685,0.052828,-0.82194,-4.2584,-1.0111,1.297,1.6757,-0.11725,0.1749,0.13222,1.2379,0.13979,-1.0434,1.2922,1.896
3.3379,0.13254,-5.2201,0.42135,-0.5381,0.31852,0.54439,-0.42742,-1.6575,-1.8094,-1.5933,0.070577,-0.65134,1.8767,0.93363,-0.51587
2.0292,-0.037378,-5.1583,0.091948,-0.025666,1.5045,-0.50821,0.62172,0.068755,-0.32227,-1.0702,1.4179,0.015385,-1.0745,0.82048,0.74394
0.0022139,0.66676,-2.2862,-1.5963,2.9065,-2.691,-0.12819,2.7708,0.66922,-0.10668,-0.30091,-0.38271,0.42743,-0.31047,-0.19165,0.03105
0.8376,0.18989,-2.408,-0.39571,3.0838,-2.6723,0.0049151,1.0297,-0.1399,-0.1584,1.0563,-0.94404,0.35061,-0.33556,0.38041,-0.37585
3.2311,-0.30542,-0.02444,-1.1131,-2.6899,-1.7106,-0.091502,-0.49198,-0.12736,0.211,0.029988,-0.3411,0.0060933,-0.33924,-0.15979,0.080582
1.0319,-0.86742,2.7129,2.5844,-0.056377,0.6465,1.1771,0.33678,-0.52748,0.44015,0.22757,0.42161,-0.58839,-0.46987,0.23654,1.3477
-0.20086,-2.3302,-2.1262,0.3449,-2.7506,-0.63717,1.6923,-0.48421,0.78968,0.48272,0.5201,0.3366,-0.20453,-0.95653,-0.6583,-0.94033
3.3586,1.3332,1.5055,1.6157,-1.8927,-0.97144,0.0055899,0.69167,-0.57882,-0.85013,0.50465,-0.65115,0.25188,-0.277,0.3292,0.046705
-5.6889,-1.6841,-1.1899,-0.72884,-1.1549,-1.1093,-0.74736,0.080714,-0.85952,0.3073,1.0927,0.12938,-0.029114,-0.17754,0.82961,-0.51407
0.63249,0.22042,-1.9615,-0.948,2.4757,-2.0012,0.31044,1.4047,2.4111,-1.2286,-1.6046,-0.57579,0.39055,-0.978,-0.17383,0.186
1.8161,-0.0046944,0.67053,-2.0112,-1.7925,-1.238,-1.0221,0.37594,0.92413,-0.082531,-1.4393,1.0135,0.2613,-0.66628,0.1916,0.34694
1.2953,-0.39199,1.2564,-2.1639,0.012251,-0.69762,-0.71133,0.24374,-0.3512,1.4137,-1.2086,-0.27974,-0.11025,-0.29999,0.15672,-0.021787
2.946,-0.25382,0.17487,-1.2349,-2.3501,-1.5277,-0.26824,-0.31777,0.02474,0.19483,-0.29468,0.055148,0.035896,-0.27892,0.11666,0.044247
0.24225,-1.0466,1.6059,-2.1269,0.32402,-0.28017,-0.64271,0.27742,-0.030816,1.4937,-1.7522,-0.079795,-0.12829,-0.12956,-0.22325,0.34163
-3.2096,-0.99566,-0.19508,-1.5028,0.78763,-0.72948,-1.9503,0.4719,0.44267,-0.19874,-0.62656,1.9403,-2.0242,-0.39954,-0.57458,-0.82515
-1.4544,3.8275,1.8175,-1.4648,-1.4198,0.31817,0.89949,-0.43613,0.34955,1.5302,-1.7867,-0.43602,-0.61064,-0.87754,0.31086,1.6103
-0.16965,0.17007,-2.278,-2.4555,3.3538,-1.8921,0.55062,0.55597,1.561,0.61655,-1.5557,-0.52943,-0.20337,-0.38597,-0.1429,0.17535
-0.52747,-3.2082,1.3731,3.6845,-3.2875,-0.55321,2.1791,1.2886,-1.0842,-0.57865,1.4461,0.99888,-0.037748,-0.80095,1.3461,1.7741
1.2905,-0.013836,1.599,-1.8172,0.20939,-0.36619,-0.73338,0.014963,0.24396,1.0028,-1.634,0.78508,0.2107,0.086503,0.63192,0.2592
3.9309,-0.41169,-0.71831,-0.055066,-2.4005,0.63868,-0.66124,-0.074642,1.3471,2.1352,1.4705,0.21938,0.37449,-0.88009,0.84902,-0.39045
1.5545,-0.24259,1.0786,-2.0449,-1.0599,-0.6491,-0.89057,0.2117,1.0961,0.10876,-2.1254,0.36841,0.30921,-0.80364,0.94,-0.026113
2.9868,0.16335,-5.0802,-0.0094836,-0.58027,-0.072396,0.42423,-0.33893,-1.5498,-1.5693,-1.3895,-0.37414,-0.50182,0.18859,0.23642,0.22161
2.1116,0.14343,-1.6117,-0.45569,-1.8965,-1.9106,0.87898,-0.4056,0.14958,-0.28669,-0.076565,-0.56421,-0.52431,-1.2904,-0.7267,-2.4166
0.40212,-0.15306,1.3719,-2.2611,0.48598,-0.69595,-2.6146,-0.64651,-0.23953,0.61601,-0.16519,-0.23938,-1.6831,-0.48423,0.29914,0.044605
3.0684,-0.54064,2.167,0.81407,-0.73883,-0.43059,-0.32416,0.22171,0.70778,-1.0763,-0.78667,-0.57723,0.23436,-0.61025,-1.2899,0.54786
2.5062,0.10222,-2.7788,0.36783,0.9721,-2.767,1.2358,0.25018,1.7408,-1.4755,0.16622,-0.69189,0.11521,-0.8157,-0.84238,0.44162
0.7647,-0.58604,2.1117,-5.3839,0.77112,1.8123,1.0408,0.42493,0.0077012,-0.66073,0.22566,-0.23938,0.055572,-0.28441,-0.11903,-0.058325
3.203,-0.37511,0.16623,-2.7637,-2.6449,-0.71233,0.878,-0.53876,-0.080292,-0.7033,1.0008,-0.32234,0.13023,-0.73198,-0.18779,0.18032
0.85554,-0.49996,2.071,-5.1898,0.7843,1.6435,0.88368,0.37325,0.006518,-0.47537,0.057143,-0.25217,0.025395,-0.28863,-0.082782,-0.06693
3.0953,0.10593,-4.8921,0.18841,-0.3122,-0.036202,0.55145,-0.46508,-1.6452,-1.434,-1.2637,-0.23757,-0.46256,-0.4806,0.81799,0.28126
2.1196,0.0045836,-4.0779,-0.34521,1.931,0.35205,0.46592,-0.21109,-2.9449,0.27765,-0.98233,-0.42528,-0.86645,-0.57297,0.81344,0.33486
3.3123,-0.32637,0.014754,-0.9986,-2.6218,-1.6601,-0.037054,-0.54596,-0.15094,0.20942,0.041608,-0.24525,0.0092376,-0.38407,0.1091,0.021972
0.94466,-0.46927,0.91738,-2.4694,-1.4369,-0.73087,-0.77445,0.28704,1.29,0.32916,-2.3691,0.3672,0.36688,-0.95833,0.50701,0.47704
-1.8999,0.78587,-0.15694,-2.3205,1.3636,-0.66622,-2.4751,-0.57354,0.69575,-0.13664,-0.85501,-0.15285,-1.9176,-0.6526,-0.028033,-1.5716
-0.10765,-0.82489,1.6989,-4.2303,0.35206,0.62281,-0.11078,0.67135,0.19733,0.5951,-1.2461,-0.21663,0.12433,-0.28312,-0.27619,0.26169
-0.87001,5.2948,0.056987,1.1771,-1.9568,0.094001,2.8954,-2.0588,0.96886,0.10723,-0.92617,-0.46174,-0.19357,-0.46947,-0.51323,0.56138
3.2957,0.040517,-4.7536,0.50909,0.0056998,0.14286,0.7083,-0.60133,-1.8185,-1.3451,-1.2028,0.033131,-0.49646,-0.46769,1.5765,0.071968
0.42742,-0.33046,1.7452,-4.447,0.55074,0.62611,-0.20677,0.59323,0.21315,0.5334,-1.2202,-0.42383,0.08313,-0.36063,-0.19302,0.076591
0.66648,0.22555,-1.9544,-0.9108,2.2915,-1.9491,0.29357,1.3204,2.7676,-1.5008,-1.8455,-0.46063,0.4606,-1.0854,-0.12258,0.23828
-2.7743,5.3687,-0.27432,-0.77816,-1.7731,-0.33174,1.5566,0.4164,0.6478,0.48768,-1.5247,0.25245,-0.42656,-1.1555,0.49726,-0.11276
-3.1501,4.8161,0.40275,-1.1013,-0.12887,0.31042,1.6619,0.0077471,0.19516,1.489,-1.9126,-0.79826,-1.2593,-1.1195,-0.33882,-0.29443
3.033,-0.67469,2.5755,1.087,0.59037,-0.17409,-0.26805,0.16597,-0.21527,-0.11932,-0.55807,-0.40371,-0.079677,-0.2642,-0.65871,0.22124
0.97491,-0.53375,2.1321,-5.2686,0.8313,1.8273,1.1076,0.2862,-0.049173,-0.64349,0.31214,-0.21154,0.0083336,-0.25884,-0.051451,-0.087214
2.789,-0.22424,0.21713,-1.4005,-2.3741,-1.6096,-0.35646,-0.2451,0.13984,0.19956,-0.33953,0.004097,0.091014,-0.66514,-0.087544,0.23765
-2.1278,-3.0114,-1.1427,1.2267,-2.8184,-0.6071,2.8293,-1.0176,0.84267,-0.23498,-0.50705,0.76552,-0.82004,-0.82876,-0.72109,0.33654
2.9825,-0.45572,2.645,1.3801,1.4297,0.90806,-0.26864,0.3269,-0.3322,1.0377,0.22908,-0.27837,-0.15493,-0.015358,-0.25652,0.0078883
0.22199,-0.40533,1.4784,-2.7336,0.28286,-0.33332,-0.79992,0.20455,0.097488,1.6393,-1.9747,-0.22613,-0.14118,-0.21009,-0.14381,0.28834
1.1151,-0.32882,1.2778,-2.3438,-0.17711,-0.60578,-0.89146,0.38524,0.19395,1.0478,-1.7163,-0.16409,0.017052,-0.38798,0.2817,-0.01732
2.294,0.13137,-2.9382,-0.022745,2.0233,-2.542,1.56,-0.29449,0.56748,-0.19173,0.42579,0.13804,0.40427,-0.67089,0.84602,-0.25736
2.1092,0.090609,-2.4825,0.21201,2.1644,-2.593,1.156,0.7546,0.69296,-0.55185,0.50634,-0.61899,-0.056615,-0.51358,-0.024275,0.023727
1.0907,0.059376,-2.3716,-0.84425,2.4049,-1.9754,0.83588,-0.65136,2.0411,-0.81328,-1.2328,0.17554,0.8256,-1.0112,-0.66046,0.13552
-1.6094,0.85093,-1.7093,-1.1997,3.6113,-2.1935,-1.721,1.3043,1.5135,-1.0546,0.046454,-0.22756,0.77708,0.6709,0.37588,0.74933
3.1618,-0.31823,0.059392,-1.1383,-2.5118,-1.7362,-0.092872,-0.53034,-0.25302,0.36003,0.1233,-0.34821,0.073854,-0.6662,-0.17878,0.15181
3.0275,-0.66188,2.6372,1.0086,0.68494,-0.061881,-0.17028,0.19028,-0.27418,-0.14636,-0.44344,-0.40816,-0.11508,-0.21548,-0.59483,0.20918
3.7428,-0.35056,-0.86607,-0.37484,-2.7072,0.47496,-0.8007,0.029798,1.5096,2.0643,1.4049,-0.021306,0.39808,-0.85848,0.15415,-0.20567
3.1527,-0.71076,2.5595,1.3141,0.80383,0.12568,-0.27503,0.097223,-0.23329,0.11283,-0.39254,-0.18718,0.028682,-0.23692,-0.32266,0.025676
1.3885,0.53598,-4.6383,-1.4444,-0.066101,-0.096907,-0.55632,0.58402,-0.6059,-1.5633,-2.5006,0.6898,-0.14263,-1.2592,0.30531,0.89639
1.4644,-0.34084,1.1685,-2.0995,-0.20099,-0.73496,-0.70243,0.18194,-0.22897,1.2337,-1.2305,-0.23368,-0.058456,-0.29053,0.21502,-0.063519
-1.0277,-0.59066,-0.32802,-0.068987,-0.69202,-0.34322,1.3169,0.012584,0.95597,-0.12458,-1.6202,0.82393,-0.65477,-1.0491,0.46016,-0.86643
-1.108,5.206,0.10546,1.1592,-1.8206,0.23982,3.1428,-2.1508,0.79724,0.31956,-0.83581,-0.33718,-0.37675,-0.45317,-0.37372,0.60909
1.7271,0.086163,0.6973,-1.5093,-1.4637,-1.2341,-2.0151,-0.45816,0.64834,-0.59519,-0.31468,1.5096,-0.84058,-0.67428,1.0327,0.1866
3.3782,-0.36372,0.12801,-0.86429,-2.4069,-1.6028,0.042571,-0.6179,-0.26232,0.31789,0.1169,-0.14204,0.0092014,-0.61944,0.47532,-0.0030351
1.5211,-0.58046,0.64998,-1.3042,-1.8519,-1.1956,-0.75394,0.44881,0.53206,-0.031009,-0.99137,2.2978,0.1894,-0.26687,0.86697,0.4375
0.79836,-0.4358,1.9433,-5.5421,0.2355,1.6978,0.87083,0.57925,0.52149,-1.1411,-0.081973,-0.20534,0.28681,-0.5569,0.019755,-0.064884
-0.59499,-1.4849,1.5331,-2.3715,0.068715,-0.28443,-0.74056,0.68334,0.12076,1.4662,-2.0111,-0.17684,0.0053043,-0.21474,-0.44135,0.47353
0.066432,0.73731,-1.628,-0.95195,3.7634,-1.9223,0.38457,1.4475,1.3119,-0.21403,-0.99288,-0.69093,1.0731,-0.043822,-0.58807,0.61122
2.1436,0.17922,-2.0015,-0.68967,-2.2445,-1.7584,0.86978,-0.59483,0.26061,-0.35497,-0.35892,-0.3416,-0.56958,0.1581,-0.58318,-2.0838
4.4728,-0.46802,0.47642,2.0358,-1.5064,0.94894,-0.99248,1.4638,1.0614,1.0025,1.859,-0.037605,0.7329,-0.99029,0.88373,-0.64548
2.9477,0.18975,-5.1605,-0.10048,-0.75371,-0.12322,0.36964,-0.29699,-1.4491,-1.6628,-1.444,-0.44423,-0.48602,0.28941,-0.010921,0.25519
-0.050309,0.20617,-3.4628,-2.18,2.4471,0.93741,-0.72116,0.79172,-1.0924,-0.20964,-3.4322,-0.7878,-0.43608,-0.94673,-0.32518,0.73132
2.4771,-0.033294,-4.2051,-0.0077678,1.8791,0.24235,0.64327,-0.51195,-3.3568,0.3566,-0.52586,-0.27346,-0.72507,-0.58717,0.91161,0.19103
-1.6512,1.2116,1.4897,-2.8715,0.4882,-0.56113,-3.8069,-1.1341,0.32105,0.24198,-0.2268,0.52152,-0.80303,0.19668,0.54965,0.6093
-0.68459,0.51209,-3.0622,-2.4794,2.5437,-2.9673,-1.1674,1.0887,0.61647,-0.048199,0.59728,-1.0934,-0.46029,-0.3871,0.67275,-0.13156
3.1456,-0.31117,-0.12035,-1.6486,-2.8068,-1.6442,0.1145,-0.72438,-0.055936,0.22033,0.1838,-0.3259,0.0085762,-0.68165,-0.15263,0.21427
3,-0.69126,2.7477,1.06,1.0012,0.028578,-0.12907,0.17665,-0.48696,0.060053,-0.37313,-0.36664,-0.18725,-0.12204,-0.44434,0.14377
3.0785,-0.65237,2.4338,1.07,0.32263,-0.1416,-0.32841,0.20068,0.054417,-0.20432,-0.57811,-0.42389,0.014551,-0.37694,-0.81938,0.26329
-2.4919,-1.8691,1.1179,-0.94661,-2.3751,-0.10116,1.0221,0.41825,0.72794,0.77103,-1.5867,0.84577,-0.30461,-0.85932,0.62114,2.1552
2.8966,0.17596,2.2731,0.93607,-0.76552,-0.33714,-0.2118,0.12321,0.67054,-1.023,-0.72755,-0.63243,0.49296,-0.39039,-1.1999,0.74409
-5.0737,5.7674,0.59808,-0.39599,0.53102,0.011458,-1.8746,-1.7568,-0.13994,-0.36835,0.44557,1.4386,0.084792,-0.32329,-0.27919,-0.034091
1.0584,-0.5125,2.0561,-5.2307,0.56745,1.7873,1.1087,0.24962,0.16282,-0.86063,0.23267,-0.17643,0.091982,-0.35463,-0.0074575,-0.062345
2.5061,-0.034664,-4.1894,-0.017465,1.84,0.24866,0.6792,-0.40258,-3.2802,0.36539,-0.54566,-0.37176,-0.92814,-0.51521,1.0067,0.25754
-1.3046,-3.0661,-0.067004,1.1959,-4.6387,-1.0382,2.3181,-0.089065,-0.57781,0.39861,0.92392,0.96367,-0.38915,-0.32635,0.35954,2.1808
2.0648,0.15213,-1.781,-0.71433,-2.0552,-1.9093,0.89821,-0.61372,0.23472,-0.16353,-0.16692,-0.45755,-0.46652,-1.103,-0.49671,-1.7019
3.1175,-0.18215,2.0328,1.7944,1.2054,2.3668,-0.73929,0.71346,0.82654,2.25,1.1179,-0.23772,0.011634,-0.20106,-0.44879,-0.084012
0.38674,1.0707,1.1332,-2.5785,-0.96271,-0.56978,-1.0951,0.62292,0.99818,0.5081,-2.2387,1.3771,0.90973,0.86311,0.49194,0.69816
1.3603,2.8689,0.47932,0.13752,-3.6001,-1.0586,1.5233,-0.73982,-0.38464,0.56356,0.44067,-0.31714,-0.2277,-0.6139,0.37704,1.3429
2.6236,-0.1718,0.30087,-1.4433,-2.2057,-1.391,-0.506,-0.095903,0.33297,0.045592,-0.70895,0.41551,0.090838,-0.16558,0.1989,0.051908
-0.90656,1.0065,0.028273,-2.036,1.1392,-0.49185,-0.078957,0.71351,0.5128,0.88477,-2.1239,-0.44912,0.56021,-0.0076544,-0.28058,-1.374
-0.24092,0.19092,-0.15468,-3.4807,0.36358,0.38435,0.78658,0.52365,1.2762,-0.86402,-1.6673,-0.11537,-0.16604,-1.1206,-0.19192,-1.8333
1.9129,0.15652,-1.4331,-0.50147,-1.5075,-1.6685,0.7537,-0.28403,0.15268,-0.19517,-0.31346,-0.25803,-0.45375,-0.88874,-0.26297,-1.8455
-3.242,-1.44,-0.23646,-1.4326,-1.5232,0.89537,2.9839,0.50774,1.0352,-1.0006,-0.6423,0.72939,-0.63964,-1.3634,0.2928,0.001438
3.3208,-0.25049,-0.35015,-1.0986,-3.0551,-1.5426,-0.17712,-0.39875,-0.020633,-0.14277,-0.25771,-0.24509,-0.10824,1.4009,-0.45635,-0.40493
-2.722,4.9819,0.057175,-0.83123,-1.2012,0.08421,1.6679,-0.048626,0.88961,0.62394,-2.0435,-0.35477,-0.87668,-1.4323,0.16102,-0.2465
3.2776,-0.3141,-0.019636,-1.0505,-2.6625,-1.67,-0.066663,-0.51407,-0.14404,0.19838,0.022106,-0.28357,-0.0028886,-0.24866,-0.031472,0.016422
3.8424,-0.74529,1.7865,1.9989,-0.16904,1.3185,-0.60648,0.33235,1.474,0.38764,0.10941,0.16971,0.35278,-0.63674,0.32201,-0.1552
3.2643,-0.31321,-0.010495,-1.0683,-2.6731,-1.6958,-0.071042,-0.5177,-0.12821,0.20285,0.033823,-0.30213,0.017127,-0.38258,-0.055908,0.063508
-3.3189,-3.2364,-0.41273,1.0568,-1.4803,0.02668,2.3677,0.065098,0.74725,-0.0055419,-1.318,1.1889,-0.56808,-0.89548,0.6574,-0.1296
2.8589,0.18328,-5.0579,-0.18881,-0.68348,-0.24206,0.36587,-0.30239,-1.4467,-1.5377,-1.3377,-0.55463,-0.4271,-0.4614,-0.078783,0.51757
3.1872,-0.30068,-0.0026185,-1.1746,-2.7284,-1.7874,-0.10756,-0.49149,-0.07752,0.22379,0.060328,-0.40669,0.052902,-0.70396,-0.25127,0.21974
1.8317,-0.36649,1.0368,-1.8244,-0.42774,-0.85687,-0.51686,0.036898,-0.39061,1.2124,-0.89423,-0.22226,-0.13033,-0.30102,0.37892,-0.079846
2.8631,-0.48984,0.62829,-1.432,-1.9684,-0.89447,0.1534,-1.4635,0.82773,0.11017,-0.93729,-0.11003,-0.15569,-0.57451,-0.61193,0.63171
3.1855,-0.30342,0.0078457,-1.1699,-2.6988,-1.7792,-0.10273,-0.48923,-0.098193,0.2449,0.068297,-0.40513,0.041141,-0.6928,-0.23319,0.21511
2.1362,-0.24656,0.65001,-1.7566,-1.7202,-1.0816,-0.63169,-0.015642,0.68087,0.12419,-1.3343,0.099486,0.20694,-0.65959,0.41059,0.06448
3.2557,-0.32106,0.023773,-1.059,-2.5931,-1.6843,-0.05868,-0.51872,-0.18039,0.26256,0.062524,-0.30025,0.00061565,-0.4222,-0.010713,0.067455
-1.8358,4.8516,-0.092055,0.11064,-1.9253,0.063072,2.3715,-1.0796,1.1997,0.22125,-1.6912,-0.21013,-0.60161,-1.2295,0.016567,0.21331
-4.9592,-3.2114,-0.64564,1.6324,-2.4263,-0.84482,-0.03353,0.78418,0.93027,-1.8835,0.25586,1.7284,0.27529,-0.44453,0.3624,0.37726
1.0228,-0.31046,1.3938,-2.4024,0.24755,-0.55483,-0.85725,0.39139,-0.19035,1.4436,-1.5322,-0.3459,-0.094706,-0.18448,0.11227,-0.025053
0.011048,-1.1864,1.4249,-2.432,0.16941,-0.29898,-0.55593,0.10814,0.0088371,1.6726,-1.838,-0.12122,-0.17388,-0.13362,-0.12098,0.34144
-1.2027,0.49796,-2.6293,-2.3911,3.1069,-2.549,-1.8304,0.35246,1.2183,-0.49803,0.37686,-0.82266,-0.93785,-0.3068,0.57549,0.12324
3.0003,-0.724,2.6788,1.1607,0.90865,-0.078626,-0.21532,0.15675,-0.45738,0.095471,-0.47082,-0.34352,-0.15023,-0.13629,-0.47253,0.13436
0.36983,-0.24942,1.4508,-3.1676,0.36602,-0.44493,-1.0993,0.42227,0.23962,1.6176,-2.2224,-0.43708,-0.044634,-0.30573,-0.21268,0.27712
-0.33275,0.19342,-2.0829,-2.4023,3.4812,-1.8203,0.37285,0.86762,1.7205,0.41505,-1.7439,-0.60877,-0.11333,-0.43677,-0.33264,0.20856
0.83367,0.12244,-4.0009,-1.0141,2.6277,0.5189,-0.4934,-1.0781,-3.0775,-0.043535,-1.7844,0.68116,1.7619,-1.5834,-0.8114,-0.28749
1.2081,2.5645,0.26999,3.8938,-0.32281,2.4749,1.4393,0.4131,2.1126,0.73783,0.69751,-0.017722,-0.53166,-1.5722,0.08363,-1.1222
0.80196,-0.03363,-1.9014,-0.94357,3.7686,-1.6441,1.015,-0.19526,1.1512,0.34107,-0.95998,-0.10507,0.030442,-0.39521,-0.25025,0.068643
2.9526,-0.70796,2.9122,1.1451,1.4871,0.15976,-0.060761,0.16465,-0.84899,0.39492,-0.23525,-0.30476,-0.28416,0.032554,-0.19444,0.039476
-4.8536,-2.3765,-0.87614,1.019,-2.8414,-1.1424,1.5513,3.2121,-0.09426,-0.53495,-0.10061,2.162,-0.22144,-1.0086,0.31992,0.33039
-0.78649,1.361,-0.33407,-0.31735,-0.63441,-0.53145,1.1906,0.57011,0.53992,0.12126,-1.4298,1.0394,-0.34858,-1.1064,1.3213,-1.0254
0.66811,-0.41849,1.8047,-4.3586,0.62636,0.7854,0.046453,0.39586,0.10424,0.42627,-0.93689,-0.3215,-0.022278,-0.32899,-0.11721,0.036782
3.1309,-0.25962,-0.1486,-1.4403,-2.838,-1.8352,0.021327,-0.55352,-0.13127,0.49433,0.0098201,-0.3394,0.038912,-0.76696,-0.061064,0.34093
2.5272,-0.033774,-4.1417,0.061285,1.8518,0.25326,0.66121,-0.31078,-3.2674,0.30439,-0.53595,-0.41049,-0.93688,-0.51503,0.98447,0.26708
-5.132,-1.968,-0.72297,1.1631,-2.6181,-1.0033,-0.223,1.7477,0.62707,-1.8247,0.60214,2.1004,-1.7048,-1.4511,0.56322,0.37821
2.6353,0.18208,-3.1044,0.30402,0.59293,-3.1212,1.1956,0.58379,1.3574,-1.4133,0.63135,-0.79704,0.17827,-0.85855,-0.66939,0.30284
2.9345,-0.51104,2.6015,1.3878,1.4125,0.7996,-0.41033,0.39942,-0.29715,1.1137,0.089845,-0.27767,-0.17515,-0.054195,-0.28981,-0.0031616
1.3935,0.12358,-2.2343,-0.24,2.8273,-2.3983,0.78275,0.92699,0.96995,-0.58151,-0.22508,-0.45348,0.63148,-0.71475,-0.54472,0.18155
3.1857,-0.30155,0.00037153,-1.1727,-2.7173,-1.7849,-0.10708,-0.49422,-0.086843,0.23054,0.063617,-0.40306,0.055409,-0.70257,-0.24831,0.21593
-0.24086,1.5549,-1.1831,-1.8754,-1.0951,-0.64353,-0.48598,0.77499,1.8566,-1.0322,-2.8363,2.1916,0.66853,2.9306,0.19074,-1.9614
-0.33275,0.19342,-2.0829,-2.4023,3.4812,-1.8203,0.37285,0.86762,1.7205,0.41505,-1.7439,-0.60877,-0.11333,-0.43677,-0.33264,0.20856
0.34106,0.16338,-1.6964,-1.071,3.4877,-1.8884,0.34974,1.5173,1.4723,-0.31147,-1.1666,-0.79269,0.082177,-0.54013,-0.43652,0.11577
1.5838,-0.079811,-1.628,0.19968,3.2759,-1.6961,1.1476,0.13838,1.5638,-0.58789,-0.70685,-0.37827,-0.21099,-0.3853,-0.38126,0.31805
2.5636,0.0085754,-4.3,-0.016233,1.3743,0.12796,0.59762,-0.30773,-2.9169,-0.022812,-0.668,-0.46844,-0.82197,-0.66132,0.73783,0.37485
1.1539,-0.31905,1.3011,-2.3114,-0.25964,-0.53901,-0.90245,0.33526,0.44027,0.86044,-1.9186,-0.092731,0.085532,-0.4966,0.46659,-0.039443
3.2859,-0.26025,-0.45204,-1.496,-3.1279,-1.4485,-0.0068409,-0.62105,-0.011992,-0.097668,-0.18944,-0.17656,-0.16368,1.4348,-0.41806,-0.32008
0.48103,-0.18718,1.6278,-2.7648,0.48082,-0.3745,-1.0903,0.57013,0.17174,1.4111,-2.0558,-0.48001,-0.069958,-0.33444,-0.24544,0.12973
0.98461,-0.29867,1.3272,-2.5089,-0.10889,-0.59993,-0.96014,0.42251,0.26325,1.0936,-1.8188,-0.32693,0.016758,-0.48054,0.043534,0.062521
1.984,1.2845,2.1576,1.6887,-1.4363,0.16418,0.084929,0.041143,0.94419,-0.80497,-0.49517,-0.53973,1.1823,0.61947,-1.1085,1.3282
0.8703,-0.51528,2.1453,-5.4849,0.82013,1.8927,1.1059,0.40715,-0.0032331,-0.75299,0.32792,-0.24768,0.052702,-0.28683,-0.094351,-0.095512
3.1179,-0.58145,2.2272,0.91767,-0.45044,-0.4533,-0.40232,0.19335,0.53345,-0.81928,-0.82952,-0.54098,0.14911,-0.57259,-1.1738,0.45508
1.2598,-0.31472,1.2049,-2.297,-0.30102,-0.66625,-0.83624,0.29942,0.15993,1.0311,-1.6125,-0.28472,-0.0019434,-0.36536,0.15438,-0.0095123
0.51588,-0.04446,-1.8138,0.14712,2.9281,-1.8787,-0.67438,-0.79129,2.1787,-1.7779,0.074762,-1.3169,-0.32521,-0.32578,0.23809,0.45107
3.2343,0.097103,-5.3518,0.3413,-0.35903,0.91637,0.17824,-0.20828,-0.74769,-0.42528,-0.58502,-0.19265,-0.1785,-1.1339,0.68401,0.42257
3.1538,-0.30998,-0.10758,-1.5735,-2.812,-1.6955,0.061664,-0.71274,-0.058941,0.26086,0.12586,-0.3418,-0.005587,-0.67,-0.21676,0.30724
1.7947,-0.16845,-5.2195,0.56462,0.33577,2.6346,-0.91642,1.0873,0.67259,0.098628,-1.017,2.6281,0.1284,-0.37996,1.6234,0.27641
3.1863,-0.28618,1.9209,1.3731,0.12883,1.3137,-0.68442,0.56102,1.1244,0.83708,0.35667,-0.40793,0.16957,-0.49548,-0.96095,0.19955
-2.6532,-2.5131,-0.99096,1.4424,-2.9295,-0.37058,3.3079,-1.168,0.86309,-0.075418,-0.54857,0.92095,-1.104,-0.9997,-0.64106,0.66432
1.0897,-0.42775,1.6701,-2.1788,0.6206,-0.30601,-0.72386,0.027923,-0.080074,1.4929,-1.671,-0.24506,-0.24675,-0.18657,-0.034764,0.098013
1.5468,-0.65662,2.1939,-4.652,0.95515,1.9211,1.5044,-0.28343,-0.30819,-0.55268,0.7002,-0.012586,-0.17502,-0.11144,0.16205,-0.095653
3.1864,-0.30158,0.00075345,-1.173,-2.7182,-1.7847,-0.10626,-0.49159,-0.085024,0.23077,0.063129,-0.40535,0.05066,-0.70066,-0.24586,0.21818
3.3253,-0.56333,2.0641,1.0557,-0.81455,-0.49743,-0.37867,0.16005,0.6963,-1.1176,-0.86769,-0.40474,0.26228,-0.50868,-0.90751,0.32221
1.0974,-0.40124,1.8232,-5.2745,-0.22702,1.6488,0.99434,0.34752,0.83759,-1.5195,-0.099674,-0.033978,0.43376,-0.64538,0.17245,0.011306
0.52997,-0.60043,1.9931,-5.1152,0.65509,1.4531,0.70439,0.58758,0.04437,-0.26076,-0.22262,-0.27379,0.084274,-0.3474,-0.13106,0.0559
2.7635,-0.71495,2.881,1.0306,1.502,0.052272,-0.2767,0.36734,-0.79861,0.49469,-0.44502,-0.34471,-0.27571,-0.0096589,-0.22673,0.024899
-1.3269,0.33519,-0.19725,-2.3043,1.3811,-0.59736,-1.9033,-0.59763,0.60672,0.1335,-1.1163,-0.36382,-2.1121,-0.96204,-0.27006,-1.753
1.1206,0.8941,1.0777,-2.0067,-1.3448,-0.91553,-1.2441,0.70749,1.252,-0.20282,-1.8435,2.1025,1.2694,0.22904,1.0245,0.70586
-4.972,1.0325,-0.10441,-0.64206,-0.24675,-0.23128,-1.1059,-0.81866,0.60268,-0.4459,0.023611,0.47824,-1.6874,-0.66658,0.7582,-0.095914
0.56045,-0.10266,1.4918,-2.743,0.41847,-0.63316,-1.3038,0.80985,-0.047391,1.3641,-1.701,0.56005,-0.050176,-0.12221,-0.17398,0.18765
0.37628,-0.29506,1.3708,-3.2522,0.34936,-0.43998,-1.0613,0.30368,0.23801,1.6509,-2.1788,-0.38212,-0.12491,-0.32301,-0.14004,0.11784
2.5312,-0.48269,1.2261,-0.99662,-0.93166,-0.48233,-0.17413,-0.99472,0.84544,0.20214,-1.5231,0.5072,-0.075552,-0.51495,0.54921,0.22458
-1.5049,0.20048,-0.65469,-2.0919,0.4611,-1.0525,-2.2015,-0.33011,0.63159,-0.38203,-0.63366,-1.2348,-1.0118,-0.83002,0.5693,-1.856
-0.29344,0.78378,-2.437,-2.3357,3.0041,-2.2641,0.3804,1.2477,1.1885,0.50746,-0.99762,-0.40084,0.55364,-0.016659,0.068526,0.2987
0.13409,0.26974,1.8748,-5.1923,-0.12855,1.6369,-0.76099,-0.61523,1.0254,-2.468,0.99698,0.0062917,-1.0606,-0.92978,0.4327,0.10102
2.8574,-0.73959,2.9196,1.0129,1.5163,0.13368,-0.15431,0.28111,-0.83977,0.43389,-0.3218,-0.32203,-0.31019,0.027744,-0.27016,0.11848
2.3005,0.088584,-1.5024,-0.157,-1.6376,-1.7034,0.98077,-0.52469,0.018707,-0.2293,-0.059722,-0.25225,-0.44005,-1.0428,0.13353,-1.9416
3.0103,0.16676,-5.1069,0.0046806,-0.63506,-0.065795,0.4232,-0.34293,-1.5139,-1.6215,-1.4166,-0.35705,-0.49706,0.26527,0.24489,0.19394
-0.52484,1.4248,-0.61138,-2.0677,-0.46101,-0.96525,-0.42408,0.68431,1.7413,-0.40588,-2.4222,1.9312,0.81494,-0.226,0.46465,-1.0598
3.3345,-0.34462,0.079635,-0.94487,-2.5182,-1.6499,-2.3616e-05,-0.58357,-0.19764,0.27038,0.089161,-0.20825,0.021977,-0.60033,0.27507,0.044679
3.3725,-0.35821,0.11228,-0.88342,-2.4522,-1.6184,0.032602,-0.60901,-0.23048,0.29336,0.10532,-0.16,0.012866,-0.62751,0.42901,0.014627
2.9877,-0.0079344,2.1339,0.95216,-0.97787,-0.52291,-0.35365,0.17163,0.80837,-1.0737,-0.86381,-0.65734,0.43501,-0.51873,-1.3054,0.72614
1.4151,-0.35676,1.2359,-2.1198,-0.010015,-0.70074,-0.68288,0.22245,-0.36663,1.4009,-1.1737,-0.29819,-0.15611,-0.23494,0.23078,-0.061103
0.14839,0.18862,-3.6276,-2.1392,2.3235,0.84536,-0.56656,0.59879,-1.2948,-0.061833,-3.1834,-0.74299,-0.51041,-0.90364,-0.13287,0.68089
1.3941,-0.43677,1.7269,-1.0333,0.8821,-0.23921,-1.8652,-1.9599,-0.25654,0.57363,0.09317,0.23352,-2.0257,-0.21452,0.57877,0.14345
1.1305,-0.24871,1.1223,-2.4368,-0.88742,-0.56993,-1.056,0.39412,1.124,0.25979,-2.3803,-0.024374,0.26606,-0.47488,0.32815,-0.0065817
-0.9379,0.84964,0.92102,0.36175,-2.8749,-0.37811,-0.041746,-3.0647,0.64633,-0.34301,0.58287,-0.73978,0.016187,-0.49414,0.32781,2.1619
2.6578,0.12606,-4.796,-0.30499,0.021712,-0.2089,0.44652,-0.36298,-1.9418,-0.88002,-1.0611,-0.60278,-0.55008,-0.95495,0.098465,0.64861
3.3564,-0.73329,2.461,1.5464,0.75906,0.45603,-0.28729,0.14431,0.038026,0.24456,-0.27148,-0.0608,-0.0049175,-0.1837,0.063636,-0.088489
-0.11248,0.35216,-3.7892,-1.6967,2.3887,0.60441,-2.1429,-0.56849,-1.5935,-0.88318,-1.4518,-0.55221,-2.1139,-1.0612,0.30969,0.65779
3.101,-0.23563,0.036705,-1.1652,-2.5215,-1.6875,-0.22,-0.28541,-0.17489,0.23232,-0.0091554,0.038988,0.029073,-0.29282,0.13807,0.024023
1.6442,-0.58088,1.9253,-3.3714,0.81981,0.95251,0.84852,-0.37637,-0.44355,0.67722,-0.22296,0.019534,-0.28125,-0.17839,0.36393,0.16084
0.88956,0.84996,-3.8662,-0.25609,1.2872,0.96654,-1.739,-0.98735,-0.54353,-2.4411,-1.9075,0.57472,-1.6878,-0.84752,2.345,0.16871
3.2589,-0.27853,-0.16778,-1.1257,-2.8734,-1.6597,-0.13646,-0.45161,-0.059773,0.049494,-0.09271,-0.31641,-0.026299,0.33398,-0.32587,-0.096328
0.5817,-0.26034,1.2968,-3.0373,-0.10129,-0.49925,-1.0854,0.35352,0.62105,1.1526,-2.3057,-0.28929,0.058032,-0.53481,0.027583,0.11954
-0.50172,2.3951,0.88824,2.0018,0.87834,0.57554,1.0108,1.8273,-0.19193,0.69022,0.16935,-0.033198,-0.47793,-0.72588,-0.42688,-0.90477
3.1847,-0.30432,0.011206,-1.1682,-2.6886,-1.7766,-0.1014,-0.48935,-0.10569,0.25185,0.071117,-0.40384,0.038799,-0.68972,-0.22799,0.21279
1.8586,0.1673,0.34294,-2.2685,-2.0743,-1.5057,-1.0557,0.22716,0.78755,0.088021,-1.1511,1.9231,0.12134,-0.42182,0.24876,0.51224
3.1711,-0.11682,-0.23401,-1.4358,-2.9678,-1.5934,0.027845,-0.7228,-0.058312,0.18573,-0.073854,-0.28063,-0.099251,0.26864,-0.2586,0.091618
0.27766,-0.59676,1.7874,-4.5028,0.49666,0.80271,0.10851,0.71115,0.092615,0.46311,-0.98692,-0.31394,0.081222,-0.41267,-0.13087,0.20388
0.33209,0.48085,1.7042,-2.5554,0.43932,-0.34576,-0.92434,0.46516,0.17742,1.4333,-1.8707,-0.28165,0.92963,0.41813,0.077933,0.54628
1.6651,0.087541,0.078515,-2.7232,-2.3744,-1.6855,-1.067,1.2122,0.30158,0.15268,-0.933,0.2182,0.54258,-1.0327,0.94102,-0.11757
1.5782,-0.35352,1.5906,-5.0998,-0.97229,1.5204,1.0822,0.19437,1.28,-2.2265,0.027995,0.49393,0.47702,-0.83909,0.23078,0.10024
-4.2916,6.0396,0.14529,0.16968,-0.34888,-0.82905,-1.5424,0.017657,-1.3166,-0.34123,1.5397,-0.59314,1.2041,-0.41939,0.21919,-0.63595
-0.97059,0.51504,-3.0669,-2.4586,2.5911,-2.9866,-1.6508,0.81337,0.66841,-0.27751,0.88197,-1.3015,-0.57333,-0.324,0.87161,-0.11284
2.3739,-0.33013,0.91734,-1.3786,-1.6022,-0.87888,-0.41586,-0.73539,1.0698,-0.032849,-1.4471,0.371,0.0088443,-0.60078,-0.40075,0.54161
2.1551,-0.067407,0.52858,-1.7284,-1.9045,-1.2017,-0.82544,0.19958,0.70446,-0.086106,-1.2421,0.92162,0.17657,-0.16607,0.3639,0.09478
3.2878,-0.69852,0.57455,0.10453,-0.2693,1.9173,-0.52408,-0.92038,1.7835,2.6606,0.29373,0.5947,-0.039572,-0.43475,0.64647,-0.15591
0.30006,-0.85602,1.4497,-2.5847,0.28358,-0.33688,-0.69062,0.1036,0.03865,1.6842,-1.9166,-0.19145,-0.18799,-0.18822,-0.091075,0.3083
2.744,-0.11997,2.989,1.3867,1.4349,0.19447,0.035674,0.056814,-0.90661,0.56735,-0.28273,-0.39823,-0.39523,0.0059032,-0.16136,0.10489
-0.69786,0.16192,-0.1923,-2.4542,1.1511,-0.53399,-0.16463,0.53186,0.52511,1.0254,-2.3502,-0.53771,-0.55678,-0.75695,-0.52044,-1.8196
3.1887,-0.29982,-0.0055952,-1.1765,-2.7395,-1.7899,-0.10807,-0.48875,-0.068205,0.21707,0.057018,-0.41026,0.050508,-0.7051,-0.25399,0.22442
3.144,-0.56572,2.16,0.99603,-0.37324,-0.18655,-0.46363,0.25171,0.66227,-0.55715,-0.68185,-0.51142,0.18318,-0.57259,-1.1649,0.42091
0.37948,-0.28879,1.4386,-3.1584,0.38701,-0.4335,-1.1001,0.43809,0.23244,1.5789,-2.1716,-0.41767,-0.091492,-0.344,-0.17254,0.11497
2.933,-0.54555,0.9481,-0.83251,-1.5481,-0.72161,0.064353,-1.4213,0.8838,0.071921,-1.1913,-0.0080754,-0.1614,-0.44359,-0.40191,0.47218
1.4802,0.1524,-2.0847,-0.18848,1.9446,-2.0841,0.74207,0.555,2.6054,-1.599,-1.2092,-0.16296,0.21939,-0.85299,-0.58958,0.50622
3.1364,-0.55915,2.1421,0.88037,-0.68152,-0.52306,-0.43627,0.1956,0.67895,-0.97088,-0.87539,-0.56289,0.22187,-0.6483,-1.2918,0.49545
-0.098124,0.64882,1.5703,-2.8706,0.18946,-0.31712,-0.83157,0.28166,0.22922,1.6384,-2.0412,-0.42615,0.71671,0.30886,-0.010059,0.69887
-0.87377,0.63864,-2.9953,-2.4864,2.6471,-2.984,-1.4996,1.1046,0.68783,-0.19581,0.69634,-0.54385,-0.62276,-0.29643,0.69975,0.021457
3.2949,-0.32068,0.0027082,-1.0265,-2.6495,-1.6757,-0.050665,-0.53412,-0.13586,0.20168,0.036293,-0.26883,0.012101,-0.38542,0.042945,0.039492
1.3038,-0.14653,1.0055,-2.3599,-1.3086,-0.79431,-1.1046,0.39586,1.3541,-0.035641,-2.2695,0.35092,0.37845,-0.91185,0.3701,0.20062
2.851,0.1067,-4.7927,-0.0050626,0.074007,-0.030766,0.49364,-0.34569,-1.9845,-1.0464,-1.1276,-0.40998,-0.58505,-0.31816,0.45231,0.33261
-0.54713,0.1681,-0.083472,-2.1206,1.2008,-0.55438,-0.17821,0.72254,0.40509,0.88381,-2.1685,-0.56649,-0.50647,-0.74955,-0.54545,-1.8453
3.3653,-0.35605,0.10738,-0.89365,-2.4616,-1.6244,0.02667,-0.60719,-0.22664,0.29023,0.10383,-0.16655,0.018705,-0.62988,0.40179,0.019082
-2.3644,4.1712,0.12027,-0.80982,-0.77517,0.13564,1.8415,-0.18687,0.70378,0.94,-2.0317,-0.50906,-0.99037,-1.4533,0.11652,-0.28195
3.3309,-0.75429,1.9257,1.7511,1.2956,2.1813,-0.96786,0.80428,0.84685,2.305,0.98856,-0.16013,0.044785,-0.19119,-0.43222,-0.20085
1.2389,-0.22313,0.93527,-2.5987,-1.2954,-0.6955,-0.96516,0.035067,1.4497,0.1601,-2.4562,0.14374,0.31549,-0.94237,0.42974,0.18851
2.1011,0.1371,-1.5801,-0.44231,-1.8056,-1.8554,0.86279,-0.39353,0.092262,-0.21725,-0.069426,-0.51683,-0.47278,-1.1155,-0.54329,-1.9029
3.2155,0.54828,2.091,1.5672,-0.99449,-0.17818,-0.089606,0.030518,0.48108,-1.0083,-0.6438,-0.34631,0.20962,-0.12068,-0.3543,0.23843
-1.2225,0.21355,-2.2467,-2.4601,3.57,-1.9113,-1.2302,-0.43129,1.8452,-0.24986,-0.64967,-1.1535,-0.83574,-0.29024,0.35962,0.26852
2.1621,-0.083513,0.59851,-1.6972,-1.8149,-1.2147,-0.79417,0.16793,0.67419,-0.020525,-1.187,0.93316,0.19573,-0.47868,0.49551,0.16074
3.1855,-0.30342,0.0078457,-1.1699,-2.6988,-1.7792,-0.10273,-0.48923,-0.098193,0.2449,0.068297,-0.40513,0.041141,-0.6928,-0.23319,0.21511
1.2922,-0.29176,1.1441,-2.2898,-0.58767,-0.64553,-0.88818,0.28466,0.52905,0.69629,-1.8701,-0.17127,0.12471,-0.437,0.27526,-0.028508
-4.1704,5.4981,1.0598,0.2696,0.41341,0.2456,-0.80616,-0.28774,0.24065,-0.33486,-0.11622,-1.8521,-0.6658,-0.34214,0.25455,-0.0012502
2.9566,-0.228,2.4511,0.96966,-0.076122,-0.19931,-0.19419,0.14285,0.24204,-0.61794,-0.61096,-0.5217,0.20773,-0.313,-0.92723,0.4944
2.1487,-0.18354,0.71224,-1.8013,-1.7271,-1.0184,-0.57764,-0.6322,1.0771,0.086076,-1.4776,0.94924,-0.0024257,-0.51668,-0.17903,0.56877
2.0739,-1.5012,2.829,1.4057,1.2011,0.11951,0.050903,0.41032,-0.8737,0.47517,-0.22609,-0.11015,-0.28908,0.081919,-0.15425,0.32974
3.2782,0.17651,-6.0203,0.39192,-0.86938,1.8825,-0.42365,0.28557,0.24227,0.24568,-0.039086,-0.33226,0.0070756,-0.73106,-0.22048,0.23597
0.12176,5.1807,1.325,3.945,-0.84287,0.68675,2.7242,-0.4898,0.44003,-1.2171,-0.47012,-0.29968,0.13585,0.15628,0.58827,-0.27057
0.46307,-0.1942,1.3161,-2.1475,0.43125,-0.76127,-2.5573,-0.64386,-0.39434,0.65849,0.032729,-0.11605,-1.7105,-0.42447,0.3573,0.045775
2.3878,0.18094,-5.1009,-0.28942,-0.043031,-0.41194,0.014966,-1.4876,-2.3802,-1.2824,-0.97595,0.34023,1.661,-1.9358,-1.1252,0.10254
-2.259,3.7621,-0.15403,-0.34934,-1.1163,-0.14001,0.1378,-1.6719,1.2118,-0.53713,-0.71597,-0.07918,-2.3329,-1.6894,0.27966,-0.14489
-0.64399,-0.42237,-0.23793,-1.5828,0.9007,-0.61501,0.22123,0.57422,0.029641,1.0054,-1.6834,-0.38893,-0.57259,-0.63171,-0.43011,-1.7532
1.3072,0.56789,-4.6058,-1.2979,0.036346,0.38514,-0.7308,0.72948,-0.16472,-2.0921,-3.2579,1.0179,-0.20823,0.63178,-0.049996,0.52462
3.8296,-0.23587,0.34788,0.9053,-2.5798,-0.65915,-0.9444,1.5121,0.4282,-0.85057,0.45199,-0.67889,0.39023,1.5746,-1.2551,-0.65778
0.91987,-0.3287,1.4359,-2.4993,0.34518,-0.55863,-0.90873,0.44347,-0.21385,1.5173,-1.5535,-0.3796,-0.13153,-0.27177,-0.0054888,0.012089
3.2901,-0.24548,-0.53625,-1.331,-3.1724,-1.5308,-0.11858,-0.61548,0.00020168,-0.019318,-0.34064,-0.15332,-0.18105,1.6725,-0.38263,-0.47621
1.2194,-0.36025,1.341,-2.2352,0.28362,-0.6436,-0.74932,0.25419,-0.50612,1.5847,-1.1985,-0.31028,-0.11486,-0.24985,0.11505,-0.071047
2.2149,0.18813,-1.8897,-0.40652,-2.2033,-1.7026,0.78373,-0.32279,0.25097,-0.59657,-0.35489,-0.39979,-0.53227,0.44855,-0.72758,-2.1825
-2.0846,4.5537,-0.049762,-0.46373,-1.571,0.073867,1.9822,-0.51121,1.2368,0.32452,-2.1006,-0.32873,-0.77239,-1.5945,0.23792,-0.12028
-0.7532,-0.40024,-0.18299,-1.852,1.0565,-0.42977,0.27189,0.18307,0.31625,1.1111,-2.0428,-0.30759,-0.65573,-0.5949,-0.42566,-1.6851
0.56194,0.29048,-3.8072,-1.7292,1.1358,0.74626,-0.68217,0.65589,-0.07977,-1.4095,-3.7298,-0.38743,-0.040725,-1.4594,0.23512,0.76639
3.0787,-0.6234,2.3844,0.99251,0.0092144,-0.32572,-0.34327,0.17542,0.21388,-0.51568,-0.71926,-0.47918,0.048952,-0.43787,-0.95286,0.35528
-1.5689,0.56839,-0.37309,-2.1118,0.64036,-0.65797,-2.0658,-0.84701,1.2182,-0.50694,-1.2485,-0.86434,-1.2954,-0.92306,0.40784,-1.6893
-3.0292,6.2555,0.25078,-0.024511,-0.85362,-0.78886,0.98861,2.4681,-1.0393,0.79416,0.0068493,0.22971,0.2618,-0.19242,0.083098,-0.031696
0.050305,0.19654,-3.5022,-2.0889,2.4644,0.88503,-0.66773,0.7574,-1.1664,-0.20829,-3.3449,-0.7539,-0.34711,-0.95174,-0.36415,0.78674
1.4455,-0.37774,1.2788,-2.0621,0.18761,-0.70295,-0.62414,0.1977,-0.62813,1.6088,-0.98207,-0.30893,-0.22483,-0.19835,0.25975,-0.079593
1.0724,-0.51809,2.0647,-5.211,0.59385,1.7939,1.1236,0.23118,0.13521,-0.83874,0.25435,-0.17251,0.078856,-0.3401,-0.0048875,-0.06378
3.2848,-0.32316,0.012805,-1.0257,-2.6026,-1.6621,-0.049735,-0.53161,-0.17626,0.23493,0.047002,-0.2652,0.0017163,-0.33745,0.044074,0.022127
1.639,-0.52523,1.6555,-1.6398,0.50901,-0.26782,-0.38406,-0.49358,-0.13991,1.4109,-1.3941,-0.093282,-0.35334,-0.13639,0.10443,0.12341
0.85466,-0.14764,0.22819,-3.4782,-1.2849,2.4508,-2.5756,-0.056164,3.2758,-0.22864,1.1808,0.16905,-0.082656,-1.1998,0.64667,-0.030457
3.2303,0.24862,-6.3215,0.23348,-1.2647,1.9179,-0.56535,0.4255,0.37912,-0.03084,-0.27219,-0.40196,-0.060815,0.54431,-0.83684,-0.017026
2.726,0.19311,-4.9884,-0.35558,-0.71344,-0.41775,0.32483,-0.28047,-1.3782,-1.4488,-1.2465,-0.73376,-0.34673,-1.2902,-0.32581,0.8534
3.192,-0.20266,1.8731,1.7516,0.79953,2.2036,-0.85307,0.72226,1.138,2.0067,0.94939,-0.28937,0.07021,-0.35566,-0.66654,-0.015166
1.343,-0.24232,1.0409,-2.3277,-1.0794,-0.75686,-0.95778,0.28971,1.0236,0.27827,-2.0798,-0.086539,0.27796,-0.8482,0.27301,0.129
1.5492,-0.32691,1.1829,-2.0367,-0.96946,-0.60237,-0.77578,-0.11328,1.1419,0.22606,-2.1107,-0.040575,0.17509,-0.77392,0.068857,0.25271
3.0227,-0.7594,2.7102,1.3409,1.5068,0.48144,-0.30464,0.25223,-0.58144,0.86242,-0.060696,-0.24201,-0.20021,-0.030331,-0.24444,-0.041631
2.5103,-0.034859,-4.1872,-0.018851,1.8344,0.24956,0.68433,-0.38695,-3.2692,0.36665,-0.54849,-0.3858,-0.95715,-0.50494,1.0203,0.26704
3.1539,-0.30874,-0.11656,-1.5371,-2.8272,-1.7496,0.010426,-0.72156,-0.056839,0.33415,0.050086,-0.35097,-0.015363,-0.68096,-0.23002,0.35899
0.39725,0.19076,-2.5586,-1.5418,2.7559,-1.2629,0.20617,1.0958,2.4914,0.3245,-1.0988,-0.29479,0.16473,-0.48765,-0.14697,0.044468
1.432,-0.49652,1.8338,-5.1228,-0.24473,1.7339,1.2335,0.07214,0.76591,-1.6202,0.15984,-0.0077169,0.2813,-0.65019,0.11207,-0.0010346
1.194,0.13595,-0.96977,-0.8969,-0.59082,-1.2429,0.4835,-0.079016,0.25557,0.076159,-0.96057,-0.195,-0.3386,-0.95127,-0.076488,-1.9543
1.8276,0.68129,-4.8359,-0.71747,-0.14837,0.41011,-0.68756,0.77803,-0.61277,-2.2888,-2.8017,1.9603,-0.46366,2.1187,0.36623,0.011447
1.77,-0.27243,-1.7681,0.25185,4.199,-1.4744,1.6459,-1.5784,0.38472,0.5386,-0.10604,0.47147,0.10866,-0.20936,-0.052523,-0.11211
-0.16076,0.84232,-3.0435,-2.6605,2.4223,-3.1383,-0.18224,2.5005,0.43812,0.52724,-0.10305,0.94622,0.045764,-0.18806,0.2649,0.13284
0.25596,-0.32782,1.5638,-3.9795,-0.024393,0.6302,-1.5698,-0.88131,0.85444,-1.1958,0.1062,-0.34416,-0.78769,-0.59283,0.56602,0.18315
3.2926,-0.32501,0.010332,-1.0106,-2.5796,-1.6393,-0.045565,-0.53077,-0.20022,0.24154,0.042633,-0.24834,-0.013121,-0.23365,0.066363,-0.017379
-2.4524,4.8493,0.80866,0.35192,-0.77656,0.27981,1.4022,0.87933,0.97263,-0.22431,-2.0078,-0.81316,-0.72043,-1.6602,-0.32152,-0.30849
0.79008,0.2343,-4.0342,-1.7598,1.1251,0.6069,-0.42953,0.28561,-0.5679,-0.95566,-3.253,-0.3895,-0.27045,-1.2779,0.22088,0.74575
1.0856,-0.32923,1.3322,-2.3602,0.23459,-0.67677,-0.83966,0.44924,-0.42587,1.558,-1.266,-0.26294,-0.16399,-0.21909,0.10086,-0.014776
1.0638,0.46122,1.4391,-1.9813,-0.40664,-0.54646,-0.99876,0.3352,0.79457,0.46919,-1.8615,1.3455,0.77161,0.22166,0.71502,0.53723
1.1277,-0.35155,1.3766,-2.3254,0.29413,-0.61272,-0.79149,0.34296,-0.38914,1.5652,-1.3226,-0.36528,-0.17179,-0.24042,0.099042,-0.027528
0.88094,0.20638,-2.0994,-0.7555,2.5331,-2.2128,0.4485,1.3643,2.1111,-1.137,-1.2658,-0.56562,0.58884,-0.92117,-0.5149,0.41579
2.9133,-0.66593,2.6493,1.0165,0.80814,-0.12802,-0.31207,0.29786,-0.33296,0.024246,-0.56377,-0.37587,-0.13482,-0.2001,-0.53239,0.17785
0.3759,-1.6952,1.6319,-1.3188,0.26594,-0.1371,-0.051165,-0.27083,-0.32663,1.6109,-1.3171,0.11086,-0.30599,0.05798,-0.030871,0.43434
3.2313,-0.052236,1.5443,1.4025,-0.80481,1.1874,-0.90193,0.59441,1.8867,0.49601,0.14885,-0.53358,0.35733,-0.79858,-1.4309,0.41804
1.0435,-0.5078,2.0509,-5.2488,0.55123,1.7834,1.0952,0.26797,0.18291,-0.87553,0.21381,-0.17907,0.10277,-0.3661,-0.004811,-0.063218
3.2668,-0.33845,0.010251,-1.0303,-2.6458,-1.6851,-0.046688,-0.53341,-0.14247,0.21689,0.049606,-0.27667,0.021442,-0.44417,0.027788,0.06591
1.3335,-0.36632,1.3192,-2.1501,0.24615,-0.67043,-0.68274,0.2562,-0.56501,1.61,-1.0868,-0.30879,-0.21848,-0.19797,0.21405,-0.061333
0.082911,0.19665,-3.4603,-2.0117,2.4279,0.89941,-0.67962,0.84073,-1.2062,-0.23377,-3.2748,-0.8246,-0.44901,-0.93743,-0.27755,0.70129
-1.6646,-1.0133,-0.17304,-1.6803,0.76509,-0.46371,0.18217,0.81392,0.31266,0.94057,-2.0778,-0.17633,-0.42242,-0.62153,-0.75952,-1.4748
3.0304,0.16273,-5.1034,0.03197,-0.62241,-0.049254,0.43443,-0.35327,-1.5207,-1.6261,-1.4188,-0.33242,-0.50002,0.29474,0.30239,0.16874
3.0634,-0.31444,2.3344,1.5848,1.3199,1.6463,-0.51181,0.52608,0.25836,1.6522,0.67849,-0.2609,-0.074376,-0.10845,-0.35036,-0.041379
-1.0938,5.0702,-0.096822,1.0938,-2.2758,0.070319,3.091,-2.0677,0.99698,0.07475,-0.85656,-0.37654,-0.312,-0.6007,-0.55512,0.65406
3.3757,-0.64151,2.3167,1.2754,-0.25592,-0.26921,-0.24218,0.039399,0.45119,-0.84695,-0.82138,-0.23128,0.13698,-0.48078,-0.37137,0.20708
-0.24688,0.89466,-1.574,-1.2657,3.608,-1.8549,0.26023,1.7527,1.4623,-0.17173,-1.1905,-0.72935,0.99482,0.093609,-0.36087,0.48358
0.4377,0.25165,-3.7732,-1.8812,1.3188,0.80769,-0.67507,0.59273,-0.1483,-1.2169,-3.7875,-0.45826,-0.12252,-1.4181,0.1819,0.75675
3.184,-0.30655,0.22424,-0.96974,-2.2203,-1.5378,-0.096793,-0.47542,-0.21162,0.32541,-0.023953,0.15116,0.016593,-0.53044,0.52265,0.0091277
-2.1049,-2.1245,-2.0058,1.4345,-3.6457,-0.31513,2.8656,-0.36605,0.66316,0.75142,0.77961,0.7961,-0.66026,-1.2758,-0.52726,0.28116
3.0867,-0.75167,2.5195,1.3704,1.4445,0.95787,-0.45189,0.45366,-0.18646,1.1867,0.23875,-0.22894,-0.16946,-0.058501,-0.28536,-0.070011
0.47315,-0.31436,1.4037,-3.1175,0.38339,-0.42129,-1.009,0.24989,0.19423,1.6402,-2.1116,-0.36019,-0.14514,-0.30347,-0.1155,0.11396
0.0070895,0.50954,-3.0513,-2.6019,2.4017,-2.9296,0.15704,1.9836,0.50295,0.60748,-0.27269,-0.53844,0.067114,-0.46996,0.2159,-0.17231
2.6307,0.17761,-3.088,0.31253,0.64476,-3.1081,1.2014,0.58058,1.318,-1.3787,0.64592,-0.78829,0.1714,-0.84488,-0.64565,0.28964
3.0975,-0.50831,2.2673,0.83804,-0.43986,-0.35611,-0.30933,0.19837,0.52468,-0.90076,-0.73096,-0.54806,0.17792,-0.53975,-1.1577,0.47158
-1.384,0.05884,-2.162,-2.1065,3.6664,-1.8998,-1.2853,-0.58397,1.6475,-0.34133,-0.54093,-1.6561,0.51728,-0.062869,0.46282,0.099673
2.9874,-0.71756,2.6873,1.1929,1.092,0.037186,-0.26165,0.092621,-0.54039,0.26482,-0.37882,-0.25946,-0.015361,-0.19128,-0.51144,0.057598
-0.62924,0.68048,-3.1705,-2.1574,1.7457,-2.9958,-1.7939,0.6026,1.7859,-1.3743,0.38202,-0.1512,-0.48705,-0.67876,1.1903,0.11418
3.75,-0.68445,2.2883,1.6754,-0.29377,-0.22948,-0.063178,-0.032016,0.33485,-0.94312,-0.66149,0.081379,0.18092,-0.61605,0.65494,-0.057565
-0.68189,0.15472,-0.19791,-2.5123,1.1517,-0.49228,-0.1066,0.48066,0.51325,1.0027,-2.2954,-0.51674,-0.55663,-0.75132,-0.51066,-1.8265
0.17181,0.33448,-1.182,-1.9534,-0.89799,-0.40386,-0.22902,0.40242,1.8233,-0.86405,-3.2175,0.32462,-0.36768,1.7882,-0.15724,-2.7032
1.0147,-0.4975,2.0371,-5.2865,0.50861,1.7729,1.0668,0.30481,0.23059,-0.9123,0.17327,-0.18562,0.1267,-0.39212,-0.004709,-0.062627
1.8563,0.16707,0.33631,-2.2755,-2.0761,-1.5043,-1.0504,0.21541,0.78673,0.089423,-1.143,1.9171,0.11758,-0.41694,0.2521,0.50072
0.33456,-0.26459,1.3847,-3.2654,0.35126,-0.43695,-1.0826,0.35533,0.25388,1.6353,-2.202,-0.4161,-0.071497,-0.31683,-0.1364,0.12385
-2.1027,1.6096,2.1491,-1.5318,1.0037,-0.5451,-4.6328,-0.74223,-0.23812,-0.74358,0.43463,1.6464,1.4374,0.29062,-0.38166,0.49632
-2.6953,2.175,0.25191,-0.42954,0.039533,0.23175,2.0013,-0.185,-0.015184,1.4616,-1.5424,-0.25765,-1.316,-0.9509,-0.18578,-0.48555
1.6686,-0.76204,2.1029,0.071787,-0.86537,-0.53138,-1.065,1.4731,1.1121,-1.1724,-1.6533,-0.22123,0.62532,-0.89746,-0.76481,0.4445
-1.1846,0.73143,-2.741,-2.353,2.9291,-2.6714,-1.7312,0.44714,1.0437,-0.42754,0.59061,-0.91147,-0.5593,-0.1252,0.72206,0.16873
2.8703,-0.7354,2.883,1.1395,1.4999,0.061193,-0.20716,0.25821,-0.8317,0.49621,-0.37681,-0.31219,-0.30072,0.010663,-0.21379,0.030957
0.61976,0.2368,-3.8644,-1.7481,1.2788,0.69435,-0.57457,0.52966,-0.32516,-1.1704,-3.5579,-0.48473,-0.071924,-1.3895,0.061535,0.82664
3.1562,-0.31086,-0.10495,-1.5854,-2.8209,-1.7078,0.04989,-0.71587,-0.059047,0.28587,0.099309,-0.35113,-0.010506,-0.68212,-0.22667,0.34664
3.0218,-0.23622,0.12271,-1.1968,-2.4472,-1.6297,-0.25002,-0.33734,-0.039179,0.1994,-0.13887,0.103,0.040092,-0.37864,0.038804,0.11317
-1.0208,5.764,0.79671,-0.72923,-3.597,0.016125,0.68886,-0.071573,0.88167,-0.077545,-1.5212,1.9438,0.38415,3.0659,0.50868,1.5619
2.7142,-0.32403,0.39711,-1.3326,-1.9431,-1.3506,-0.27847,-0.2994,0.020769,0.38196,-0.49154,-0.098473,0.045733,-0.50676,0.30693,0.024891
2.6274,0.17308,-3.0708,0.32057,0.69472,-3.0946,1.2089,0.58259,1.2824,-1.3437,0.65955,-0.78421,0.15486,-0.82779,-0.61739,0.27959
0.91847,-0.20073,0.84494,-2.9033,-0.97709,-0.44399,-1.0803,0.1913,1.1898,0.42176,-2.6918,0.16015,0.11934,0.48937,0.25252,-0.21805
3.1548,-0.54341,2.0835,0.85281,-0.84883,-0.57309,-0.45396,0.2178,0.78659,-1.0722,-0.90525,-0.59465,0.23937,-0.68922,-1.3557,0.53068
1.4339,0.05896,0.71967,-2.693,-1.642,-0.95809,-1.0284,0.35887,1.2003,-0.16711,-1.6923,1.4505,0.27043,-0.63703,0.40298,0.37233
2.6045,-0.073727,0.52368,-1.256,-1.8254,-1.3459,-0.60053,0.035049,0.25336,0.076223,-0.62133,1.429,0.093529,-0.41461,0.94262,0.11179
0.015172,-0.31265,0.72963,-2.5429,-1.2162,-1.0395,-2.7192,-0.43479,1.0343,-0.38574,-0.96451,-1.1358,0.38409,-0.5441,1.4092,0.086411
0.37631,0.12796,-1.7359,-0.94759,3.7796,-2.0001,0.39839,1.4668,1.1484,-0.17308,-0.96767,-0.63277,0.44304,-0.52041,-0.77475,0.28156
-0.070166,0.208,-3.461,-2.2017,2.4823,0.92161,-0.72729,0.85086,-1.032,-0.23465,-3.4972,-0.80773,-0.38423,-0.95202,-0.40414,0.8312
0.64561,1.1328,1.4972,2.6743,1.6631,0.32601,1.8254,0.25352,-0.77615,0.18338,-0.23534,-0.29631,-1.2327,-0.73854,-0.34438,-1.0855
-0.7139,0.16091,-0.19227,-2.4714,1.1516,-0.53153,-0.172,0.54432,0.53276,1.025,-2.3664,-0.56151,-0.5499,-0.76661,-0.51612,-1.8266
1.4352,-0.37979,1.2877,-2.0615,0.22514,-0.69679,-0.62563,0.18976,-0.66166,1.6339,-0.97023,-0.30032,-0.21412,-0.19318,0.25499,-0.090684
1.1961,-0.39145,1.3141,-2.21,0.21483,-0.68199,-0.73394,0.34562,-0.5234,1.5889,-1.1324,-0.24224,-0.19773,-0.1879,0.16037,-0.022271
3.0126,-0.53067,2.5566,0.98455,0.38739,-0.12266,-0.18901,0.17397,-0.069321,-0.33705,-0.51319,-0.44752,0.0027958,-0.2704,-0.73464,0.30702
-0.54198,0.39649,-0.85151,-2.1254,0.98129,0.79622,-0.83728,1.0777,1.6735,2.1839,-1.382,0.18609,-0.18772,-0.67174,-0.64068,-1.8188
-0.55212,0.15949,-0.29623,-2.4034,0.90566,-0.55954,-0.094829,0.3576,0.6947,0.87916,-2.3917,-0.42094,-0.52761,-0.82851,-0.37856,-1.8099
-2.8524,-3.577,-1.2105,1.5011,-2.9726,-0.39794,2.6101,-1.2488,0.91759,-0.51932,-0.43794,1.0089,-1.1575,-0.10174,-0.87873,0.32216
2.9029,-0.95771,2.2033,1.3799,0.31657,0.52932,-0.4337,0.39996,0.39174,0.39661,-0.089511,-0.27734,0.072249,-0.31005,-0.74177,0.25386
3.2913,-0.26565,-0.25596,-1.1077,-2.9553,-1.5979,-0.15484,-0.42802,-0.046747,-0.042298,-0.1729,-0.276,-0.066391,0.86827,-0.3814,-0.25486
3.211,-0.3829,0.203,-2.9088,-2.6253,-0.58643,0.99179,-0.52368,-0.086013,-0.84509,1.1415,-0.32024,0.14339,-0.73137,-0.18646,0.15527
2.9259,-0.0050365,2.4082,1.3252,0.5121,0.73916,-0.28106,0.28792,0.26829,0.48568,0.027205,-0.44599,0.017526,-0.27667,-0.6749,0.25021
0.53942,-0.58173,1.8678,-4.604,0.60424,1.0467,0.314,0.44278,0.089366,0.15519,-0.66048,-0.28392,0.013962,-0.31158,-0.1627,0.057265
1.5898,0.76573,3.154,1.9917,0.83764,0.49096,1.022,0.17553,-1.0856,0.70186,0.022612,-0.1305,-0.74196,-0.31719,0.020047,0.9673
-0.91413,0.65748,-2.2327,-1.3868,3.1295,-2.6637,-1.572,1.6468,0.86966,-0.82464,0.58261,-1.1782,0.36784,0.048712,0.48097,0.14596
1.2061,-0.4423,1.8349,-4.6721,0.13327,1.3538,0.8151,0.098603,0.43523,-0.73886,-0.22577,-0.10822,0.13125,-0.48182,0.070561,0.021664
1.2984,-0.2283,1.0398,-2.3728,-1.2221,-0.72079,-1.0165,0.30633,1.3143,0.065944,-2.3163,-0.037881,0.36684,-0.96506,0.35499,0.13968
0.023331,0.17866,-1.6028,-1.3171,3.8443,-1.8777,0.21546,1.7464,1.5821,-0.25281,-1.4636,-0.87606,0.32273,-0.53739,-0.90044,0.40703
-3.5362,-1.3869,-1.1256,-0.17419,-2.3672,0.13519,1.7957,0.82953,1.3335,-0.60287,-2.3288,1.0667,-0.85217,1.7314,0.18133,-0.88267
-0.095456,0.65948,-2.9632,-2.6143,2.4929,-2.9473,0.067954,2.2182,0.52066,0.62778,-0.31369,0.13946,0.068231,-0.38942,0.25336,0.072295
2.4485,0.17993,-3.6715,-0.64417,0.2742,-3.195,1.4481,-0.29787,1.4233,-0.77216,0.45322,-0.52561,-0.029616,-0.77713,-0.3139,0.32937
-4.2811,5.4684,1.1398,0.42046,0.5719,0.39645,-0.44791,-0.7162,0.071844,-0.1356,-0.4133,-1.8304,1.1355,-0.13686,0.068909,-0.15787
0.66796,-1.0721,0.63757,-1.5388,0.089117,1.8313,-1.4186,0.84474,1.671,3.2851,-0.40667,0.066422,0.23472,-0.34359,-0.46836,0.11844
0.28471,0.27763,-3.9119,-1.8545,1.9279,1.3044,-0.78811,0.94196,-0.93443,-0.90072,-3.8787,-0.45163,-0.59609,1.9105,-0.33091,-0.19206
